ticker,cik,status,row_count,output_path,error_type,error_message,started_at,finished_at,elapsed_seconds
A,0001090872,skipped,,data\facts\0001090872.parquet,,,2026-07-20T13:51:52,2026-07-20T13:51:52,0.0
AA,0001675149,skipped,,data\facts\0001675149.parquet,,,2026-07-20T13:51:52,2026-07-20T13:51:52,0.0
AAAU,0001708646,skipped,,data\facts\0001708646.parquet,,,2026-07-20T13:51:52,2026-07-20T13:51:52,0.0
AAC,0002128115,skipped,,data\facts\0002128115.parquet,,,2026-07-20T13:51:52,2026-07-20T13:51:52,0.0
AACB,0002034334,skipped,,data\facts\0002034334.parquet,,,2026-07-20T13:51:53,2026-07-20T13:51:53,0.0
AACG,0001420529,success,7345.0,data\facts\0001420529.parquet,,,2026-07-20T13:51:53,2026-07-20T13:51:54,0.96
AACI,0002092897,success,114.0,data\facts\0002092897.parquet,,,2026-07-20T13:51:54,2026-07-20T13:51:55,0.77
AACO,0002099906,success,76.0,data\facts\0002099906.parquet,,,2026-07-20T13:51:55,2026-07-20T13:51:56,0.605
AACP,0002102123,success,41.0,data\facts\0002102123.parquet,,,2026-07-20T13:51:56,2026-07-20T13:51:57,0.837
AADX,0002118195,success,10.0,data\facts\0002118195.parquet,,,2026-07-20T13:51:57,2026-07-20T13:51:58,0.674
AAL,0000006201,success,21895.0,data\facts\0000006201.parquet,,,2026-07-20T13:51:58,2026-07-20T13:51:59,0.809
AAME,0000008177,success,18874.0,data\facts\0000008177.parquet,,,2026-07-20T13:51:59,2026-07-20T13:52:00,0.823
AAMI,0001748824,success,7366.0,data\facts\0001748824.parquet,,,2026-07-20T13:52:00,2026-07-20T13:52:01,0.853
AAMTF,0001327899,failed,,,HTTPError,404 Client Error: Not Found for url: https://data.sec.gov/api/xbrl/companyfacts/CIK0001327899.json,2026-07-20T13:52:01,2026-07-20T13:52:02,0.706
AAOI,0001158114,success,21595.0,data\facts\0001158114.parquet,,,2026-07-20T13:52:02,2026-07-20T13:52:03,0.922
AAON,0000824142,success,23342.0,data\facts\0000824142.parquet,,,2026-07-20T13:52:03,2026-07-20T13:52:04,0.977
AAP,0001158449,success,23136.0,data\facts\0001158449.parquet,,,2026-07-20T13:52:04,2026-07-20T13:52:05,0.842
AAPG,0002023311,success,683.0,data\facts\0002023311.parquet,,,2026-07-20T13:52:05,2026-07-20T13:52:06,0.616
AAPI,0001134982,success,7098.0,data\facts\0001134982.parquet,,,2026-07-20T13:52:06,2026-07-20T13:52:07,0.668
AAPL,0000320193,success,24852.0,data\facts\0000320193.parquet,,,2026-07-20T13:52:07,2026-07-20T13:52:08,1.354
AAQL,0001672571,success,4634.0,data\facts\0001672571.parquet,,,2026-07-20T13:52:08,2026-07-20T13:52:10,1.228
AARD,0001774857,success,1101.0,data\facts\0001774857.parquet,,,2026-07-20T13:52:10,2026-07-20T13:52:11,1.103
AASP,0000930245,success,8044.0,data\facts\0000930245.parquet,,,2026-07-20T13:52:11,2026-07-20T13:52:12,1.219
AAT,0001500217,success,23764.0,data\facts\0001500217.parquet,,,2026-07-20T13:52:13,2026-07-20T13:52:14,1.375
AATC,0000943034,success,13017.0,data\facts\0000943034.parquet,,,2026-07-20T13:52:14,2026-07-20T13:52:16,1.347
AAUAF,0001015647,success,1899.0,data\facts\0001015647.parquet,,,2026-07-20T13:52:16,2026-07-20T13:52:17,0.876
AAUC,0001993344,success,328.0,data\facts\0001993344.parquet,,,2026-07-20T13:52:17,2026-07-20T13:52:18,0.981
AAWH,0001756390,success,8686.0,data\facts\0001756390.parquet,,,2026-07-20T13:52:18,2026-07-20T13:52:19,1.199
AB,0000825313,success,11681.0,data\facts\0000825313.parquet,,,2026-07-20T13:52:19,2026-07-20T13:52:21,1.354
ABAT,0001576873,success,8298.0,data\facts\0001576873.parquet,,,2026-07-20T13:52:21,2026-07-20T13:52:22,1.144
ABBV,0001551152,success,20251.0,data\facts\0001551152.parquet,,,2026-07-20T13:52:22,2026-07-20T13:52:24,1.468
ABCB,0000351569,success,30204.0,data\facts\0000351569.parquet,,,2026-07-20T13:52:24,2026-07-20T13:52:26,1.608
ABCFF,0001284237,failed,,,HTTPError,404 Client Error: Not Found for url: https://data.sec.gov/api/xbrl/companyfacts/CIK0001284237.json,2026-07-20T13:52:26,2026-07-20T13:52:27,1.166
ABCL,0001703057,success,5692.0,data\facts\0001703057.parquet,,,2026-07-20T13:52:27,2026-07-20T13:52:28,1.137
ABCP,0000020639,success,10260.0,data\facts\0000020639.parquet,,,2026-07-20T13:52:29,2026-07-20T13:52:30,1.225
ABEO,0000318306,success,12939.0,data\facts\0000318306.parquet,,,2026-07-20T13:52:30,2026-07-20T13:52:31,1.233
ABEV,0001565025,success,5406.0,data\facts\0001565025.parquet,,,2026-07-20T13:52:32,2026-07-20T13:52:33,1.092
ABG,0001144980,success,20860.0,data\facts\0001144980.parquet,,,2026-07-20T13:52:33,2026-07-20T13:52:34,1.662
ABIT,0001095146,success,4877.0,data\facts\0001095146.parquet,,,2026-07-20T13:52:35,2026-07-20T13:52:36,1.175
ABLV,0001957489,success,1627.0,data\facts\0001957489.parquet,,,2026-07-20T13:52:36,2026-07-20T13:52:37,1.021
ABLZF,0001091587,success,11324.0,data\facts\0001091587.parquet,,,2026-07-20T13:52:37,2026-07-20T13:52:39,1.221
ABM,0000771497,success,22854.0,data\facts\0000771497.parquet,,,2026-07-20T13:52:39,2026-07-20T13:52:40,1.378
ABNB,0001559720,success,7604.0,data\facts\0001559720.parquet,,,2026-07-20T13:52:40,2026-07-20T13:52:42,1.182
ABOS,0001576885,success,4772.0,data\facts\0001576885.parquet,,,2026-07-20T13:52:42,2026-07-20T13:52:43,1.121
ABPO,0001893219,success,2991.0,data\facts\0001893219.parquet,,,2026-07-20T13:52:43,2026-07-20T13:52:44,1.094
ABR,0001253986,success,23043.0,data\facts\0001253986.parquet,,,2026-07-20T13:52:45,2026-07-20T13:52:46,1.504
ABSI,0001672688,success,6211.0,data\facts\0001672688.parquet,,,2026-07-20T13:52:46,2026-07-20T13:52:47,1.124
ABT,0000001800,success,22611.0,data\facts\0000001800.parquet,,,2026-07-20T13:52:48,2026-07-20T13:52:49,1.391
ABTC,0001755953,success,7747.0,data\facts\0001755953.parquet,,,2026-07-20T13:52:49,2026-07-20T13:52:50,1.163
ABTS,0001864055,success,1717.0,data\facts\0001864055.parquet,,,2026-07-20T13:52:51,2026-07-20T13:52:52,1.075
ABUS,0001447028,success,13711.0,data\facts\0001447028.parquet,,,2026-07-20T13:52:52,2026-07-20T13:52:53,1.198
ABVC,0001173313,success,14741.0,data\facts\0001173313.parquet,,,2026-07-20T13:52:53,2026-07-20T13:52:55,1.357
ABVEF,0001979484,failed,,,HTTPError,404 Client Error: Not Found for url: https://data.sec.gov/api/xbrl/companyfacts/CIK0001979484.json,2026-07-20T13:52:55,2026-07-20T13:52:56,0.982
ABVX,0001956827,success,2316.0,data\facts\0001956827.parquet,,,2026-07-20T13:52:56,2026-07-20T13:52:57,1.049
ABX,0001814287,success,7003.0,data\facts\0001814287.parquet,,,2026-07-20T13:52:57,2026-07-20T13:52:58,1.121
ABXXF,0001971975,failed,,,HTTPError,404 Client Error: Not Found for url: https://data.sec.gov/api/xbrl/companyfacts/CIK0001971975.json,2026-07-20T13:52:59,2026-07-20T13:53:00,0.975
ACA,0001739445,success,10748.0,data\facts\0001739445.parquet,,,2026-07-20T13:53:00,2026-07-20T13:53:01,1.289
ACAA,0002096900,success,62.0,data\facts\0002096900.parquet,,,2026-07-20T13:53:01,2026-07-20T13:53:02,1.036
ACAD,0001070494,success,15372.0,data\facts\0001070494.parquet,,,2026-07-20T13:53:03,2026-07-20T13:53:04,1.421
ACAT,0001781726,success,1540.0,data\facts\0001781726.parquet,,,2026-07-20T13:53:04,2026-07-20T13:53:05,1.018
ACB,0001683541,success,3086.0,data\facts\0001683541.parquet,,,2026-07-20T13:53:05,2026-07-20T13:53:07,1.109
ACBM,0001622996,success,5158.0,data\facts\0001622996.parquet,,,2026-07-20T13:53:07,2026-07-20T13:53:08,1.414
ACCL,0002038378,success,285.0,data\facts\0002038378.parquet,,,2026-07-20T13:53:08,2026-07-20T13:53:10,1.119
ACCO,0000712034,success,24723.0,data\facts\0000712034.parquet,,,2026-07-20T13:53:10,2026-07-20T13:53:11,1.523
ACCS,0000843006,success,17054.0,data\facts\0000843006.parquet,,,2026-07-20T13:53:12,2026-07-20T13:53:13,1.465
ACDC,0001881487,success,5566.0,data\facts\0001881487.parquet,,,2026-07-20T13:53:13,2026-07-20T13:53:15,1.379
ACEL,0001698991,success,10748.0,data\facts\0001698991.parquet,,,2026-07-20T13:53:15,2026-07-20T13:53:16,1.366
ACET,0001720580,success,8754.0,data\facts\0001720580.parquet,,,2026-07-20T13:53:16,2026-07-20T13:53:18,1.233
ACFN,0000880984,success,16419.0,data\facts\0000880984.parquet,,,2026-07-20T13:53:18,2026-07-20T13:53:19,1.323
ACGC,0002111542,success,33.0,data\facts\0002111542.parquet,,,2026-07-20T13:53:19,2026-07-20T13:53:21,1.11
ACGL,0000947484,success,33567.0,data\facts\0000947484.parquet,,,2026-07-20T13:53:21,2026-07-20T13:53:23,1.696
ACGP,0001642122,success,12844.0,data\facts\0001642122.parquet,,,2026-07-20T13:53:23,2026-07-20T13:53:24,1.236
ACH,0000075252,success,22029.0,data\facts\0000075252.parquet,,,2026-07-20T13:53:24,2026-07-20T13:53:26,1.457
ACHC,0001520697,success,23254.0,data\facts\0001520697.parquet,,,2026-07-20T13:53:26,2026-07-20T13:53:27,1.364
ACHR,0001824502,success,6143.0,data\facts\0001824502.parquet,,,2026-07-20T13:53:27,2026-07-20T13:53:29,1.283
ACHV,0000949858,success,13181.0,data\facts\0000949858.parquet,,,2026-07-20T13:53:29,2026-07-20T13:53:30,1.366
ACI,0001646972,success,12613.0,data\facts\0001646972.parquet,,,2026-07-20T13:53:31,2026-07-20T13:53:32,1.317
ACIC,0001401521,success,26644.0,data\facts\0001401521.parquet,,,2026-07-20T13:53:32,2026-07-20T13:53:34,1.643
ACIU,0001651625,success,4387.0,data\facts\0001651625.parquet,,,2026-07-20T13:53:34,2026-07-20T13:53:35,1.075
ACIW,0000935036,success,26322.0,data\facts\0000935036.parquet,,,2026-07-20T13:53:35,2026-07-20T13:53:37,1.617
ACLS,0001113232,success,19324.0,data\facts\0001113232.parquet,,,2026-07-20T13:53:37,2026-07-20T13:53:38,1.37
ACM,0000868857,success,27799.0,data\facts\0000868857.parquet,,,2026-07-20T13:53:39,2026-07-20T13:53:40,1.66
ACMIF,0002065282,failed,,,HTTPError,404 Client Error: Not Found for url: https://data.sec.gov/api/xbrl/companyfacts/CIK0002065282.json,2026-07-20T13:53:41,2026-07-20T13:53:42,0.949
ACMR,0001680062,success,13001.0,data\facts\0001680062.parquet,,,2026-07-20T13:53:42,2026-07-20T13:53:43,1.211
ACN,0001467373,success,29557.0,data\facts\0001467373.parquet,,,2026-07-20T13:53:43,2026-07-20T13:53:45,1.65
ACNB,0000715579,success,32700.0,data\facts\0000715579.parquet,,,2026-07-20T13:53:45,2026-07-20T13:53:47,1.627
ACNT,0000095953,success,18703.0,data\facts\0000095953.parquet,,,2026-07-20T13:53:47,2026-07-20T13:53:48,1.419
ACOG,0001655923,success,1903.0,data\facts\0001655923.parquet,,,2026-07-20T13:53:49,2026-07-20T13:53:50,1.005
ACON,0001635077,success,4220.0,data\facts\0001635077.parquet,,,2026-07-20T13:53:50,2026-07-20T13:53:51,1.125
ACP,0001503290,success,28.0,data\facts\0001503290.parquet,,,2026-07-20T13:53:51,2026-07-20T13:53:52,0.976
ACQC,0001860484,success,3179.0,data\facts\0001860484.parquet,,,2026-07-20T13:53:52,2026-07-20T13:53:53,1.043
ACR,0001332551,success,26108.0,data\facts\0001332551.parquet,,,2026-07-20T13:53:54,2026-07-20T13:53:55,1.491
ACRE,0001529377,success,14615.0,data\facts\0001529377.parquet,,,2026-07-20T13:53:55,2026-07-20T13:53:57,1.898
ACRG,0000773717,success,9636.0,data\facts\0000773717.parquet,,,2026-07-20T13:53:57,2026-07-20T13:53:59,1.237
ACRL,0001584618,success,1802.0,data\facts\0001584618.parquet,,,2026-07-20T13:53:59,2026-07-20T13:54:00,1.134
ACRS,0001557746,success,12442.0,data\facts\0001557746.parquet,,,2026-07-20T13:54:00,2026-07-20T13:54:01,1.236
ACRV,0001781174,success,3574.0,data\facts\0001781174.parquet,,,2026-07-20T13:54:02,2026-07-20T13:54:03,1.068
ACT,0001823529,success,7098.0,data\facts\0001823529.parquet,,,2026-07-20T13:54:03,2026-07-20T13:54:04,1.16
ACTG,0000934549,success,20484.0,data\facts\0000934549.parquet,,,2026-07-20T13:54:04,2026-07-20T13:54:06,1.628
ACTU,0001652935,success,1548.0,data\facts\0001652935.parquet,,,2026-07-20T13:54:06,2026-07-20T13:54:08,1.273
ACU,0000002098,success,16630.0,data\facts\0000002098.parquet,,,2026-07-20T13:54:08,2026-07-20T13:54:09,1.304
ACUT,0001850767,success,2457.0,data\facts\0001850767.parquet,,,2026-07-20T13:54:09,2026-07-20T13:54:10,1.096
ACV,0001636289,failed,,,HTTPError,404 Client Error: Not Found for url: https://data.sec.gov/api/xbrl/companyfacts/CIK0001636289.json,2026-07-20T13:54:11,2026-07-20T13:54:11,0.934
ACVA,0001637873,success,6503.0,data\facts\0001637873.parquet,,,2026-07-20T13:54:12,2026-07-20T13:54:13,1.207
ACXP,0001736243,success,2684.0,data\facts\0001736243.parquet,,,2026-07-20T13:54:13,2026-07-20T13:54:14,1.21
AD,0000821130,success,23051.0,data\facts\0000821130.parquet,,,2026-07-20T13:54:15,2026-07-20T13:54:16,1.564
ADAC,0002083002,success,148.0,data\facts\0002083002.parquet,,,2026-07-20T13:54:16,2026-07-20T13:54:17,1.001
ADAG,0001818838,success,2956.0,data\facts\0001818838.parquet,,,2026-07-20T13:54:18,2026-07-20T13:54:19,1.046
ADAM,0001273685,success,26499.0,data\facts\0001273685.parquet,,,2026-07-20T13:54:19,2026-07-20T13:54:20,1.4
ADAPY,0001621227,success,10144.0,data\facts\0001621227.parquet,,,2026-07-20T13:54:20,2026-07-20T13:54:22,1.308
ADBE,0000796343,success,28743.0,data\facts\0000796343.parquet,,,2026-07-20T13:54:22,2026-07-20T13:54:24,1.572
ADBT,0002084227,failed,,,HTTPError,404 Client Error: Not Found for url: https://data.sec.gov/api/xbrl/companyfacts/CIK0002084227.json,2026-07-20T13:54:24,2026-07-20T13:54:25,0.909
ADC,0000917251,success,21787.0,data\facts\0000917251.parquet,,,2026-07-20T13:54:25,2026-07-20T13:54:26,1.384
ADCT,0001771910,success,7251.0,data\facts\0001771910.parquet,,,2026-07-20T13:54:27,2026-07-20T13:54:28,1.221
ADDTF,0001766868,failed,,,HTTPError,404 Client Error: Not Found for url: https://data.sec.gov/api/xbrl/companyfacts/CIK0001766868.json,2026-07-20T13:54:28,2026-07-20T13:54:29,0.946
ADEA,0001803696,success,11637.0,data\facts\0001803696.parquet,,,2026-07-20T13:54:29,2026-07-20T13:54:30,1.197
ADGM,0002006986,success,2251.0,data\facts\0002006986.parquet,,,2026-07-20T13:54:31,2026-07-20T13:54:32,1.068
ADI,0000006281,success,29097.0,data\facts\0000006281.parquet,,,2026-07-20T13:54:32,2026-07-20T13:54:34,1.692
ADIA,0001160420,success,456.0,data\facts\0001160420.parquet,,,2026-07-20T13:54:34,2026-07-20T13:54:35,1.04
ADIG,0002105139,failed,,,HTTPError,404 Client Error: Not Found for url: https://data.sec.gov/api/xbrl/companyfacts/CIK0002105139.json,2026-07-20T13:54:35,2026-07-20T13:54:36,0.883
ADIL,0001513525,success,6162.0,data\facts\0001513525.parquet,,,2026-07-20T13:54:36,2026-07-20T13:54:37,1.148
ADM,0000007084,success,30337.0,data\facts\0000007084.parquet,,,2026-07-20T13:54:37,2026-07-20T13:54:39,1.694
ADMA,0001368514,success,14850.0,data\facts\0001368514.parquet,,,2026-07-20T13:54:39,2026-07-20T13:54:41,1.242
ADMG,0001171008,success,6194.0,data\facts\0001171008.parquet,,,2026-07-20T13:54:41,2026-07-20T13:54:42,1.106
ADMQ,0001588014,success,8922.0,data\facts\0001588014.parquet,,,2026-07-20T13:54:42,2026-07-20T13:54:43,1.212
ADMT,0000849401,success,13645.0,data\facts\0000849401.parquet,,,2026-07-20T13:54:44,2026-07-20T13:54:45,1.237
ADNH,0001744494,success,7649.0,data\facts\0001744494.parquet,,,2026-07-20T13:54:45,2026-07-20T13:54:46,1.192
ADNT,0001670541,success,16429.0,data\facts\0001670541.parquet,,,2026-07-20T13:54:46,2026-07-20T13:54:48,1.295
ADOOY,0001489079,failed,,,HTTPError,404 Client Error: Not Found for url: https://data.sec.gov/api/xbrl/companyfacts/CIK0001489079.json,2026-07-20T13:54:48,2026-07-20T13:54:49,0.89
ADP,0000008670,success,31975.0,data\facts\0000008670.parquet,,,2026-07-20T13:54:49,2026-07-20T13:54:51,1.628
ADPT,0001478320,success,8406.0,data\facts\0001478320.parquet,,,2026-07-20T13:54:51,2026-07-20T13:54:53,1.776
ADSE,0001879248,success,2152.0,data\facts\0001879248.parquet,,,2026-07-20T13:54:53,2026-07-20T13:54:54,1.028
ADSK,0000769397,success,27415.0,data\facts\0000769397.parquet,,,2026-07-20T13:54:54,2026-07-20T13:54:56,1.565
ADT,0001703056,success,12889.0,data\facts\0001703056.parquet,,,2026-07-20T13:54:56,2026-07-20T13:54:57,1.4
ADTI,0001420924,success,414.0,data\facts\0001420924.parquet,,,2026-07-20T13:54:58,2026-07-20T13:54:59,1.021
ADTN,0000926282,success,35176.0,data\facts\0000926282.parquet,,,2026-07-20T13:54:59,2026-07-20T13:55:01,2.19
ADTX,0001726711,success,6453.0,data\facts\0001726711.parquet,,,2026-07-20T13:55:01,2026-07-20T13:55:02,1.148
ADUR,0001863934,success,202.0,data\facts\0001863934.parquet,,,2026-07-20T13:55:03,2026-07-20T13:55:04,1.004
ADUS,0001468328,success,17306.0,data\facts\0001468328.parquet,,,2026-07-20T13:55:04,2026-07-20T13:55:05,1.325
ADV,0001776661,success,8776.0,data\facts\0001776661.parquet,,,2026-07-20T13:55:05,2026-07-20T13:55:07,1.203
ADVB,0001941029,success,1276.0,data\facts\0001941029.parquet,,,2026-07-20T13:55:07,2026-07-20T13:55:08,1.049
ADX,0000002230,failed,,,ValueError,Company Facts에서 facts 데이터를 찾지 못했습니다.,2026-07-20T13:55:08,2026-07-20T13:55:09,0.917
ADXN,0001574232,success,3041.0,data\facts\0001574232.parquet,,,2026-07-20T13:55:09,2026-07-20T13:55:10,1.066
ADYYF,0001788707,failed,,,HTTPError,404 Client Error: Not Found for url: https://data.sec.gov/api/xbrl/companyfacts/CIK0001788707.json,2026-07-20T13:55:11,2026-07-20T13:55:11,0.914
AEAE,0001852016,success,3253.0,data\facts\0001852016.parquet,,,2026-07-20T13:55:12,2026-07-20T13:55:13,1.097
AEAQ,0002083689,success,93.0,data\facts\0002083689.parquet,,,2026-07-20T13:55:13,2026-07-20T13:55:14,0.991
AEBI,0002048519,success,2042.0,data\facts\0002048519.parquet,,,2026-07-20T13:55:14,2026-07-20T13:55:15,1.001
AEBMY,0001174511,failed,,,HTTPError,404 Client Error: Not Found for url: https://data.sec.gov/api/xbrl/companyfacts/CIK0001174511.json,2026-07-20T13:55:15,2026-07-20T13:55:16,0.913
AEC,0001519469,success,168.0,data\facts\0001519469.parquet,,,2026-07-20T13:55:17,2026-07-20T13:55:18,1.025
AEE,0001002910,success,27244.0,data\facts\0001002910.parquet,,,2026-07-20T13:55:18,2026-07-20T13:55:19,1.448
AEF,0000846676,failed,,,HTTPError,404 Client Error: Not Found for url: https://data.sec.gov/api/xbrl/companyfacts/CIK0000846676.json,2026-07-20T13:55:19,2026-07-20T13:55:20,0.898
AEG,0000769218,success,6744.0,data\facts\0000769218.parquet,,,2026-07-20T13:55:21,2026-07-20T13:55:22,1.204
AEGXF,0001309167,failed,,,HTTPError,404 Client Error: Not Found for url: https://data.sec.gov/api/xbrl/companyfacts/CIK0001309167.json,2026-07-20T13:55:22,2026-07-20T13:55:23,0.93
AEHGS,0002032732,failed,,,HTTPError,404 Client Error: Not Found for url: https://data.sec.gov/api/xbrl/companyfacts/CIK0002032732.json,2026-07-20T13:55:23,2026-07-20T13:55:24,0.955
AEHL,0001470683,success,4729.0,data\facts\0001470683.parquet,,,2026-07-20T13:55:24,2026-07-20T13:55:26,1.201
AEHR,0001040470,success,17549.0,data\facts\0001040470.parquet,,,2026-07-20T13:55:26,2026-07-20T13:55:27,1.308
AEI,0001750106,success,7936.0,data\facts\0001750106.parquet,,,2026-07-20T13:55:27,2026-07-20T13:55:28,1.221
AEIS,0000927003,success,25375.0,data\facts\0000927003.parquet,,,2026-07-20T13:55:29,2026-07-20T13:55:30,1.45
AELKY,0002110583,failed,,,HTTPError,404 Client Error: Not Found for url: https://data.sec.gov/api/xbrl/companyfacts/CIK0002110583.json,2026-07-20T13:55:30,2026-07-20T13:55:31,0.982
AEM,0000002809,success,8446.0,data\facts\0000002809.parquet,,,2026-07-20T13:55:32,2026-07-20T13:55:33,1.262
AEMD,0000882291,success,11172.0,data\facts\0000882291.parquet,,,2026-07-20T13:55:33,2026-07-20T13:55:34,1.166
AENT,0001823584,success,5316.0,data\facts\0001823584.parquet,,,2026-07-20T13:55:34,2026-07-20T13:55:36,1.113
AEO,0000919012,success,24625.0,data\facts\0000919012.parquet,,,2026-07-20T13:55:36,2026-07-20T13:55:37,1.585
AEON,0001837607,success,3990.0,data\facts\0001837607.parquet,,,2026-07-20T13:55:38,2026-07-20T13:55:39,1.113
AEP,0000004904,success,35727.0,data\facts\0000004904.parquet,,,2026-07-20T13:55:39,2026-07-20T13:55:41,1.766
AER,0001378789,success,10358.0,data\facts\0001378789.parquet,,,2026-07-20T13:55:41,2026-07-20T13:55:42,1.347
AERA,0001605331,success,8722.0,data\facts\0001605331.parquet,,,2026-07-20T13:55:42,2026-07-20T13:55:44,1.273
AERG,0000879911,success,11365.0,data\facts\0000879911.parquet,,,2026-07-20T13:55:44,2026-07-20T13:55:45,1.289
AERO,0001561861,success,1.0,data\facts\0001561861.parquet,,,2026-07-20T13:55:46,2026-07-20T13:55:46,0.983
AERT,0001853044,success,4062.0,data\facts\0001853044.parquet,,,2026-07-20T13:55:47,2026-07-20T13:55:48,1.074
AES,0000874761,success,40960.0,data\facts\0000874761.parquet,,,2026-07-20T13:55:48,2026-07-20T13:55:50,1.769
AESI,0001984060,success,4292.0,data\facts\0001984060.parquet,,,2026-07-20T13:55:50,2026-07-20T13:55:51,1.142
AESP,0002082526,success,200.0,data\facts\0002082526.parquet,,,2026-07-20T13:55:51,2026-07-20T13:55:52,1.025
AETN,0000764630,success,8448.0,data\facts\0000764630.parquet,,,2026-07-20T13:55:53,2026-07-20T13:55:54,1.158
AEVA,0001789029,success,7639.0,data\facts\0001789029.parquet,,,2026-07-20T13:55:54,2026-07-20T13:55:55,1.247
AEXA,0002079173,success,165.0,data\facts\0002079173.parquet,,,2026-07-20T13:55:55,2026-07-20T13:55:56,0.949
AEYE,0001362190,success,13063.0,data\facts\0001362190.parquet,,,2026-07-20T13:55:57,2026-07-20T13:55:58,1.194
AFB,0001162027,failed,,,HTTPError,404 Client Error: Not Found for url: https://data.sec.gov/api/xbrl/companyfacts/CIK0001162027.json,2026-07-20T13:55:58,2026-07-20T13:55:59,1.422
AFBI,0001823406,success,8602.0,data\facts\0001823406.parquet,,,2026-07-20T13:56:00,2026-07-20T13:56:01,1.6
AFCG,0001822523,success,6091.0,data\facts\0001822523.parquet,,,2026-07-20T13:56:02,2026-07-20T13:56:03,1.111
AFG,0001042046,success,33589.0,data\facts\0001042046.parquet,,,2026-07-20T13:56:03,2026-07-20T13:56:05,1.677
AFJK,0001979005,success,1096.0,data\facts\0001979005.parquet,,,2026-07-20T13:56:05,2026-07-20T13:56:06,1.029
AFL,0000004977,success,35056.0,data\facts\0000004977.parquet,,,2026-07-20T13:56:06,2026-07-20T13:56:08,1.774
AFNDY,0002101973,failed,,,HTTPError,404 Client Error: Not Found for url: https://data.sec.gov/api/xbrl/companyfacts/CIK0002101973.json,2026-07-20T13:56:08,2026-07-20T13:56:09,0.907
AFRI,0001903870,success,2540.0,data\facts\0001903870.parquet,,,2026-07-20T13:56:09,2026-07-20T13:56:10,1.079
AFRM,0001820953,success,11007.0,data\facts\0001820953.parquet,,,2026-07-20T13:56:10,2026-07-20T13:56:12,1.353
AFYA,0001771007,success,2958.0,data\facts\0001771007.parquet,,,2026-07-20T13:56:12,2026-07-20T13:56:13,1.085
AG,0001308648,success,3185.0,data\facts\0001308648.parquet,,,2026-07-20T13:56:13,2026-07-20T13:56:14,0.872
AGBK,0002081206,success,4.0,data\facts\0002081206.parquet,,,2026-07-20T13:56:14,2026-07-20T13:56:15,0.851
AGCC,0002060016,success,447.0,data\facts\0002060016.parquet,,,2026-07-20T13:56:15,2026-07-20T13:56:16,0.86
AGCO,0000880266,success,27152.0,data\facts\0000880266.parquet,,,2026-07-20T13:56:17,2026-07-20T13:56:18,1.553
AGD,0001362481,success,30.0,data\facts\0001362481.parquet,,,2026-07-20T13:56:18,2026-07-20T13:56:19,1.046
AGEN,0001098972,success,18271.0,data\facts\0001098972.parquet,,,2026-07-20T13:56:20,2026-07-20T13:56:21,1.263
AGGI,0001109262,success,403.0,data\facts\0001109262.parquet,,,2026-07-20T13:56:21,2026-07-20T13:56:22,0.978
AGI,0001178819,success,4862.0,data\facts\0001178819.parquet,,,2026-07-20T13:56:22,2026-07-20T13:56:23,1.111
AGIG,0001156041,success,13425.0,data\facts\0001156041.parquet,,,2026-07-20T13:56:24,2026-07-20T13:56:25,1.341
AGIO,0001439222,success,15100.0,data\facts\0001439222.parquet,,,2026-07-20T13:56:25,2026-07-20T13:56:26,1.25
AGL,0001831097,success,6767.0,data\facts\0001831097.parquet,,,2026-07-20T13:56:27,2026-07-20T13:56:28,1.193
AGLY,0001673504,success,3112.0,data\facts\0001673504.parquet,,,2026-07-20T13:56:28,2026-07-20T13:56:29,0.999
AGM,0000845877,success,26416.0,data\facts\0000845877.parquet,,,2026-07-20T13:56:29,2026-07-20T13:56:31,1.459
AGMB,0002020932,success,1.0,data\facts\0002020932.parquet,,,2026-07-20T13:56:31,2026-07-20T13:56:32,0.996
AGMH,0001705402,success,4193.0,data\facts\0001705402.parquet,,,2026-07-20T13:56:32,2026-07-20T13:56:33,1.126
AGMRF,0002022059,failed,,,HTTPError,404 Client Error: Not Found for url: https://data.sec.gov/api/xbrl/companyfacts/CIK0002022059.json,2026-07-20T13:56:33,2026-07-20T13:56:34,0.916
AGNC,0001423689,success,15452.0,data\facts\0001423689.parquet,,,2026-07-20T13:56:35,2026-07-20T13:56:36,1.247
AGNPF,0001642178,failed,,,HTTPError,404 Client Error: Not Found for url: https://data.sec.gov/api/xbrl/companyfacts/CIK0001642178.json,2026-07-20T13:56:36,2026-07-20T13:56:37,0.913
AGNT,0001495932,success,14341.0,data\facts\0001495932.parquet,,,2026-07-20T13:56:37,2026-07-20T13:56:39,1.323
AGO,0001273813,success,30142.0,data\facts\0001273813.parquet,,,2026-07-20T13:56:39,2026-07-20T13:56:40,1.673
AGPU,0001446159,success,15798.0,data\facts\0001446159.parquet,,,2026-07-20T13:56:41,2026-07-20T13:56:42,1.279
AGQ,0001415311,success,4922.0,data\facts\0001415311.parquet,,,2026-07-20T13:56:42,2026-07-20T13:56:43,1.196
AGRO,0001499505,success,5167.0,data\facts\0001499505.parquet,,,2026-07-20T13:56:44,2026-07-20T13:56:45,1.194
AGRZ,0002009233,success,436.0,data\facts\0002009233.parquet,,,2026-07-20T13:56:45,2026-07-20T13:56:46,0.999
AGSS,0001514443,success,5567.0,data\facts\0001514443.parquet,,,2026-07-20T13:56:46,2026-07-20T13:56:47,1.213
AGTX,0001603345,success,5612.0,data\facts\0001603345.parquet,,,2026-07-20T13:56:48,2026-07-20T13:56:49,1.235
AGX,0000100591,success,18385.0,data\facts\0000100591.parquet,,,2026-07-20T13:56:49,2026-07-20T13:56:51,1.566
AGXPF,0001482436,failed,,,HTTPError,404 Client Error: Not Found for url: https://data.sec.gov/api/xbrl/companyfacts/CIK0001482436.json,2026-07-20T13:56:51,2026-07-20T13:56:52,1.015
AGYS,0000078749,success,20285.0,data\facts\0000078749.parquet,,,2026-07-20T13:56:52,2026-07-20T13:56:54,1.942
AHCO,0001725255,success,12016.0,data\facts\0001725255.parquet,,,2026-07-20T13:56:54,2026-07-20T13:56:56,1.356
AHG,0001702318,success,3531.0,data\facts\0001702318.parquet,,,2026-07-20T13:56:56,2026-07-20T13:56:58,1.781
AHII,0001545236,success,1148.0,data\facts\0001545236.parquet,,,2026-07-20T13:56:58,2026-07-20T13:56:59,1.162
AHL-PD,0001267395,success,23994.0,data\facts\0001267395.parquet,,,2026-07-20T13:56:59,2026-07-20T13:57:01,1.566
AHMA,0002010959,success,228.0,data\facts\0002010959.parquet,,,2026-07-20T13:57:01,2026-07-20T13:57:02,1.067
AHNRF,0001304409,success,9265.0,data\facts\0001304409.parquet,,,2026-07-20T13:57:02,2026-07-20T13:57:04,1.291
AHR,0001632970,success,16037.0,data\facts\0001632970.parquet,,,2026-07-20T13:57:04,2026-07-20T13:57:05,1.245
AHRO,0001338929,success,8815.0,data\facts\0001338929.parquet,,,2026-07-20T13:57:05,2026-07-20T13:57:07,1.278
AHRT,0001569187,success,20262.0,data\facts\0001569187.parquet,,,2026-07-20T13:57:07,2026-07-20T13:57:08,1.368
AHT,0001232582,success,25449.0,data\facts\0001232582.parquet,,,2026-07-20T13:57:08,2026-07-20T13:57:10,1.427
AI,0001577526,success,6960.0,data\facts\0001577526.parquet,,,2026-07-20T13:57:10,2026-07-20T13:57:11,1.134
AIAI,0002096362,success,236.0,data\facts\0002096362.parquet,,,2026-07-20T13:57:11,2026-07-20T13:57:12,0.956
AIB,0002070542,success,187.0,data\facts\0002070542.parquet,,,2026-07-20T13:57:13,2026-07-20T13:57:14,0.967
AIBRF,0001728918,failed,,,HTTPError,404 Client Error: Not Found for url: https://data.sec.gov/api/xbrl/companyfacts/CIK0001728918.json,2026-07-20T13:57:14,2026-07-20T13:57:15,0.935
AIBT,0001763329,success,4783.0,data\facts\0001763329.parquet,,,2026-07-20T13:57:15,2026-07-20T13:57:16,0.735
AIBZ,0002100457,failed,,,HTTPError,404 Client Error: Not Found for url: https://data.sec.gov/api/xbrl/companyfacts/CIK0002100457.json,2026-07-20T13:57:16,2026-07-20T13:57:17,0.736
AIDX,0001139685,success,1076.0,data\facts\0001139685.parquet,,,2026-07-20T13:57:17,2026-07-20T13:57:17,0.63
AIEV,0001912582,success,2644.0,data\facts\0001912582.parquet,,,2026-07-20T13:57:18,2026-07-20T13:57:19,0.805
AIFA,0001708341,success,9408.0,data\facts\0001708341.parquet,,,2026-07-20T13:57:19,2026-07-20T13:57:20,0.964
AIFC,0000862861,success,20726.0,data\facts\0000862861.parquet,,,2026-07-20T13:57:20,2026-07-20T13:57:21,1.39
AIFF,0000803578,success,13086.0,data\facts\0000803578.parquet,,,2026-07-20T13:57:22,2026-07-20T13:57:23,1.318
AIFU,0001413855,success,9485.0,data\facts\0001413855.parquet,,,2026-07-20T13:57:23,2026-07-20T13:57:24,1.342
AIG,0000005272,success,45203.0,data\facts\0000005272.parquet,,,2026-07-20T13:57:25,2026-07-20T13:57:27,2.068
AIHS,0001711012,success,11635.0,data\facts\0001711012.parquet,,,2026-07-20T13:57:27,2026-07-20T13:57:28,1.239
AII,0002007587,success,1964.0,data\facts\0002007587.parquet,,,2026-07-20T13:57:28,2026-07-20T13:57:30,1.106
AIIA,0002073553,success,208.0,data\facts\0002073553.parquet,,,2026-07-20T13:57:30,2026-07-20T13:57:31,1.006
AIIO,0001932737,success,3153.0,data\facts\0001932737.parquet,,,2026-07-20T13:57:31,2026-07-20T13:57:32,1.132
AIIR,0002097725,success,5.0,data\facts\0002097725.parquet,,,2026-07-20T13:57:32,2026-07-20T13:57:33,0.986
AIJTY,0001713923,success,4156.0,data\facts\0001713923.parquet,,,2026-07-20T13:57:34,2026-07-20T13:57:35,1.337
AILIH,0000018654,failed,,,HTTPError,404 Client Error: Not Found for url: https://data.sec.gov/api/xbrl/companyfacts/CIK0000018654.json,2026-07-20T13:57:35,2026-07-20T13:57:36,0.918
AIM,0000946644,success,13545.0,data\facts\0000946644.parquet,,,2026-07-20T13:57:36,2026-07-20T13:57:38,1.339
AIMD,0001014763,success,10049.0,data\facts\0001014763.parquet,,,2026-07-20T13:57:38,2026-07-20T13:57:39,1.207
AIN,0000819793,success,25370.0,data\facts\0000819793.parquet,,,2026-07-20T13:57:39,2026-07-20T13:57:41,1.534
AIO,0001778114,failed,,,HTTPError,404 Client Error: Not Found for url: https://data.sec.gov/api/xbrl/companyfacts/CIK0001778114.json,2026-07-20T13:57:41,2026-07-20T13:57:42,0.928
AIOS,0001603993,success,4593.0,data\facts\0001603993.parquet,,,2026-07-20T13:57:42,2026-07-20T13:57:43,1.106
AIOT,0001774170,success,12695.0,data\facts\0001774170.parquet,,,2026-07-20T13:57:43,2026-07-20T13:57:45,1.319
AIP,0001667011,success,6376.0,data\facts\0001667011.parquet,,,2026-07-20T13:57:45,2026-07-20T13:57:46,1.187
AIQUF,0001161167,failed,,,HTTPError,404 Client Error: Not Found for url: https://data.sec.gov/api/xbrl/companyfacts/CIK0001161167.json,2026-07-20T13:57:46,2026-07-20T13:57:47,0.889
AIR,0000001750,success,20448.0,data\facts\0000001750.parquet,,,2026-07-20T13:57:47,2026-07-20T13:57:49,1.488
AIRE,0001859199,success,3917.0,data\facts\0001859199.parquet,,,2026-07-20T13:57:49,2026-07-20T13:57:50,1.11
AIRG,0001272842,success,11740.0,data\facts\0001272842.parquet,,,2026-07-20T13:57:51,2026-07-20T13:57:52,1.312
AIRI,0001009891,success,16284.0,data\facts\0001009891.parquet,,,2026-07-20T13:57:52,2026-07-20T13:57:54,1.576
AIRJ,0001855474,success,3354.0,data\facts\0001855474.parquet,,,2026-07-20T13:57:54,2026-07-20T13:57:55,1.226
AIRO,0001927958,success,1456.0,data\facts\0001927958.parquet,,,2026-07-20T13:57:55,2026-07-20T13:57:57,1.155
AIRS,0001870940,success,5152.0,data\facts\0001870940.parquet,,,2026-07-20T13:57:57,2026-07-20T13:57:58,1.43
AIRT,0000353184,success,22517.0,data\facts\0000353184.parquet,,,2026-07-20T13:57:58,2026-07-20T13:58:00,1.515
AISP,0001842566,success,4020.0,data\facts\0001842566.parquet,,,2026-07-20T13:58:00,2026-07-20T13:58:01,1.07
AIST,0002109082,success,5.0,data\facts\0002109082.parquet,,,2026-07-20T13:58:01,2026-07-20T13:58:02,1.005
AIT,0000109563,success,21214.0,data\facts\0000109563.parquet,,,2026-07-20T13:58:03,2026-07-20T13:58:04,1.465
AITTF,0001520556,failed,,,HTTPError,404 Client Error: Not Found for url: https://data.sec.gov/api/xbrl/companyfacts/CIK0001520556.json,2026-07-20T13:58:04,2026-07-20T13:58:05,0.926
AITX,0001498148,success,13362.0,data\facts\0001498148.parquet,,,2026-07-20T13:58:05,2026-07-20T13:58:07,1.321
AIV,0000922864,success,22187.0,data\facts\0000922864.parquet,,,2026-07-20T13:58:07,2026-07-20T13:58:08,1.403
AIXC,0001460702,success,9435.0,data\facts\0001460702.parquet,,,2026-07-20T13:58:09,2026-07-20T13:58:10,1.271
AIXI,0001935172,success,3134.0,data\facts\0001935172.parquet,,,2026-07-20T13:58:10,2026-07-20T13:58:11,1.103
AIXN,0000835662,success,11005.0,data\facts\0000835662.parquet,,,2026-07-20T13:58:11,2026-07-20T13:58:13,1.369
AIZ,0001267238,success,32346.0,data\facts\0001267238.parquet,,,2026-07-20T13:58:13,2026-07-20T13:58:15,1.84
AJG,0000354190,success,26128.0,data\facts\0000354190.parquet,,,2026-07-20T13:58:15,2026-07-20T13:58:17,1.565
AKA,0001865107,success,7138.0,data\facts\0001865107.parquet,,,2026-07-20T13:58:17,2026-07-20T13:58:18,1.336
AKAM,0001086222,success,25697.0,data\facts\0001086222.parquet,,,2026-07-20T13:58:19,2026-07-20T13:58:20,1.669
AKAN,0001888014,success,1815.0,data\facts\0001888014.parquet,,,2026-07-20T13:58:20,2026-07-20T13:58:21,0.978
AKBA,0001517022,success,15835.0,data\facts\0001517022.parquet,,,2026-07-20T13:58:22,2026-07-20T13:58:23,1.347
AKCLY,0002087856,failed,,,HTTPError,404 Client Error: Not Found for url: https://data.sec.gov/api/xbrl/companyfacts/CIK0002087856.json,2026-07-20T13:58:23,2026-07-20T13:58:24,0.941
AKO-A,0000925261,success,5183.0,data\facts\0000925261.parquet,,,2026-07-20T13:58:24,2026-07-20T13:58:26,1.221
AKPPS,0001923734,failed,,,HTTPError,404 Client Error: Not Found for url: https://data.sec.gov/api/xbrl/companyfacts/CIK0001923734.json,2026-07-20T13:58:26,2026-07-20T13:58:27,0.95
AKR,0000899629,success,26695.0,data\facts\0000899629.parquet,,,2026-07-20T13:58:27,2026-07-20T13:58:28,1.475
AKTS,0002035832,success,217.0,data\facts\0002035832.parquet,,,2026-07-20T13:58:29,2026-07-20T13:58:30,0.996
AKTX,0001541157,success,7572.0,data\facts\0001541157.parquet,,,2026-07-20T13:58:30,2026-07-20T13:58:31,1.179
AKZOY,0000003124,success,5.0,data\facts\0000003124.parquet,,,2026-07-20T13:58:31,2026-07-20T13:58:32,0.962
ALAB,0001736297,success,2740.0,data\facts\0001736297.parquet,,,2026-07-20T13:58:33,2026-07-20T13:58:34,1.141
ALAR,0001725332,success,3712.0,data\facts\0001725332.parquet,,,2026-07-20T13:58:34,2026-07-20T13:58:35,1.107
ALB,0000915913,success,30751.0,data\facts\0000915913.parquet,,,2026-07-20T13:58:35,2026-07-20T13:58:37,1.395
ALBC,0001834868,failed,,,HTTPError,404 Client Error: Not Found for url: https://data.sec.gov/api/xbrl/companyfacts/CIK0001834868.json,2026-07-20T13:58:37,2026-07-20T13:58:38,0.983
ALBT,0001630212,success,13657.0,data\facts\0001630212.parquet,,,2026-07-20T13:58:38,2026-07-20T13:58:39,1.146
ALC,0001167379,success,8039.0,data\facts\0001167379.parquet,,,2026-07-20T13:58:39,2026-07-20T13:58:41,1.143
ALCO,0000003545,success,18322.0,data\facts\0000003545.parquet,,,2026-07-20T13:58:41,2026-07-20T13:58:42,1.385
ALCYF,0001901336,success,1156.0,data\facts\0001901336.parquet,,,2026-07-20T13:58:42,2026-07-20T13:58:44,1.409
ALDA,0001062506,success,6313.0,data\facts\0001062506.parquet,,,2026-07-20T13:58:44,2026-07-20T13:58:45,1.13
ALDF,0002031561,success,406.0,data\facts\0002031561.parquet,,,2026-07-20T13:58:45,2026-07-20T13:58:47,1.104
ALDS,0001755101,success,4178.0,data\facts\0001755101.parquet,,,2026-07-20T13:58:47,2026-07-20T13:58:48,1.153
ALDX,0001341235,success,10048.0,data\facts\0001341235.parquet,,,2026-07-20T13:58:48,2026-07-20T13:58:49,1.348
ALEC,0001653087,success,6190.0,data\facts\0001653087.parquet,,,2026-07-20T13:58:50,2026-07-20T13:58:51,1.176
ALEUY,0002046098,failed,,,HTTPError,404 Client Error: Not Found for url: https://data.sec.gov/api/xbrl/companyfacts/CIK0002046098.json,2026-07-20T13:58:51,2026-07-20T13:58:52,1.124
ALF,0002010930,success,551.0,data\facts\0002010930.parquet,,,2026-07-20T13:58:52,2026-07-20T13:58:53,1.022
ALG,0000897077,success,20220.0,data\facts\0000897077.parquet,,,2026-07-20T13:58:54,2026-07-20T13:58:55,1.351
ALGM,0000866291,success,8748.0,data\facts\0000866291.parquet,,,2026-07-20T13:58:55,2026-07-20T13:58:57,1.32
ALGN,0001097149,success,21814.0,data\facts\0001097149.parquet,,,2026-07-20T13:58:57,2026-07-20T13:58:58,1.376
ALGRF,0001703292,failed,,,HTTPError,404 Client Error: Not Found for url: https://data.sec.gov/api/xbrl/companyfacts/CIK0001703292.json,2026-07-20T13:58:58,2026-07-20T13:58:59,0.963
ALGS,0001799448,success,5322.0,data\facts\0001799448.parquet,,,2026-07-20T13:59:00,2026-07-20T13:59:01,1.244
ALGT,0001362468,success,19118.0,data\facts\0001362468.parquet,,,2026-07-20T13:59:01,2026-07-20T13:59:03,1.481
ALH,0001317685,success,1180.0,data\facts\0001317685.parquet,,,2026-07-20T13:59:03,2026-07-20T13:59:04,1.063
ALHC,0001832466,success,7417.0,data\facts\0001832466.parquet,,,2026-07-20T13:59:04,2026-07-20T13:59:05,1.267
ALIS,0002026767,success,619.0,data\facts\0002026767.parquet,,,2026-07-20T13:59:06,2026-07-20T13:59:07,1.152
ALIT,0001809104,success,7276.0,data\facts\0001809104.parquet,,,2026-07-20T13:59:07,2026-07-20T13:59:08,1.419
ALK,0000766421,success,24087.0,data\facts\0000766421.parquet,,,2026-07-20T13:59:09,2026-07-20T13:59:10,1.72
ALKS,0001520262,success,19183.0,data\facts\0001520262.parquet,,,2026-07-20T13:59:11,2026-07-20T13:59:12,1.546
ALKT,0001529274,success,7260.0,data\facts\0001529274.parquet,,,2026-07-20T13:59:12,2026-07-20T13:59:14,1.559
ALL,0000899051,success,38671.0,data\facts\0000899051.parquet,,,2026-07-20T13:59:14,2026-07-20T13:59:16,1.823
ALLE,0001579241,success,19013.0,data\facts\0001579241.parquet,,,2026-07-20T13:59:16,2026-07-20T13:59:18,1.405
ALLO,0001737287,success,9206.0,data\facts\0001737287.parquet,,,2026-07-20T13:59:18,2026-07-20T13:59:19,1.25
ALLR,0001860657,success,5942.0,data\facts\0001860657.parquet,,,2026-07-20T13:59:19,2026-07-20T13:59:20,1.144
ALLT,0001365767,success,9470.0,data\facts\0001365767.parquet,,,2026-07-20T13:59:21,2026-07-20T13:59:22,1.137
ALLY,0000040729,success,48261.0,data\facts\0000040729.parquet,,,2026-07-20T13:59:22,2026-07-20T13:59:24,1.888
ALM,0001670061,success,255.0,data\facts\0001670061.parquet,,,2026-07-20T13:59:24,2026-07-20T13:59:25,0.707
ALMMF,0001161611,success,4248.0,data\facts\0001161611.parquet,,,2026-07-20T13:59:25,2026-07-20T13:59:26,0.768
ALMP,0001956237,failed,,,HTTPError,404 Client Error: Not Found for url: https://data.sec.gov/api/xbrl/companyfacts/CIK0001956237.json,2026-07-20T13:59:26,2026-07-20T13:59:27,0.761
ALMR,0002104204,success,276.0,data\facts\0002104204.parquet,,,2026-07-20T13:59:27,2026-07-20T13:59:28,0.617
ALMS,0001847367,success,2306.0,data\facts\0001847367.parquet,,,2026-07-20T13:59:28,2026-07-20T13:59:29,0.928
ALMU,0001828805,success,4268.0,data\facts\0001828805.parquet,,,2026-07-20T13:59:29,2026-07-20T13:59:30,0.755
ALNT,0000046129,success,17948.0,data\facts\0000046129.parquet,,,2026-07-20T13:59:30,2026-07-20T13:59:31,1.092
ALNY,0001178670,success,16525.0,data\facts\0001178670.parquet,,,2026-07-20T13:59:31,2026-07-20T13:59:32,0.799
ALOT,0000008146,success,20514.0,data\facts\0000008146.parquet,,,2026-07-20T13:59:32,2026-07-20T13:59:33,1.098
ALOV,0002083989,success,98.0,data\facts\0002083989.parquet,,,2026-07-20T13:59:34,2026-07-20T13:59:34,0.661
ALOY,0001567900,success,7545.0,data\facts\0001567900.parquet,,,2026-07-20T13:59:34,2026-07-20T13:59:36,1.248
ALP,0001095435,success,3683.0,data\facts\0001095435.parquet,,,2026-07-20T13:59:36,2026-07-20T13:59:37,0.998
ALPIB,0000872716,failed,,,HTTPError,404 Client Error: Not Found for url: https://data.sec.gov/api/xbrl/companyfacts/CIK0000872716.json,2026-07-20T13:59:37,2026-07-20T13:59:38,0.906
ALPS,0002025774,failed,,,HTTPError,404 Client Error: Not Found for url: https://data.sec.gov/api/xbrl/companyfacts/CIK0002025774.json,2026-07-20T13:59:38,2026-07-20T13:59:39,0.956
ALPX,0002125551,success,21.0,data\facts\0002125551.parquet,,,2026-07-20T13:59:39,2026-07-20T13:59:40,0.955
ALRM,0001459200,success,17758.0,data\facts\0001459200.parquet,,,2026-07-20T13:59:41,2026-07-20T13:59:42,1.345
ALRS,0000903419,success,16990.0,data\facts\0000903419.parquet,,,2026-07-20T13:59:42,2026-07-20T13:59:44,1.417
ALRTF,0001930419,success,1447.0,data\facts\0001930419.parquet,,,2026-07-20T13:59:44,2026-07-20T13:59:45,1.044
ALSAF,0001865111,success,2657.0,data\facts\0001865111.parquet,,,2026-07-20T13:59:45,2026-07-20T13:59:46,1.079
ALSN,0001411207,success,20714.0,data\facts\0001411207.parquet,,,2026-07-20T13:59:46,2026-07-20T13:59:48,1.491
ALT,0001326190,success,14402.0,data\facts\0001326190.parquet,,,2026-07-20T13:59:48,2026-07-20T13:59:49,1.264
ALTB,0001642365,success,1234.0,data\facts\0001642365.parquet,,,2026-07-20T13:59:50,2026-07-20T13:59:51,1.042
ALTG,0001759824,success,8760.0,data\facts\0001759824.parquet,,,2026-07-20T13:59:51,2026-07-20T13:59:52,1.185
ALTI,0001838615,success,6494.0,data\facts\0001838615.parquet,,,2026-07-20T13:59:52,2026-07-20T13:59:53,1.158
ALTO,0000778164,success,16891.0,data\facts\0000778164.parquet,,,2026-07-20T13:59:54,2026-07-20T13:59:55,1.248
ALTUF,0001977971,failed,,,HTTPError,404 Client Error: Not Found for url: https://data.sec.gov/api/xbrl/companyfacts/CIK0001977971.json,2026-07-20T13:59:55,2026-07-20T13:59:56,0.55
ALTX,0000775057,success,7423.0,data\facts\0000775057.parquet,,,2026-07-20T13:59:56,2026-07-20T13:59:57,0.839
ALUB,0002041493,success,208.0,data\facts\0002041493.parquet,,,2026-07-20T13:59:57,2026-07-20T13:59:58,0.708
ALUR,0001964979,success,6024.0,data\facts\0001964979.parquet,,,2026-07-20T13:59:58,2026-07-20T13:59:59,1.127
ALV,0001034670,success,23973.0,data\facts\0001034670.parquet,,,2026-07-20T13:59:59,2026-07-20T14:00:01,1.394
ALVO,0001898416,success,2762.0,data\facts\0001898416.parquet,,,2026-07-20T14:00:01,2026-07-20T14:00:02,1.013
ALX,0000003499,success,14236.0,data\facts\0000003499.parquet,,,2026-07-20T14:00:02,2026-07-20T14:00:03,1.36
ALXO,0001810182,success,6903.0,data\facts\0001810182.parquet,,,2026-07-20T14:00:04,2026-07-20T14:00:05,1.154
ALYAF,0001734520,success,2103.0,data\facts\0001734520.parquet,,,2026-07-20T14:00:05,2026-07-20T14:00:06,0.914
ALZN,0001677077,success,2810.0,data\facts\0001677077.parquet,,,2026-07-20T14:00:06,2026-07-20T14:00:07,1.056
AM,0001623925,success,8324.0,data\facts\0001623925.parquet,,,2026-07-20T14:00:07,2026-07-20T14:00:08,0.978
AMAC,0002110119,success,7.0,data\facts\0002110119.parquet,,,2026-07-20T14:00:09,2026-07-20T14:00:10,0.929
AMAL,0001823608,success,12741.0,data\facts\0001823608.parquet,,,2026-07-20T14:00:10,2026-07-20T14:00:11,1.224
AMAN,0002112457,success,33.0,data\facts\0002112457.parquet,,,2026-07-20T14:00:11,2026-07-20T14:00:12,0.819
AMAT,0000006951,success,29874.0,data\facts\0000006951.parquet,,,2026-07-20T14:00:12,2026-07-20T14:00:14,1.559
AMBA,0001280263,success,18227.0,data\facts\0001280263.parquet,,,2026-07-20T14:00:14,2026-07-20T14:00:15,1.275
AMBIQ,0001937441,success,1291.0,data\facts\0001937441.parquet,,,2026-07-20T14:00:16,2026-07-20T14:00:17,1.15
AMBO,0001494558,success,9567.0,data\facts\0001494558.parquet,,,2026-07-20T14:00:17,2026-07-20T14:00:18,1.278
AMBP,0001845097,success,3467.0,data\facts\0001845097.parquet,,,2026-07-20T14:00:18,2026-07-20T14:00:20,1.184
AMBQ,0001500412,success,1502.0,data\facts\0001500412.parquet,,,2026-07-20T14:00:20,2026-07-20T14:00:22,2.158
AMBR,0001697818,success,4799.0,data\facts\0001697818.parquet,,,2026-07-20T14:00:22,2026-07-20T14:00:24,1.405
AMC,0001411579,success,19485.0,data\facts\0001411579.parquet,,,2026-07-20T14:00:24,2026-07-20T14:00:26,1.69
AMCI,0001937891,success,2341.0,data\facts\0001937891.parquet,,,2026-07-20T14:00:26,2026-07-20T14:00:27,1.174
AMCR,0001748790,success,13714.0,data\facts\0001748790.parquet,,,2026-07-20T14:00:27,2026-07-20T14:00:28,1.195
AMCX,0001514991,success,26181.0,data\facts\0001514991.parquet,,,2026-07-20T14:00:29,2026-07-20T14:00:30,1.613
AMD,0000002488,success,23443.0,data\facts\0000002488.parquet,,,2026-07-20T14:00:30,2026-07-20T14:00:32,1.391
AME,0001037868,success,23793.0,data\facts\0001037868.parquet,,,2026-07-20T14:00:32,2026-07-20T14:00:34,1.534
AMEGF,0002129284,success,10.0,data\facts\0002129284.parquet,,,2026-07-20T14:00:34,2026-07-20T14:00:35,0.864
AMFN,0000096664,success,86.0,data\facts\0000096664.parquet,,,2026-07-20T14:00:35,2026-07-20T14:00:36,0.937
AMG,0001004434,success,22510.0,data\facts\0001004434.parquet,,,2026-07-20T14:00:36,2026-07-20T14:00:37,1.375
AMGN,0000318154,success,24404.0,data\facts\0000318154.parquet,,,2026-07-20T14:00:38,2026-07-20T14:00:39,1.423
AMH,0001562401,success,16726.0,data\facts\0001562401.parquet,,,2026-07-20T14:00:39,2026-07-20T14:00:41,1.412
AMIX,0001617867,success,1941.0,data\facts\0001617867.parquet,,,2026-07-20T14:00:41,2026-07-20T14:00:42,1.004
AMKR,0001047127,success,25699.0,data\facts\0001047127.parquet,,,2026-07-20T14:00:42,2026-07-20T14:00:44,1.587
AMLIF,0001699880,success,376.0,data\facts\0001699880.parquet,,,2026-07-20T14:00:44,2026-07-20T14:00:45,0.971
AMLM,0001356371,success,161.0,data\facts\0001356371.parquet,,,2026-07-20T14:00:45,2026-07-20T14:00:46,0.888
AMLX,0001658551,success,4515.0,data\facts\0001658551.parquet,,,2026-07-20T14:00:46,2026-07-20T14:00:47,1.183
AMN,0001142750,success,21535.0,data\facts\0001142750.parquet,,,2026-07-20T14:00:48,2026-07-20T14:00:49,1.391
AMOD,0001862463,success,2972.0,data\facts\0001862463.parquet,,,2026-07-20T14:00:49,2026-07-20T14:00:50,0.985
AMP,0000820027,success,34458.0,data\facts\0000820027.parquet,,,2026-07-20T14:00:50,2026-07-20T14:00:52,1.871
AMPG,0001518461,success,12131.0,data\facts\0001518461.parquet,,,2026-07-20T14:00:53,2026-07-20T14:00:54,1.314
AMPH,0001297184,success,19562.0,data\facts\0001297184.parquet,,,2026-07-20T14:00:54,2026-07-20T14:00:56,1.382
AMPL,0001866692,success,5948.0,data\facts\0001866692.parquet,,,2026-07-20T14:00:56,2026-07-20T14:00:57,1.249
AMPM,0002049323,failed,,,HTTPError,404 Client Error: Not Found for url: https://data.sec.gov/api/xbrl/companyfacts/CIK0002049323.json,2026-07-20T14:00:57,2026-07-20T14:00:58,0.996
AMPX,0001899287,success,4133.0,data\facts\0001899287.parquet,,,2026-07-20T14:00:58,2026-07-20T14:00:59,1.057
AMPY,0001533924,success,15184.0,data\facts\0001533924.parquet,,,2026-07-20T14:01:00,2026-07-20T14:01:01,1.477
AMR,0001704715,success,12117.0,data\facts\0001704715.parquet,,,2026-07-20T14:01:01,2026-07-20T14:01:03,1.278
AMRC,0001488139,success,25935.0,data\facts\0001488139.parquet,,,2026-07-20T14:01:03,2026-07-20T14:01:04,1.347
AMRN,0000897448,success,16606.0,data\facts\0000897448.parquet,,,2026-07-20T14:01:05,2026-07-20T14:01:06,1.383
AMRQF,0002076631,failed,,,HTTPError,404 Client Error: Not Found for url: https://data.sec.gov/api/xbrl/companyfacts/CIK0002076631.json,2026-07-20T14:01:06,2026-07-20T14:01:07,0.91
AMRX,0001723128,success,12894.0,data\facts\0001723128.parquet,,,2026-07-20T14:01:07,2026-07-20T14:01:08,1.164
AMRZ,0002035989,success,1783.0,data\facts\0002035989.parquet,,,2026-07-20T14:01:09,2026-07-20T14:01:10,1.088
AMS,0000744825,success,17305.0,data\facts\0000744825.parquet,,,2026-07-20T14:01:10,2026-07-20T14:01:11,1.386
AMSC,0000880807,success,21831.0,data\facts\0000880807.parquet,,,2026-07-20T14:01:12,2026-07-20T14:01:13,1.237
AMSF,0001018979,success,23317.0,data\facts\0001018979.parquet,,,2026-07-20T14:01:13,2026-07-20T14:01:14,1.414
AMSS,0001851491,success,289.0,data\facts\0001851491.parquet,,,2026-07-20T14:01:15,2026-07-20T14:01:16,0.857
AMST,0001807166,success,4758.0,data\facts\0001807166.parquet,,,2026-07-20T14:01:16,2026-07-20T14:01:17,1.101
AMT,0001053507,success,32220.0,data\facts\0001053507.parquet,,,2026-07-20T14:01:17,2026-07-20T14:01:19,1.599
AMTB,0001734342,success,17909.0,data\facts\0001734342.parquet,,,2026-07-20T14:01:19,2026-07-20T14:01:20,1.323
AMTD,0001769731,success,3009.0,data\facts\0001769731.parquet,,,2026-07-20T14:01:20,2026-07-20T14:01:21,1.033
AMTM,0002011286,success,2533.0,data\facts\0002011286.parquet,,,2026-07-20T14:01:22,2026-07-20T14:01:23,1.058
AMTU,0002078570,success,5.0,data\facts\0002078570.parquet,,,2026-07-20T14:01:23,2026-07-20T14:01:24,0.941
AMTX,0000738214,success,18527.0,data\facts\0000738214.parquet,,,2026-07-20T14:01:24,2026-07-20T14:01:26,1.477
AMUB,0001114446,success,6865.0,data\facts\0001114446.parquet,,,2026-07-20T14:01:26,2026-07-20T14:01:27,1.188
AMVOY,0002085236,failed,,,HTTPError,404 Client Error: Not Found for url: https://data.sec.gov/api/xbrl/companyfacts/CIK0002085236.json,2026-07-20T14:01:27,2026-07-20T14:01:28,0.757
AMWL,0001393584,success,8120.0,data\facts\0001393584.parquet,,,2026-07-20T14:01:28,2026-07-20T14:01:30,1.285
AMX,0001129137,success,7079.0,data\facts\0001129137.parquet,,,2026-07-20T14:01:30,2026-07-20T14:01:31,1.117
AMZE,0001880343,success,3816.0,data\facts\0001880343.parquet,,,2026-07-20T14:01:31,2026-07-20T14:01:32,1.027
AMZN,0001018724,success,29222.0,data\facts\0001018724.parquet,,,2026-07-20T14:01:32,2026-07-20T14:01:34,1.484
AN,0000350698,success,22771.0,data\facts\0000350698.parquet,,,2026-07-20T14:01:34,2026-07-20T14:01:35,1.439
ANAB,0001370053,success,9936.0,data\facts\0001370053.parquet,,,2026-07-20T14:01:36,2026-07-20T14:01:37,1.182
ANDE,0000821026,success,29522.0,data\facts\0000821026.parquet,,,2026-07-20T14:01:37,2026-07-20T14:01:39,1.524
ANDG,0002065708,success,761.0,data\facts\0002065708.parquet,,,2026-07-20T14:01:39,2026-07-20T14:01:40,1.177
ANEB,0001815974,success,2770.0,data\facts\0001815974.parquet,,,2026-07-20T14:01:40,2026-07-20T14:01:41,1.058
ANET,0001596532,success,19941.0,data\facts\0001596532.parquet,,,2026-07-20T14:01:42,2026-07-20T14:01:43,1.277
ANF,0001018840,success,21630.0,data\facts\0001018840.parquet,,,2026-07-20T14:01:43,2026-07-20T14:01:44,1.396
ANG-PD,0001039828,success,31858.0,data\facts\0001039828.parquet,,,2026-07-20T14:01:45,2026-07-20T14:01:46,1.783
ANGH,0001871983,success,2041.0,data\facts\0001871983.parquet,,,2026-07-20T14:01:47,2026-07-20T14:01:48,1.071
ANGI,0001705110,success,11875.0,data\facts\0001705110.parquet,,,2026-07-20T14:01:48,2026-07-20T14:01:49,1.117
ANGO,0001275187,success,23052.0,data\facts\0001275187.parquet,,,2026-07-20T14:01:49,2026-07-20T14:01:51,1.412
ANGX,0001865200,success,2652.0,data\facts\0001865200.parquet,,,2026-07-20T14:01:51,2026-07-20T14:01:52,1.329
ANIK,0000898437,success,18622.0,data\facts\0000898437.parquet,,,2026-07-20T14:01:53,2026-07-20T14:01:54,1.241
ANIP,0001023024,success,18958.0,data\facts\0001023024.parquet,,,2026-07-20T14:01:54,2026-07-20T14:01:55,1.442
ANIX,0000715446,success,10666.0,data\facts\0000715446.parquet,,,2026-07-20T14:01:56,2026-07-20T14:01:57,1.339
ANJFY,0002098397,failed,,,HTTPError,404 Client Error: Not Found for url: https://data.sec.gov/api/xbrl/companyfacts/CIK0002098397.json,2026-07-20T14:01:57,2026-07-20T14:01:58,0.879
ANKM,0001781629,success,2118.0,data\facts\0001781629.parquet,,,2026-07-20T14:01:58,2026-07-20T14:01:59,1.084
ANL,0001944552,success,1093.0,data\facts\0001944552.parquet,,,2026-07-20T14:02:00,2026-07-20T14:02:01,1.11
ANNA,0001845123,success,2542.0,data\facts\0001845123.parquet,,,2026-07-20T14:02:01,2026-07-20T14:02:02,1.07
ANNSF,0001700171,failed,,,HTTPError,404 Client Error: Not Found for url: https://data.sec.gov/api/xbrl/companyfacts/CIK0001700171.json,2026-07-20T14:02:02,2026-07-20T14:02:03,0.957
ANNX,0001528115,success,6029.0,data\facts\0001528115.parquet,,,2026-07-20T14:02:03,2026-07-20T14:02:05,1.128
ANPA,0002031688,success,243.0,data\facts\0002031688.parquet,,,2026-07-20T14:02:05,2026-07-20T14:02:06,0.871
ANPCF,0001620678,failed,,,HTTPError,404 Client Error: Not Found for url: https://data.sec.gov/api/xbrl/companyfacts/CIK0001620678.json,2026-07-20T14:02:06,2026-07-20T14:02:07,1.022
ANRO,0001999480,success,2165.0,data\facts\0001999480.parquet,,,2026-07-20T14:02:07,2026-07-20T14:02:08,1.062
ANSC,0001854149,success,913.0,data\facts\0001854149.parquet,,,2026-07-20T14:02:08,2026-07-20T14:02:09,1.048
ANTA,0002044255,success,365.0,data\facts\0002044255.parquet,,,2026-07-20T14:02:10,2026-07-20T14:02:11,1.81
ANTX,0001880438,success,3365.0,data\facts\0001880438.parquet,,,2026-07-20T14:02:12,2026-07-20T14:02:13,0.953
ANVI,0001570132,success,4294.0,data\facts\0001570132.parquet,,,2026-07-20T14:02:13,2026-07-20T14:02:14,1.031
ANVS,0001477845,success,4034.0,data\facts\0001477845.parquet,,,2026-07-20T14:02:14,2026-07-20T14:02:15,1.1
ANY,0001591956,success,11102.0,data\facts\0001591956.parquet,,,2026-07-20T14:02:15,2026-07-20T14:02:16,1.068
AOAO,0002042320,failed,,,HTTPError,404 Client Error: Not Found for url: https://data.sec.gov/api/xbrl/companyfacts/CIK0002042320.json,2026-07-20T14:02:17,2026-07-20T14:02:18,0.98
AOD,0001379400,failed,,,ValueError,Company Facts에서 facts 데이터를 찾지 못했습니다.,2026-07-20T14:02:18,2026-07-20T14:02:19,0.995
AOMFF,0001062066,failed,,,HTTPError,404 Client Error: Not Found for url: https://data.sec.gov/api/xbrl/companyfacts/CIK0001062066.json,2026-07-20T14:02:19,2026-07-20T14:02:20,0.86
AOMR,0001766478,success,4365.0,data\facts\0001766478.parquet,,,2026-07-20T14:02:20,2026-07-20T14:02:21,1.148
AON,0000315293,success,31277.0,data\facts\0000315293.parquet,,,2026-07-20T14:02:22,2026-07-20T14:02:23,1.704
AORT,0000784199,success,20702.0,data\facts\0000784199.parquet,,,2026-07-20T14:02:24,2026-07-20T14:02:25,1.443
AOS,0000091142,success,20203.0,data\facts\0000091142.parquet,,,2026-07-20T14:02:25,2026-07-20T14:02:27,1.622
AOSL,0001387467,success,23431.0,data\facts\0001387467.parquet,,,2026-07-20T14:02:27,2026-07-20T14:02:28,1.35
AOUT,0001808997,success,7238.0,data\facts\0001808997.parquet,,,2026-07-20T14:02:29,2026-07-20T14:02:30,1.336
AOXY,0000352991,success,8767.0,data\facts\0000352991.parquet,,,2026-07-20T14:02:30,2026-07-20T14:02:31,1.17
AP,0000006176,success,21437.0,data\facts\0000006176.parquet,,,2026-07-20T14:02:32,2026-07-20T14:02:33,1.47
APA,0001841666,success,8697.0,data\facts\0001841666.parquet,,,2026-07-20T14:02:33,2026-07-20T14:02:34,1.193
APAAF,0001419336,failed,,,HTTPError,404 Client Error: Not Found for url: https://data.sec.gov/api/xbrl/companyfacts/CIK0001419336.json,2026-07-20T14:02:35,2026-07-20T14:02:36,0.97
APAC,0002043630,success,244.0,data\facts\0002043630.parquet,,,2026-07-20T14:02:36,2026-07-20T14:02:37,0.999
APAM,0001517302,success,18530.0,data\facts\0001517302.parquet,,,2026-07-20T14:02:37,2026-07-20T14:02:38,1.304
APBD,0002114463,failed,,,ValueError,변환된 Fact Store가 비어 있습니다.,2026-07-20T14:02:39,2026-07-20T14:02:40,0.913
APC,0002080921,success,201.0,data\facts\0002080921.parquet,,,2026-07-20T14:02:40,2026-07-20T14:02:41,1.046
APCX,0001070050,success,5659.0,data\facts\0001070050.parquet,,,2026-07-20T14:02:41,2026-07-20T14:02:42,1.057
APD,0000002969,success,34164.0,data\facts\0000002969.parquet,,,2026-07-20T14:02:42,2026-07-20T14:02:44,1.698
APEI,0001201792,success,19246.0,data\facts\0001201792.parquet,,,2026-07-20T14:02:44,2026-07-20T14:02:46,1.569
APEX,0002069858,success,426.0,data\facts\0002069858.parquet,,,2026-07-20T14:02:46,2026-07-20T14:02:47,1.012
APG,0001796209,success,10414.0,data\facts\0001796209.parquet,,,2026-07-20T14:02:47,2026-07-20T14:02:48,1.153
APGE,0001974640,success,2675.0,data\facts\0001974640.parquet,,,2026-07-20T14:02:49,2026-07-20T14:02:50,1.147
APGOF,0001811931,failed,,,HTTPError,404 Client Error: Not Found for url: https://data.sec.gov/api/xbrl/companyfacts/CIK0001811931.json,2026-07-20T14:02:50,2026-07-20T14:02:51,0.981
APH,0000820313,success,23261.0,data\facts\0000820313.parquet,,,2026-07-20T14:02:51,2026-07-20T14:02:53,1.469
APHD,0001490054,success,7594.0,data\facts\0001490054.parquet,,,2026-07-20T14:02:53,2026-07-20T14:02:54,1.117
APHP,0001771995,success,1854.0,data\facts\0001771995.parquet,,,2026-07-20T14:02:54,2026-07-20T14:02:55,1.101
API,0001802883,success,2839.0,data\facts\0001802883.parquet,,,2026-07-20T14:02:56,2026-07-20T14:02:57,1.064
APLD,0001144879,success,5253.0,data\facts\0001144879.parquet,,,2026-07-20T14:02:57,2026-07-20T14:02:58,1.164
APLE,0001418121,success,14232.0,data\facts\0001418121.parquet,,,2026-07-20T14:02:58,2026-07-20T14:03:00,1.298
APLM,0001944885,success,1284.0,data\facts\0001944885.parquet,,,2026-07-20T14:03:00,2026-07-20T14:03:01,1.01
APM,0001734005,success,5960.0,data\facts\0001734005.parquet,,,2026-07-20T14:03:01,2026-07-20T14:03:02,1.18
APMC,0002101393,success,9.0,data\facts\0002101393.parquet,,,2026-07-20T14:03:02,2026-07-20T14:03:03,0.922
APMCF,0001628935,failed,,,HTTPError,404 Client Error: Not Found for url: https://data.sec.gov/api/xbrl/companyfacts/CIK0001628935.json,2026-07-20T14:03:04,2026-07-20T14:03:05,0.961
APNA,0002085795,failed,,,HTTPError,404 Client Error: Not Found for url: https://data.sec.gov/api/xbrl/companyfacts/CIK0002085795.json,2026-07-20T14:03:05,2026-07-20T14:03:06,0.893
APO,0001858681,success,8479.0,data\facts\0001858681.parquet,,,2026-07-20T14:03:06,2026-07-20T14:03:07,1.288
APOG,0000006845,success,25450.0,data\facts\0000006845.parquet,,,2026-07-20T14:03:07,2026-07-20T14:03:09,1.568
APP,0001751008,success,7009.0,data\facts\0001751008.parquet,,,2026-07-20T14:03:09,2026-07-20T14:03:10,1.104
APPF,0001433195,success,15024.0,data\facts\0001433195.parquet,,,2026-07-20T14:03:11,2026-07-20T14:03:12,1.442
APPN,0001441683,success,13124.0,data\facts\0001441683.parquet,,,2026-07-20T14:03:12,2026-07-20T14:03:13,1.268
APPS,0000317788,success,23349.0,data\facts\0000317788.parquet,,,2026-07-20T14:03:14,2026-07-20T14:03:15,1.508
APRE,0001781983,success,4612.0,data\facts\0001781983.parquet,,,2026-07-20T14:03:15,2026-07-20T14:03:16,0.976
APSI,0001553264,success,2379.0,data\facts\0001553264.parquet,,,2026-07-20T14:03:17,2026-07-20T14:03:18,1.165
APT,0000884269,success,12898.0,data\facts\0000884269.parquet,,,2026-07-20T14:03:18,2026-07-20T14:03:19,1.308
APTN,0001938571,success,1246.0,data\facts\0001938571.parquet,,,2026-07-20T14:03:20,2026-07-20T14:03:21,1.061
APTOF,0000882361,success,8073.0,data\facts\0000882361.parquet,,,2026-07-20T14:03:21,2026-07-20T14:03:22,1.269
APTV,0001521332,success,30824.0,data\facts\0001521332.parquet,,,2026-07-20T14:03:22,2026-07-20T14:03:24,1.66
APUR,0002093524,success,64.0,data\facts\0002093524.parquet,,,2026-07-20T14:03:24,2026-07-20T14:03:25,0.955
APUS,0001894525,success,937.0,data\facts\0001894525.parquet,,,2026-07-20T14:03:25,2026-07-20T14:03:26,0.961
APVO,0001671584,success,7855.0,data\facts\0001671584.parquet,,,2026-07-20T14:03:27,2026-07-20T14:03:28,1.281
APWC,0001026980,success,5575.0,data\facts\0001026980.parquet,,,2026-07-20T14:03:28,2026-07-20T14:03:29,1.089
APXCF,0002093856,failed,,,HTTPError,404 Client Error: Not Found for url: https://data.sec.gov/api/xbrl/companyfacts/CIK0002093856.json,2026-07-20T14:03:29,2026-07-20T14:03:30,0.917
APXT,0002079253,success,136.0,data\facts\0002079253.parquet,,,2026-07-20T14:03:31,2026-07-20T14:03:32,1.092
APYX,0000719135,success,18680.0,data\facts\0000719135.parquet,,,2026-07-20T14:03:32,2026-07-20T14:03:33,1.413
AQB,0001603978,success,8327.0,data\facts\0001603978.parquet,,,2026-07-20T14:03:33,2026-07-20T14:03:35,1.141
AQMS,0001621832,success,10854.0,data\facts\0001621832.parquet,,,2026-07-20T14:03:35,2026-07-20T14:03:36,1.236
AQN,0001174169,success,13897.0,data\facts\0001174169.parquet,,,2026-07-20T14:03:36,2026-07-20T14:03:38,1.312
AQST,0001398733,success,8241.0,data\facts\0001398733.parquet,,,2026-07-20T14:03:38,2026-07-20T14:03:39,1.161
AR,0001433270,success,18668.0,data\facts\0001433270.parquet,,,2026-07-20T14:03:39,2026-07-20T14:03:41,1.336
ARAI,0001818274,success,1911.0,data\facts\0001818274.parquet,,,2026-07-20T14:03:41,2026-07-20T14:03:42,1.093
ARAY,0001138723,success,21569.0,data\facts\0001138723.parquet,,,2026-07-20T14:03:42,2026-07-20T14:03:44,1.442
ARBB,0001930179,success,2052.0,data\facts\0001930179.parquet,,,2026-07-20T14:03:44,2026-07-20T14:03:45,1.013
ARBE,0001861841,success,3314.0,data\facts\0001861841.parquet,,,2026-07-20T14:03:45,2026-07-20T14:03:46,1.072
ARBK,0001841675,success,2058.0,data\facts\0001841675.parquet,,,2026-07-20T14:03:46,2026-07-20T14:03:47,1.025
ARCB,0000894405,success,22623.0,data\facts\0000894405.parquet,,,2026-07-20T14:03:48,2026-07-20T14:03:49,1.4
ARCC,0001287750,success,5555.0,data\facts\0001287750.parquet,,,2026-07-20T14:03:49,2026-07-20T14:03:50,1.12
ARCI,0002083910,success,82.0,data\facts\0002083910.parquet,,,2026-07-20T14:03:51,2026-07-20T14:03:52,0.954
ARCL,0002073515,success,61.0,data\facts\0002073515.parquet,,,2026-07-20T14:03:52,2026-07-20T14:03:53,0.964
ARCO,0001508478,success,7380.0,data\facts\0001508478.parquet,,,2026-07-20T14:03:53,2026-07-20T14:03:54,1.199
ARCT,0001768224,success,6180.0,data\facts\0001768224.parquet,,,2026-07-20T14:03:54,2026-07-20T14:03:56,1.19
ARDC,0001515324,failed,,,ValueError,Company Facts에서 facts 데이터를 찾지 못했습니다.,2026-07-20T14:03:56,2026-07-20T14:03:57,0.942
ARDT,0001756655,success,2693.0,data\facts\0001756655.parquet,,,2026-07-20T14:03:57,2026-07-20T14:03:58,1.054
ARDX,0001437402,success,12763.0,data\facts\0001437402.parquet,,,2026-07-20T14:03:58,2026-07-20T14:03:59,1.268
ARE,0001035443,success,25957.0,data\facts\0001035443.parquet,,,2026-07-20T14:04:00,2026-07-20T14:04:01,1.478
AREB,0001648087,success,9499.0,data\facts\0001648087.parquet,,,2026-07-20T14:04:01,2026-07-20T14:04:03,1.142
AREC,0001590715,success,11065.0,data\facts\0001590715.parquet,,,2026-07-20T14:04:03,2026-07-20T14:04:04,1.237
AREN,0000894871,success,13757.0,data\facts\0000894871.parquet,,,2026-07-20T14:04:04,2026-07-20T14:04:06,1.287
ARES,0001176948,success,9088.0,data\facts\0001176948.parquet,,,2026-07-20T14:04:06,2026-07-20T14:04:07,1.245
ARGX,0001697862,success,5776.0,data\facts\0001697862.parquet,,,2026-07-20T14:04:07,2026-07-20T14:04:08,1.147
ARHS,0001875444,success,6482.0,data\facts\0001875444.parquet,,,2026-07-20T14:04:09,2026-07-20T14:04:10,1.234
ARI,0001467760,success,17228.0,data\facts\0001467760.parquet,,,2026-07-20T14:04:10,2026-07-20T14:04:12,1.515
ARIS,0001964504,success,1153.0,data\facts\0001964504.parquet,,,2026-07-20T14:04:12,2026-07-20T14:04:13,1.051
ARKB,0001869699,success,936.0,data\facts\0001869699.parquet,,,2026-07-20T14:04:13,2026-07-20T14:04:14,1.076
ARKO,0001823794,success,8462.0,data\facts\0001823794.parquet,,,2026-07-20T14:04:14,2026-07-20T14:04:16,1.226
ARKR,0000779544,success,16519.0,data\facts\0000779544.parquet,,,2026-07-20T14:04:16,2026-07-20T14:04:17,1.287
ARL,0001102238,success,18374.0,data\facts\0001102238.parquet,,,2026-07-20T14:04:17,2026-07-20T14:04:19,1.424
ARLO,0001736946,success,11397.0,data\facts\0001736946.parquet,,,2026-07-20T14:04:19,2026-07-20T14:04:20,1.14
ARLP,0001086600,success,21133.0,data\facts\0001086600.parquet,,,2026-07-20T14:04:20,2026-07-20T14:04:22,1.666
ARLSF,0001852354,failed,,,HTTPError,404 Client Error: Not Found for url: https://data.sec.gov/api/xbrl/companyfacts/CIK0001852354.json,2026-07-20T14:04:22,2026-07-20T14:04:23,0.957
ARM,0001973239,success,4104.0,data\facts\0001973239.parquet,,,2026-07-20T14:04:23,2026-07-20T14:04:24,1.08
ARMK,0001584509,success,18049.0,data\facts\0001584509.parquet,,,2026-07-20T14:04:25,2026-07-20T14:04:26,1.299
ARMP,0000921114,success,10865.0,data\facts\0000921114.parquet,,,2026-07-20T14:04:26,2026-07-20T14:04:28,1.288
ARNNY,0001719117,failed,,,HTTPError,404 Client Error: Not Found for url: https://data.sec.gov/api/xbrl/companyfacts/CIK0001719117.json,2026-07-20T14:04:28,2026-07-20T14:04:29,0.899
AROC,0001389050,success,24899.0,data\facts\0001389050.parquet,,,2026-07-20T14:04:29,2026-07-20T14:04:30,1.45
AROW,0000717538,success,36875.0,data\facts\0000717538.parquet,,,2026-07-20T14:04:31,2026-07-20T14:04:32,1.802
ARQ,0001515156,success,19071.0,data\facts\0001515156.parquet,,,2026-07-20T14:04:33,2026-07-20T14:04:34,1.484
ARQQ,0001859690,success,1796.0,data\facts\0001859690.parquet,,,2026-07-20T14:04:34,2026-07-20T14:04:35,1.146
ARQT,0001787306,success,7921.0,data\facts\0001787306.parquet,,,2026-07-20T14:04:36,2026-07-20T14:04:37,1.191
ARR,0001428205,success,17813.0,data\facts\0001428205.parquet,,,2026-07-20T14:04:37,2026-07-20T14:04:38,1.369
ARRKF,0001855743,success,471.0,data\facts\0001855743.parquet,,,2026-07-20T14:04:39,2026-07-20T14:04:40,1.063
ARRT,0001530425,success,6138.0,data\facts\0001530425.parquet,,,2026-07-20T14:04:40,2026-07-20T14:04:41,1.109
ARRY,0001820721,success,9920.0,data\facts\0001820721.parquet,,,2026-07-20T14:04:41,2026-07-20T14:04:43,1.304
ARSTY,0002044984,failed,,,HTTPError,404 Client Error: Not Found for url: https://data.sec.gov/api/xbrl/companyfacts/CIK0002044984.json,2026-07-20T14:04:43,2026-07-20T14:04:44,0.881
ARTC,0002086545,success,102.0,data\facts\0002086545.parquet,,,2026-07-20T14:04:44,2026-07-20T14:04:45,1.046
ARTL,0001621221,success,7564.0,data\facts\0001621221.parquet,,,2026-07-20T14:04:45,2026-07-20T14:04:46,0.956
ARTNA,0000863110,success,18980.0,data\facts\0000863110.parquet,,,2026-07-20T14:04:46,2026-07-20T14:04:48,1.49
ARTV,0001817241,success,1823.0,data\facts\0001817241.parquet,,,2026-07-20T14:04:48,2026-07-20T14:04:49,1.081
ARTW,0000007623,success,17304.0,data\facts\0000007623.parquet,,,2026-07-20T14:04:49,2026-07-20T14:04:51,1.405
ARVN,0001655759,success,8287.0,data\facts\0001655759.parquet,,,2026-07-20T14:04:51,2026-07-20T14:04:53,1.512
ARW,0000007536,success,21823.0,data\facts\0000007536.parquet,,,2026-07-20T14:04:53,2026-07-20T14:04:55,1.774
ARWR,0000879407,success,19014.0,data\facts\0000879407.parquet,,,2026-07-20T14:04:55,2026-07-20T14:04:56,1.611
ARX,0001997350,success,2085.0,data\facts\0001997350.parquet,,,2026-07-20T14:04:57,2026-07-20T14:04:58,1.134
ARXS,0002093536,success,258.0,data\facts\0002093536.parquet,,,2026-07-20T14:04:58,2026-07-20T14:04:59,0.998
ARZTF,0001423210,failed,,,HTTPError,404 Client Error: Not Found for url: https://data.sec.gov/api/xbrl/companyfacts/CIK0001423210.json,2026-07-20T14:04:59,2026-07-20T14:05:00,0.957
AS,0001988894,success,3624.0,data\facts\0001988894.parquet,,,2026-07-20T14:05:00,2026-07-20T14:05:02,1.307
ASA,0001230869,failed,,,ValueError,Company Facts에서 facts 데이터를 찾지 못했습니다.,2026-07-20T14:05:02,2026-07-20T14:05:03,1.065
ASAIY,0001834048,success,2663.0,data\facts\0001834048.parquet,,,2026-07-20T14:05:03,2026-07-20T14:05:04,1.281
ASAN,0001477720,success,8602.0,data\facts\0001477720.parquet,,,2026-07-20T14:05:05,2026-07-20T14:05:06,1.357
ASB,0000007789,success,41479.0,data\facts\0000007789.parquet,,,2026-07-20T14:05:06,2026-07-20T14:05:09,2.775
ASBHY,0002055337,failed,,,HTTPError,404 Client Error: Not Found for url: https://data.sec.gov/api/xbrl/companyfacts/CIK0002055337.json,2026-07-20T14:05:09,2026-07-20T14:05:10,0.983
ASBP,0001847345,success,2647.0,data\facts\0001847345.parquet,,,2026-07-20T14:05:10,2026-07-20T14:05:12,1.15
ASC,0001577437,success,10693.0,data\facts\0001577437.parquet,,,2026-07-20T14:05:12,2026-07-20T14:05:13,1.173
ASCBF,0001876716,success,1782.0,data\facts\0001876716.parquet,,,2026-07-20T14:05:13,2026-07-20T14:05:14,1.06
ASCIX,0001716885,failed,,,HTTPError,404 Client Error: Not Found for url: https://data.sec.gov/api/xbrl/companyfacts/CIK0001716885.json,2026-07-20T14:05:15,2026-07-20T14:05:16,0.995
ASFH,0001828748,success,4067.0,data\facts\0001828748.parquet,,,2026-07-20T14:05:16,2026-07-20T14:05:17,1.075
ASFT,0001651992,success,5558.0,data\facts\0001651992.parquet,,,2026-07-20T14:05:17,2026-07-20T14:05:18,1.255
ASG,0000786035,failed,,,ValueError,Company Facts에서 facts 데이터를 찾지 못했습니다.,2026-07-20T14:05:19,2026-07-20T14:05:19,0.927
ASGI,0001793855,failed,,,ValueError,Company Facts에서 facts 데이터를 찾지 못했습니다.,2026-07-20T14:05:20,2026-07-20T14:05:21,0.946
ASH,0001674862,success,17999.0,data\facts\0001674862.parquet,,,2026-07-20T14:05:21,2026-07-20T14:05:22,1.582
ASIC,0002040491,success,1744.0,data\facts\0002040491.parquet,,,2026-07-20T14:05:23,2026-07-20T14:05:24,1.056
ASII,0001464865,success,6466.0,data\facts\0001464865.parquet,,,2026-07-20T14:05:24,2026-07-20T14:05:25,1.231
ASIX,0001673985,success,14455.0,data\facts\0001673985.parquet,,,2026-07-20T14:05:25,2026-07-20T14:05:27,1.65
ASKRY,0002078895,failed,,,HTTPError,404 Client Error: Not Found for url: https://data.sec.gov/api/xbrl/companyfacts/CIK0002078895.json,2026-07-20T14:05:27,2026-07-20T14:05:28,0.957
ASLE,0001754170,success,7906.0,data\facts\0001754170.parquet,,,2026-07-20T14:05:28,2026-07-20T14:05:30,1.33
ASM,0000316888,success,6623.0,data\facts\0000316888.parquet,,,2026-07-20T14:05:30,2026-07-20T14:05:31,1.154
ASMB,0001426800,success,13497.0,data\facts\0001426800.parquet,,,2026-07-20T14:05:31,2026-07-20T14:05:33,1.244
ASML,0000937966,success,11381.0,data\facts\0000937966.parquet,,,2026-07-20T14:05:33,2026-07-20T14:05:34,1.242
ASND,0001612042,success,7292.0,data\facts\0001612042.parquet,,,2026-07-20T14:05:34,2026-07-20T14:05:35,1.174
ASNS,0001141284,success,5036.0,data\facts\0001141284.parquet,,,2026-07-20T14:05:36,2026-07-20T14:05:37,1.15
ASO,0001817358,success,8985.0,data\facts\0001817358.parquet,,,2026-07-20T14:05:37,2026-07-20T14:05:38,1.27
ASPC,0001890361,success,565.0,data\facts\0001890361.parquet,,,2026-07-20T14:05:39,2026-07-20T14:05:40,1.068
ASPI,0001921865,success,4949.0,data\facts\0001921865.parquet,,,2026-07-20T14:05:40,2026-07-20T14:05:41,1.061
ASPN,0001145986,success,12551.0,data\facts\0001145986.parquet,,,2026-07-20T14:05:41,2026-07-20T14:05:42,1.216
ASPS,0001462418,success,22967.0,data\facts\0001462418.parquet,,,2026-07-20T14:05:43,2026-07-20T14:05:44,1.354
ASR,0001123452,success,3096.0,data\facts\0001123452.parquet,,,2026-07-20T14:05:44,2026-07-20T14:05:45,1.141
ASRV,0000707605,success,34679.0,data\facts\0000707605.parquet,,,2026-07-20T14:05:46,2026-07-20T14:05:47,1.866
ASST,0001920406,success,2316.0,data\facts\0001920406.parquet,,,2026-07-20T14:05:48,2026-07-20T14:05:49,1.086
ASTC,0001001907,success,14659.0,data\facts\0001001907.parquet,,,2026-07-20T14:05:49,2026-07-20T14:05:50,1.459
ASTE,0000792987,success,23367.0,data\facts\0000792987.parquet,,,2026-07-20T14:05:51,2026-07-20T14:05:52,1.475
ASTH,0001083446,success,23510.0,data\facts\0001083446.parquet,,,2026-07-20T14:05:52,2026-07-20T14:05:54,1.501
ASTI,0001350102,success,14679.0,data\facts\0001350102.parquet,,,2026-07-20T14:05:54,2026-07-20T14:05:55,1.355
ASTL,0001860805,success,1231.0,data\facts\0001860805.parquet,,,2026-07-20T14:05:56,2026-07-20T14:05:57,1.055
ASTS,0001780312,success,6650.0,data\facts\0001780312.parquet,,,2026-07-20T14:05:57,2026-07-20T14:05:58,1.109
ASUR,0000884144,success,20792.0,data\facts\0000884144.parquet,,,2026-07-20T14:05:58,2026-07-20T14:06:00,1.452
ASX,0001122411,success,8495.0,data\facts\0001122411.parquet,,,2026-07-20T14:06:00,2026-07-20T14:06:01,1.243
ASYS,0000720500,success,19554.0,data\facts\0000720500.parquet,,,2026-07-20T14:06:01,2026-07-20T14:06:03,1.325
ATAC,0002135163,failed,,,ValueError,변환된 Fact Store가 비어 있습니다.,2026-07-20T14:06:03,2026-07-20T14:06:04,0.918
ATAI,0002081043,success,692.0,data\facts\0002081043.parquet,,,2026-07-20T14:06:04,2026-07-20T14:06:05,1.056
ATAT,0001853717,success,3075.0,data\facts\0001853717.parquet,,,2026-07-20T14:06:05,2026-07-20T14:06:07,1.119
ATAYY,0002127653,failed,,,HTTPError,404 Client Error: Not Found for url: https://data.sec.gov/api/xbrl/companyfacts/CIK0002127653.json,2026-07-20T14:06:07,2026-07-20T14:06:08,0.956
ATCH,0001963088,success,2758.0,data\facts\0001963088.parquet,,,2026-07-20T14:06:08,2026-07-20T14:06:09,1.107
ATCMF,0001567663,failed,,,HTTPError,404 Client Error: Not Found for url: https://data.sec.gov/api/xbrl/companyfacts/CIK0001567663.json,2026-07-20T14:06:09,2026-07-20T14:06:10,1.067
ATCX,0001684688,success,1615.0,data\facts\0001684688.parquet,,,2026-07-20T14:06:11,2026-07-20T14:06:12,1.074
ATDRF,0001647435,failed,,,HTTPError,404 Client Error: Not Found for url: https://data.sec.gov/api/xbrl/companyfacts/CIK0001647435.json,2026-07-20T14:06:12,2026-07-20T14:06:13,0.968
ATDS,0001068689,success,8136.0,data\facts\0001068689.parquet,,,2026-07-20T14:06:13,2026-07-20T14:06:14,1.219
ATEC,0001350653,success,22395.0,data\facts\0001350653.parquet,,,2026-07-20T14:06:15,2026-07-20T14:06:16,1.475
ATEK,0001882198,success,2731.0,data\facts\0001882198.parquet,,,2026-07-20T14:06:16,2026-07-20T14:06:17,1.066
ATEN,0001580808,success,16783.0,data\facts\0001580808.parquet,,,2026-07-20T14:06:18,2026-07-20T14:06:19,1.359
ATER,0001757715,success,8145.0,data\facts\0001757715.parquet,,,2026-07-20T14:06:19,2026-07-20T14:06:20,1.172
ATEX,0001304492,success,13329.0,data\facts\0001304492.parquet,,,2026-07-20T14:06:21,2026-07-20T14:06:22,1.266
ATEYY,0001158838,success,3330.0,data\facts\0001158838.parquet,,,2026-07-20T14:06:22,2026-07-20T14:06:23,1.133
ATGL,0001967621,success,1218.0,data\facts\0001967621.parquet,,,2026-07-20T14:06:23,2026-07-20T14:06:24,0.952
ATH-PA,0001527469,success,19209.0,data\facts\0001527469.parquet,,,2026-07-20T14:06:25,2026-07-20T14:06:26,1.494
ATHE,0001131343,success,2402.0,data\facts\0001131343.parquet,,,2026-07-20T14:06:26,2026-07-20T14:06:27,1.199
ATHM,0001527636,success,8038.0,data\facts\0001527636.parquet,,,2026-07-20T14:06:28,2026-07-20T14:06:29,1.244
ATHR,0002026353,success,943.0,data\facts\0002026353.parquet,,,2026-07-20T14:06:29,2026-07-20T14:06:30,1.016
ATI,0001018963,success,28604.0,data\facts\0001018963.parquet,,,2026-07-20T14:06:30,2026-07-20T14:06:32,1.74
ATII,0002028516,success,609.0,data\facts\0002028516.parquet,,,2026-07-20T14:06:32,2026-07-20T14:06:33,1.047
ATKR,0001666138,success,14725.0,data\facts\0001666138.parquet,,,2026-07-20T14:06:34,2026-07-20T14:06:35,1.251
ATLC,0001464343,success,22050.0,data\facts\0001464343.parquet,,,2026-07-20T14:06:35,2026-07-20T14:06:36,1.353
ATLO,0001132651,success,25107.0,data\facts\0001132651.parquet,,,2026-07-20T14:06:37,2026-07-20T14:06:38,1.558
ATLX,0001540684,success,13712.0,data\facts\0001540684.parquet,,,2026-07-20T14:06:38,2026-07-20T14:06:40,1.416
ATMH,0001484674,success,1873.0,data\facts\0001484674.parquet,,,2026-07-20T14:06:40,2026-07-20T14:06:41,1.098
ATMP,0000312070,success,16673.0,data\facts\0000312070.parquet,,,2026-07-20T14:06:41,2026-07-20T14:06:43,1.247
ATMU,0001921963,success,3737.0,data\facts\0001921963.parquet,,,2026-07-20T14:06:43,2026-07-20T14:06:44,1.206
ATNI,0000879585,success,23390.0,data\facts\0000879585.parquet,,,2026-07-20T14:06:44,2026-07-20T14:06:46,1.657
ATNM,0001388320,success,10096.0,data\facts\0001388320.parquet,,,2026-07-20T14:06:46,2026-07-20T14:06:48,1.341
ATO,0000731802,success,23167.0,data\facts\0000731802.parquet,,,2026-07-20T14:06:48,2026-07-20T14:06:49,1.57
ATOM,0001420520,success,8157.0,data\facts\0001420520.parquet,,,2026-07-20T14:06:50,2026-07-20T14:06:51,1.263
ATOS,0001488039,success,13169.0,data\facts\0001488039.parquet,,,2026-07-20T14:06:51,2026-07-20T14:06:53,1.641
ATPC,0001713210,success,10420.0,data\facts\0001713210.parquet,,,2026-07-20T14:06:53,2026-07-20T14:06:54,1.295
ATR,0000896622,success,25529.0,data\facts\0000896622.parquet,,,2026-07-20T14:06:55,2026-07-20T14:06:56,1.58
ATRA,0001604464,success,12233.0,data\facts\0001604464.parquet,,,2026-07-20T14:06:56,2026-07-20T14:06:58,1.242
ATRC,0001323885,success,20285.0,data\facts\0001323885.parquet,,,2026-07-20T14:06:58,2026-07-20T14:06:59,1.453
ATRO,0000008063,success,19615.0,data\facts\0000008063.parquet,,,2026-07-20T14:07:00,2026-07-20T14:07:01,1.464
ATS,0001394832,success,1172.0,data\facts\0001394832.parquet,,,2026-07-20T14:07:01,2026-07-20T14:07:02,1.054
ATVK,0001530185,success,2811.0,data\facts\0001530185.parquet,,,2026-07-20T14:07:02,2026-07-20T14:07:03,0.986
ATXG,0001650101,success,9411.0,data\facts\0001650101.parquet,,,2026-07-20T14:07:04,2026-07-20T14:07:05,1.277
ATXI,0001644963,success,5189.0,data\facts\0001644963.parquet,,,2026-07-20T14:07:05,2026-07-20T14:07:06,1.151
ATYR,0001339970,success,9844.0,data\facts\0001339970.parquet,,,2026-07-20T14:07:07,2026-07-20T14:07:08,1.148
AU,0001973832,success,2923.0,data\facts\0001973832.parquet,,,2026-07-20T14:07:08,2026-07-20T14:07:09,1.154
AUB,0000883948,success,36553.0,data\facts\0000883948.parquet,,,2026-07-20T14:07:09,2026-07-20T14:07:11,1.787
AUBN,0000750574,success,21749.0,data\facts\0000750574.parquet,,,2026-07-20T14:07:11,2026-07-20T14:07:13,1.566
AUC,0001755058,success,3909.0,data\facts\0001755058.parquet,,,2026-07-20T14:07:13,2026-07-20T14:07:14,1.086
AUDC,0001086434,success,7849.0,data\facts\0001086434.parquet,,,2026-07-20T14:07:14,2026-07-20T14:07:16,1.317
AUGCF,0001839290,failed,,,HTTPError,404 Client Error: Not Found for url: https://data.sec.gov/api/xbrl/companyfacts/CIK0001839290.json,2026-07-20T14:07:16,2026-07-20T14:07:17,0.973
AUGO,0001468642,success,1.0,data\facts\0001468642.parquet,,,2026-07-20T14:07:17,2026-07-20T14:07:18,0.924
AUID,0001534154,success,13378.0,data\facts\0001534154.parquet,,,2026-07-20T14:07:18,2026-07-20T14:07:20,1.285
AUMN,0001011509,success,11764.0,data\facts\0001011509.parquet,,,2026-07-20T14:07:20,2026-07-20T14:07:21,1.293
AUNA,0001799207,success,1066.0,data\facts\0001799207.parquet,,,2026-07-20T14:07:21,2026-07-20T14:07:22,0.955
AUPH,0001600620,success,8252.0,data\facts\0001600620.parquet,,,2026-07-20T14:07:23,2026-07-20T14:07:24,1.477
AUR,0001828108,success,5541.0,data\facts\0001828108.parquet,,,2026-07-20T14:07:24,2026-07-20T14:07:26,1.251
AURA,0001501796,success,4635.0,data\facts\0001501796.parquet,,,2026-07-20T14:07:26,2026-07-20T14:07:27,1.218
AURE,0001765850,success,841.0,data\facts\0001765850.parquet,,,2026-07-20T14:07:27,2026-07-20T14:07:28,1.065
AURFF,0001864597,failed,,,HTTPError,404 Client Error: Not Found for url: https://data.sec.gov/api/xbrl/companyfacts/CIK0001864597.json,2026-07-20T14:07:28,2026-07-20T14:07:29,0.925
AURX,0001091596,success,12789.0,data\facts\0001091596.parquet,,,2026-07-20T14:07:30,2026-07-20T14:07:31,1.356
AUSI,0000826253,success,11597.0,data\facts\0000826253.parquet,,,2026-07-20T14:07:31,2026-07-20T14:07:33,1.687
AUST,0001817740,success,1392.0,data\facts\0001817740.parquet,,,2026-07-20T14:07:33,2026-07-20T14:07:34,1.005
AUTL,0001730463,success,7290.0,data\facts\0001730463.parquet,,,2026-07-20T14:07:34,2026-07-20T14:07:36,1.243
AUUD,0001554818,success,4542.0,data\facts\0001554818.parquet,,,2026-07-20T14:07:36,2026-07-20T14:07:37,1.442
AUXXF,0001725603,failed,,,HTTPError,404 Client Error: Not Found for url: https://data.sec.gov/api/xbrl/companyfacts/CIK0001725603.json,2026-07-20T14:07:38,2026-07-20T14:07:38,0.947
AVA,0000104918,success,27040.0,data\facts\0000104918.parquet,,,2026-07-20T14:07:39,2026-07-20T14:07:41,1.978
AVAC,0002111009,failed,,,ValueError,변환된 Fact Store가 비어 있습니다.,2026-07-20T14:07:41,2026-07-20T14:07:42,0.926
AVAH,0001832332,success,5756.0,data\facts\0001832332.parquet,,,2026-07-20T14:07:42,2026-07-20T14:07:43,1.22
AVAI,0001740797,success,6365.0,data\facts\0001740797.parquet,,,2026-07-20T14:07:43,2026-07-20T14:07:45,1.184
AVAL,0001504764,success,6212.0,data\facts\0001504764.parquet,,,2026-07-20T14:07:45,2026-07-20T14:07:46,1.19
AVAT,0002092446,success,140.0,data\facts\0002092446.parquet,,,2026-07-20T14:07:46,2026-07-20T14:07:47,1.06
AVAV,0001368622,success,21164.0,data\facts\0001368622.parquet,,,2026-07-20T14:07:48,2026-07-20T14:07:49,1.529
AVB,0000915912,success,25091.0,data\facts\0000915912.parquet,,,2026-07-20T14:07:49,2026-07-20T14:07:51,1.568
AVBC,0002058758,success,2456.0,data\facts\0002058758.parquet,,,2026-07-20T14:07:51,2026-07-20T14:07:52,1.171
AVBH,0001443575,success,1839.0,data\facts\0001443575.parquet,,,2026-07-20T14:07:53,2026-07-20T14:07:54,0.999
AVBP,0001868279,success,1781.0,data\facts\0001868279.parquet,,,2026-07-20T14:07:54,2026-07-20T14:07:55,1.175
AVCRF,0001355736,success,2228.0,data\facts\0001355736.parquet,,,2026-07-20T14:07:55,2026-07-20T14:07:56,0.93
AVD,0000005981,success,19904.0,data\facts\0000005981.parquet,,,2026-07-20T14:07:56,2026-07-20T14:07:58,1.435
AVEX,0002096300,success,31.0,data\facts\0002096300.parquet,,,2026-07-20T14:07:58,2026-07-20T14:07:59,0.969
AVGO,0001730168,success,15076.0,data\facts\0001730168.parquet,,,2026-07-20T14:07:59,2026-07-20T14:08:00,1.215
AVIR,0001593899,success,4931.0,data\facts\0001593899.parquet,,,2026-07-20T14:08:01,2026-07-20T14:08:02,1.154
AVK,0001219120,success,2.0,data\facts\0001219120.parquet,,,2026-07-20T14:08:02,2026-07-20T14:08:03,0.957
AVLN,0001540171,success,267.0,data\facts\0001540171.parquet,,,2026-07-20T14:08:03,2026-07-20T14:08:04,0.936
AVLNF,0001362898,success,828.0,data\facts\0001362898.parquet,,,2026-07-20T14:08:04,2026-07-20T14:08:05,1.077
AVNI,0001113313,success,7656.0,data\facts\0001113313.parquet,,,2026-07-20T14:08:06,2026-07-20T14:08:07,1.204
AVNS,0001606498,success,16264.0,data\facts\0001606498.parquet,,,2026-07-20T14:08:07,2026-07-20T14:08:08,1.285
AVNT,0001122976,success,20915.0,data\facts\0001122976.parquet,,,2026-07-20T14:08:09,2026-07-20T14:08:10,1.656
AVNW,0001377789,success,21758.0,data\facts\0001377789.parquet,,,2026-07-20T14:08:11,2026-07-20T14:08:12,1.397
AVO,0001802974,success,7400.0,data\facts\0001802974.parquet,,,2026-07-20T14:08:12,2026-07-20T14:08:13,1.254
AVPMF,0001445467,success,2016.0,data\facts\0001445467.parquet,,,2026-07-20T14:08:14,2026-07-20T14:08:15,1.086
AVPT,0001777921,success,8084.0,data\facts\0001777921.parquet,,,2026-07-20T14:08:15,2026-07-20T14:08:16,1.066
AVR,0002011514,success,1210.0,data\facts\0002011514.parquet,,,2026-07-20T14:08:16,2026-07-20T14:08:17,1.079
AVT,0000008858,success,20451.0,data\facts\0000008858.parquet,,,2026-07-20T14:08:18,2026-07-20T14:08:19,1.379
AVTR,0001722482,success,10463.0,data\facts\0001722482.parquet,,,2026-07-20T14:08:19,2026-07-20T14:08:20,1.157
AVTX,0001534120,success,10341.0,data\facts\0001534120.parquet,,,2026-07-20T14:08:21,2026-07-20T14:08:22,1.527
AVVSY,0002082141,failed,,,HTTPError,404 Client Error: Not Found for url: https://data.sec.gov/api/xbrl/companyfacts/CIK0002082141.json,2026-07-20T14:08:22,2026-07-20T14:08:23,0.96
AVX,0001826397,success,4772.0,data\facts\0001826397.parquet,,,2026-07-20T14:08:24,2026-07-20T14:08:25,1.05
AVXL,0001314052,success,9076.0,data\facts\0001314052.parquet,,,2026-07-20T14:08:25,2026-07-20T14:08:26,1.216
AVY,0000008818,success,21356.0,data\facts\0000008818.parquet,,,2026-07-20T14:08:26,2026-07-20T14:08:28,1.497
AWATY,0002092258,failed,,,HTTPError,404 Client Error: Not Found for url: https://data.sec.gov/api/xbrl/companyfacts/CIK0002092258.json,2026-07-20T14:08:28,2026-07-20T14:08:29,0.923
AWCA,0001021917,success,6290.0,data\facts\0001021917.parquet,,,2026-07-20T14:08:29,2026-07-20T14:08:30,1.22
AWF,0000906013,failed,,,HTTPError,404 Client Error: Not Found for url: https://data.sec.gov/api/xbrl/companyfacts/CIK0000906013.json,2026-07-20T14:08:31,2026-07-20T14:08:31,0.91
AWHL,0000926617,success,12082.0,data\facts\0000926617.parquet,,,2026-07-20T14:08:32,2026-07-20T14:08:33,1.321
AWI,0000007431,success,24835.0,data\facts\0000007431.parquet,,,2026-07-20T14:08:33,2026-07-20T14:08:35,1.493
AWK,0001410636,success,25580.0,data\facts\0001410636.parquet,,,2026-07-20T14:08:35,2026-07-20T14:08:36,1.401
AWLIF,0001866034,failed,,,HTTPError,404 Client Error: Not Found for url: https://data.sec.gov/api/xbrl/companyfacts/CIK0001866034.json,2026-07-20T14:08:37,2026-07-20T14:08:37,0.786
AWP,0001390195,success,38.0,data\facts\0001390195.parquet,,,2026-07-20T14:08:38,2026-07-20T14:08:39,0.902
AWR,0001056903,success,20429.0,data\facts\0001056903.parquet,,,2026-07-20T14:08:39,2026-07-20T14:08:40,1.525
AWRE,0001015739,success,13216.0,data\facts\0001015739.parquet,,,2026-07-20T14:08:41,2026-07-20T14:08:42,1.312
AWX,0001061069,success,14344.0,data\facts\0001061069.parquet,,,2026-07-20T14:08:42,2026-07-20T14:08:43,1.255
AX,0001299709,success,28277.0,data\facts\0001299709.parquet,,,2026-07-20T14:08:44,2026-07-20T14:08:45,1.677
AXG,0001959224,success,1233.0,data\facts\0001959224.parquet,,,2026-07-20T14:08:45,2026-07-20T14:08:47,1.061
AXGN,0000805928,success,14468.0,data\facts\0000805928.parquet,,,2026-07-20T14:08:47,2026-07-20T14:08:48,1.272
AXIA,0001439124,success,5061.0,data\facts\0001439124.parquet,,,2026-07-20T14:08:48,2026-07-20T14:08:49,1.187
AXIL,0001718500,success,8025.0,data\facts\0001718500.parquet,,,2026-07-20T14:08:50,2026-07-20T14:08:51,1.191
AXIM,0001514946,success,11444.0,data\facts\0001514946.parquet,,,2026-07-20T14:08:51,2026-07-20T14:08:52,1.342
AXIN,0002057030,success,241.0,data\facts\0002057030.parquet,,,2026-07-20T14:08:53,2026-07-20T14:08:54,1.051
AXON,0001069183,success,22506.0,data\facts\0001069183.parquet,,,2026-07-20T14:08:54,2026-07-20T14:08:55,1.507
AXP,0000004962,success,31414.0,data\facts\0000004962.parquet,,,2026-07-20T14:08:56,2026-07-20T14:08:58,2.241
AXR,0000006207,success,13068.0,data\facts\0000006207.parquet,,,2026-07-20T14:08:58,2026-07-20T14:09:00,1.363
AXREF,0001175596,success,2781.0,data\facts\0001175596.parquet,,,2026-07-20T14:09:00,2026-07-20T14:09:01,1.105
AXS,0001214816,success,30997.0,data\facts\0001214816.parquet,,,2026-07-20T14:09:01,2026-07-20T14:09:03,1.796
AXSM,0001579428,success,9887.0,data\facts\0001579428.parquet,,,2026-07-20T14:09:03,2026-07-20T14:09:04,1.213
AXTA,0001616862,success,20701.0,data\facts\0001616862.parquet,,,2026-07-20T14:09:05,2026-07-20T14:09:06,1.465
AXTI,0001051627,success,22809.0,data\facts\0001051627.parquet,,,2026-07-20T14:09:06,2026-07-20T14:09:08,1.497
AYA,0001826836,failed,,,HTTPError,404 Client Error: Not Found for url: https://data.sec.gov/api/xbrl/companyfacts/CIK0001826836.json,2026-07-20T14:09:08,2026-07-20T14:09:09,0.943
AYI,0001144215,success,23411.0,data\facts\0001144215.parquet,,,2026-07-20T14:09:09,2026-07-20T14:09:11,1.451
AYR,0001362988,success,21426.0,data\facts\0001362988.parquet,,,2026-07-20T14:09:11,2026-07-20T14:09:13,1.706
AYRWF,0001847462,success,1467.0,data\facts\0001847462.parquet,,,2026-07-20T14:09:13,2026-07-20T14:09:14,1.183
AYTU,0001385818,success,15644.0,data\facts\0001385818.parquet,,,2026-07-20T14:09:14,2026-07-20T14:09:16,1.435
AZ,0001866030,success,2628.0,data\facts\0001866030.parquet,,,2026-07-20T14:09:16,2026-07-20T14:09:17,1.088
AZASF,0001701599,failed,,,HTTPError,404 Client Error: Not Found for url: https://data.sec.gov/api/xbrl/companyfacts/CIK0001701599.json,2026-07-20T14:09:17,2026-07-20T14:09:18,1.019
AZBLY,0002108185,failed,,,HTTPError,404 Client Error: Not Found for url: https://data.sec.gov/api/xbrl/companyfacts/CIK0002108185.json,2026-07-20T14:09:18,2026-07-20T14:09:19,0.983
AZI,0001959726,success,970.0,data\facts\0001959726.parquet,,,2026-07-20T14:09:20,2026-07-20T14:09:21,1.198
AZN,0000901832,success,9398.0,data\facts\0000901832.parquet,,,2026-07-20T14:09:21,2026-07-20T14:09:22,1.293
AZO,0000866787,success,22599.0,data\facts\0000866787.parquet,,,2026-07-20T14:09:23,2026-07-20T14:09:24,1.583
AZTA,0000933974,success,27696.0,data\facts\0000933974.parquet,,,2026-07-20T14:09:24,2026-07-20T14:09:26,1.69
AZTR,0001701478,success,3468.0,data\facts\0001701478.parquet,,,2026-07-20T14:09:26,2026-07-20T14:09:28,1.281
AZUL,0001432364,success,4127.0,data\facts\0001432364.parquet,,,2026-07-20T14:09:28,2026-07-20T14:09:29,1.228
AZZ,0000008947,success,21642.0,data\facts\0000008947.parquet,,,2026-07-20T14:09:29,2026-07-20T14:09:31,1.508
AZZTF,0001706404,failed,,,HTTPError,404 Client Error: Not Found for url: https://data.sec.gov/api/xbrl/companyfacts/CIK0001706404.json,2026-07-20T14:09:31,2026-07-20T14:09:32,0.973
B,0000756894,success,11808.0,data\facts\0000756894.parquet,,,2026-07-20T14:09:32,2026-07-20T14:09:34,1.244
BA,0000012927,success,33975.0,data\facts\0000012927.parquet,,,2026-07-20T14:09:34,2026-07-20T14:09:35,1.721
BABA,0001577552,success,8775.0,data\facts\0001577552.parquet,,,2026-07-20T14:09:36,2026-07-20T14:09:37,1.089
BABB,0001123596,success,13094.0,data\facts\0001123596.parquet,,,2026-07-20T14:09:37,2026-07-20T14:09:39,1.896
BABYD,0001807936,failed,,,HTTPError,404 Client Error: Not Found for url: https://data.sec.gov/api/xbrl/companyfacts/CIK0001807936.json,2026-07-20T14:09:39,2026-07-20T14:09:40,0.97
BAC,0000070858,success,44685.0,data\facts\0000070858.parquet,,,2026-07-20T14:09:40,2026-07-20T14:09:42,2.086
BACC,0002059654,success,363.0,data\facts\0002059654.parquet,,,2026-07-20T14:09:43,2026-07-20T14:09:44,0.861
BACK,0001729944,success,7274.0,data\facts\0001729944.parquet,,,2026-07-20T14:09:44,2026-07-20T14:09:45,1.249
BAER,0001941536,success,5258.0,data\facts\0001941536.parquet,,,2026-07-20T14:09:45,2026-07-20T14:09:46,1.122
BAESY,0000895564,failed,,,HTTPError,404 Client Error: Not Found for url: https://data.sec.gov/api/xbrl/companyfacts/CIK0000895564.json,2026-07-20T14:09:47,2026-07-20T14:09:47,0.807
BAFN,0001649739,success,10510.0,data\facts\0001649739.parquet,,,2026-07-20T14:09:48,2026-07-20T14:09:49,1.239
BAGZ,0002115027,failed,,,HTTPError,404 Client Error: Not Found for url: https://data.sec.gov/api/xbrl/companyfacts/CIK0002115027.json,2026-07-20T14:09:49,2026-07-20T14:09:50,0.924
BAH,0001443646,success,20062.0,data\facts\0001443646.parquet,,,2026-07-20T14:09:50,2026-07-20T14:09:52,1.311
BAK,0001071438,success,3986.0,data\facts\0001071438.parquet,,,2026-07-20T14:09:52,2026-07-20T14:09:53,1.154
BAKR,0001904616,failed,,,HTTPError,404 Client Error: Not Found for url: https://data.sec.gov/api/xbrl/companyfacts/CIK0001904616.json,2026-07-20T14:09:53,2026-07-20T14:09:54,0.805
BALL,0000009389,success,25889.0,data\facts\0000009389.parquet,,,2026-07-20T14:09:54,2026-07-20T14:09:56,1.399
BALY,0001747079,success,16285.0,data\facts\0001747079.parquet,,,2026-07-20T14:09:56,2026-07-20T14:09:57,1.236
BAM,0001937926,success,1800.0,data\facts\0001937926.parquet,,,2026-07-20T14:09:57,2026-07-20T14:09:58,1.041
BANC,0001169770,success,39835.0,data\facts\0001169770.parquet,,,2026-07-20T14:09:59,2026-07-20T14:10:00,1.811
BAND,0001514416,success,15001.0,data\facts\0001514416.parquet,,,2026-07-20T14:10:01,2026-07-20T14:10:02,1.247
BANF,0000760498,success,30395.0,data\facts\0000760498.parquet,,,2026-07-20T14:10:02,2026-07-20T14:10:04,1.799
BANL,0001914805,success,1016.0,data\facts\0001914805.parquet,,,2026-07-20T14:10:04,2026-07-20T14:10:05,1.158
BANR,0000946673,success,38148.0,data\facts\0000946673.parquet,,,2026-07-20T14:10:06,2026-07-20T14:10:07,1.918
BANX,0001578987,failed,,,ValueError,Company Facts에서 facts 데이터를 찾지 못했습니다.,2026-07-20T14:10:08,2026-07-20T14:10:09,0.986
BAOS,0001811216,success,2466.0,data\facts\0001811216.parquet,,,2026-07-20T14:10:09,2026-07-20T14:10:10,1.077
BAP,0001001290,success,5786.0,data\facts\0001001290.parquet,,,2026-07-20T14:10:10,2026-07-20T14:10:11,1.202
BAR,0001690437,success,2767.0,data\facts\0001690437.parquet,,,2026-07-20T14:10:12,2026-07-20T14:10:13,1.245
BARK,0001819574,success,6312.0,data\facts\0001819574.parquet,,,2026-07-20T14:10:13,2026-07-20T14:10:14,1.097
BASA,0001448705,success,12012.0,data\facts\0001448705.parquet,,,2026-07-20T14:10:14,2026-07-20T14:10:16,1.152
BATL,0001282648,success,16752.0,data\facts\0001282648.parquet,,,2026-07-20T14:10:16,2026-07-20T14:10:17,1.22
BATRA,0001958140,success,3106.0,data\facts\0001958140.parquet,,,2026-07-20T14:10:17,2026-07-20T14:10:18,1.192
BAVA,0002086017,success,22.0,data\facts\0002086017.parquet,,,2026-07-20T14:10:19,2026-07-20T14:10:20,1.011
BAWAY,0001968385,failed,,,HTTPError,404 Client Error: Not Found for url: https://data.sec.gov/api/xbrl/companyfacts/CIK0001968385.json,2026-07-20T14:10:20,2026-07-20T14:10:21,0.87
BAX,0000010456,success,30677.0,data\facts\0000010456.parquet,,,2026-07-20T14:10:21,2026-07-20T14:10:23,1.664
BAYA,0001969475,success,1160.0,data\facts\0001969475.parquet,,,2026-07-20T14:10:23,2026-07-20T14:10:24,1.153
BB,0001070235,success,14568.0,data\facts\0001070235.parquet,,,2026-07-20T14:10:24,2026-07-20T14:10:26,1.413
BBAI,0001836981,success,8356.0,data\facts\0001836981.parquet,,,2026-07-20T14:10:26,2026-07-20T14:10:28,1.505
BBAR,0000913059,success,3163.0,data\facts\0000913059.parquet,,,2026-07-20T14:10:28,2026-07-20T14:10:29,1.214
BBBMF,0001829809,failed,,,HTTPError,404 Client Error: Not Found for url: https://data.sec.gov/api/xbrl/companyfacts/CIK0001829809.json,2026-07-20T14:10:29,2026-07-20T14:10:30,0.991
BBBXF,0001548958,failed,,,HTTPError,404 Client Error: Not Found for url: https://data.sec.gov/api/xbrl/companyfacts/CIK0001548958.json,2026-07-20T14:10:30,2026-07-20T14:10:31,0.903
BBBY,0001130713,success,25191.0,data\facts\0001130713.parquet,,,2026-07-20T14:10:32,2026-07-20T14:10:33,1.657
BBCP,0001703956,success,12518.0,data\facts\0001703956.parquet,,,2026-07-20T14:10:33,2026-07-20T14:10:35,1.391
BBCQ,0002088295,success,92.0,data\facts\0002088295.parquet,,,2026-07-20T14:10:35,2026-07-20T14:10:36,0.976
BBD,0001160330,success,5691.0,data\facts\0001160330.parquet,,,2026-07-20T14:10:36,2026-07-20T14:10:37,1.198
BBDC,0001379785,success,4879.0,data\facts\0001379785.parquet,,,2026-07-20T14:10:38,2026-07-20T14:10:39,1.359
BBGI,0001099160,success,13774.0,data\facts\0001099160.parquet,,,2026-07-20T14:10:39,2026-07-20T14:10:41,1.398
BBIO,0001743881,success,9873.0,data\facts\0001743881.parquet,,,2026-07-20T14:10:41,2026-07-20T14:10:42,1.401
BBLG,0001419554,success,8900.0,data\facts\0001419554.parquet,,,2026-07-20T14:10:43,2026-07-20T14:10:44,1.205
BBLR,0001873722,success,4589.0,data\facts\0001873722.parquet,,,2026-07-20T14:10:44,2026-07-20T14:10:45,1.257
BBN,0001493683,success,47.0,data\facts\0001493683.parquet,,,2026-07-20T14:10:45,2026-07-20T14:10:46,1.008
BBNX,0001674632,success,2334.0,data\facts\0001674632.parquet,,,2026-07-20T14:10:47,2026-07-20T14:10:48,1.144
BBOT,0001869105,success,1675.0,data\facts\0001869105.parquet,,,2026-07-20T14:10:48,2026-07-20T14:10:49,1.032
BBSI,0000902791,success,17918.0,data\facts\0000902791.parquet,,,2026-07-20T14:10:49,2026-07-20T14:10:51,1.603
BBT,0001108134,success,35757.0,data\facts\0001108134.parquet,,,2026-07-20T14:10:51,2026-07-20T14:10:53,1.76
BBUC,0001654795,success,8013.0,data\facts\0001654795.parquet,,,2026-07-20T14:10:53,2026-07-20T14:10:54,1.086
BBVA,0000842180,success,9799.0,data\facts\0000842180.parquet,,,2026-07-20T14:10:54,2026-07-20T14:10:55,1.022
BBW,0001113809,success,17854.0,data\facts\0001113809.parquet,,,2026-07-20T14:10:56,2026-07-20T14:10:57,0.813
BBWI,0000701985,success,26207.0,data\facts\0000701985.parquet,,,2026-07-20T14:10:57,2026-07-20T14:10:58,0.955
BBXIB,0001814974,success,6629.0,data\facts\0001814974.parquet,,,2026-07-20T14:10:58,2026-07-20T14:10:59,0.732
BBY,0000764478,success,27077.0,data\facts\0000764478.parquet,,,2026-07-20T14:10:59,2026-07-20T14:11:00,1.068
BC,0000014930,success,31119.0,data\facts\0000014930.parquet,,,2026-07-20T14:11:00,2026-07-20T14:11:02,1.593
BCAB,0001826892,success,4160.0,data\facts\0001826892.parquet,,,2026-07-20T14:11:02,2026-07-20T14:11:03,0.884
BCAL,0001795815,success,7590.0,data\facts\0001795815.parquet,,,2026-07-20T14:11:03,2026-07-20T14:11:04,1.165
BCAR,0002065779,success,343.0,data\facts\0002065779.parquet,,,2026-07-20T14:11:04,2026-07-20T14:11:06,1.01
BCAT,0001809541,success,27.0,data\facts\0001809541.parquet,,,2026-07-20T14:11:06,2026-07-20T14:11:07,0.996
BCAX,0002023658,success,1497.0,data\facts\0002023658.parquet,,,2026-07-20T14:11:07,2026-07-20T14:11:08,1.066
BCBP,0001228454,success,31349.0,data\facts\0001228454.parquet,,,2026-07-20T14:11:08,2026-07-20T14:11:10,1.818
BCC,0001328581,success,20757.0,data\facts\0001328581.parquet,,,2026-07-20T14:11:10,2026-07-20T14:11:12,1.486
BCCQ,0002128045,failed,,,ValueError,변환된 Fact Store가 비어 있습니다.,2026-07-20T14:11:12,2026-07-20T14:11:13,0.927
BCDA,0000925741,success,10973.0,data\facts\0000925741.parquet,,,2026-07-20T14:11:13,2026-07-20T14:11:15,1.314
BCE,0000718940,success,6709.0,data\facts\0000718940.parquet,,,2026-07-20T14:11:15,2026-07-20T14:11:16,1.111
BCG,0001953984,success,1848.0,data\facts\0001953984.parquet,,,2026-07-20T14:11:16,2026-07-20T14:11:17,1.145
BCH,0001161125,success,5007.0,data\facts\0001161125.parquet,,,2026-07-20T14:11:17,2026-07-20T14:11:19,1.203
BCHG,0001732409,success,1926.0,data\facts\0001732409.parquet,,,2026-07-20T14:11:19,2026-07-20T14:11:20,0.981
BCHMY,0001968378,failed,,,HTTPError,404 Client Error: Not Found for url: https://data.sec.gov/api/xbrl/companyfacts/CIK0001968378.json,2026-07-20T14:11:20,2026-07-20T14:11:21,0.967
BCHT,0000728385,success,14408.0,data\facts\0000728385.parquet,,,2026-07-20T14:11:21,2026-07-20T14:11:22,1.153
BCIC,0001372807,success,4340.0,data\facts\0001372807.parquet,,,2026-07-20T14:11:23,2026-07-20T14:11:24,1.181
BCKIF,0001516323,failed,,,HTTPError,404 Client Error: Not Found for url: https://data.sec.gov/api/xbrl/companyfacts/CIK0001516323.json,2026-07-20T14:11:24,2026-07-20T14:11:25,1.0
BCLGY,0002127862,failed,,,HTTPError,404 Client Error: Not Found for url: https://data.sec.gov/api/xbrl/companyfacts/CIK0002127862.json,2026-07-20T14:11:25,2026-07-20T14:11:26,0.945
BCLI,0001137883,success,10411.0,data\facts\0001137883.parquet,,,2026-07-20T14:11:27,2026-07-20T14:11:28,1.293
BCML,0001730984,success,19869.0,data\facts\0001730984.parquet,,,2026-07-20T14:11:28,2026-07-20T14:11:29,1.382
BCO,0000078890,success,31614.0,data\facts\0000078890.parquet,,,2026-07-20T14:11:30,2026-07-20T14:11:31,1.661
BCOW,0001847360,success,7637.0,data\facts\0001847360.parquet,,,2026-07-20T14:11:32,2026-07-20T14:11:33,1.24
BCPC,0000009326,success,24173.0,data\facts\0000009326.parquet,,,2026-07-20T14:11:33,2026-07-20T14:11:34,1.4
BCRD,0001496690,success,4182.0,data\facts\0001496690.parquet,,,2026-07-20T14:11:35,2026-07-20T14:11:36,0.977
BCRX,0000882796,success,15954.0,data\facts\0000882796.parquet,,,2026-07-20T14:11:36,2026-07-20T14:11:37,1.249
BCS,0000312069,success,9558.0,data\facts\0000312069.parquet,,,2026-07-20T14:11:37,2026-07-20T14:11:39,1.207
BCSF,0001655050,success,5523.0,data\facts\0001655050.parquet,,,2026-07-20T14:11:39,2026-07-20T14:11:40,0.938
BCSS,0002064355,success,159.0,data\facts\0002064355.parquet,,,2026-07-20T14:11:40,2026-07-20T14:11:41,1.06
BCTF,0001668340,success,9669.0,data\facts\0001668340.parquet,,,2026-07-20T14:11:41,2026-07-20T14:11:42,0.961
BCTX,0001610820,success,3114.0,data\facts\0001610820.parquet,,,2026-07-20T14:11:42,2026-07-20T14:11:44,1.229
BCUCF,0001581285,failed,,,HTTPError,404 Client Error: Not Found for url: https://data.sec.gov/api/xbrl/companyfacts/CIK0001581285.json,2026-07-20T14:11:44,2026-07-20T14:11:45,0.965
BCUFF,0001477201,failed,,,HTTPError,404 Client Error: Not Found for url: https://data.sec.gov/api/xbrl/companyfacts/CIK0001477201.json,2026-07-20T14:11:45,2026-07-20T14:11:46,0.755
BCV,0000009521,failed,,,ValueError,Company Facts에서 facts 데이터를 찾지 못했습니다.,2026-07-20T14:11:46,2026-07-20T14:11:47,0.945
BCX,0001506289,failed,,,HTTPError,404 Client Error: Not Found for url: https://data.sec.gov/api/xbrl/companyfacts/CIK0001506289.json,2026-07-20T14:11:47,2026-07-20T14:11:48,0.696
BCYC,0001761612,success,7631.0,data\facts\0001761612.parquet,,,2026-07-20T14:11:48,2026-07-20T14:11:49,1.184
BDC,0000913142,success,25509.0,data\facts\0000913142.parquet,,,2026-07-20T14:11:50,2026-07-20T14:11:51,1.5
BDCI,0002042292,success,210.0,data\facts\0002042292.parquet,,,2026-07-20T14:11:51,2026-07-20T14:11:52,0.945
BDCO,0000793306,success,17402.0,data\facts\0000793306.parquet,,,2026-07-20T14:11:52,2026-07-20T14:11:54,1.527
BDCTF,0001576159,failed,,,HTTPError,404 Client Error: Not Found for url: https://data.sec.gov/api/xbrl/companyfacts/CIK0001576159.json,2026-07-20T14:11:54,2026-07-20T14:11:55,0.97
BDDD,0002133836,success,4.0,data\facts\0002133836.parquet,,,2026-07-20T14:11:55,2026-07-20T14:11:56,0.983
BDJ,0001332283,failed,,,HTTPError,404 Client Error: Not Found for url: https://data.sec.gov/api/xbrl/companyfacts/CIK0001332283.json,2026-07-20T14:11:57,2026-07-20T14:11:58,0.982
BDL,0000012040,success,13801.0,data\facts\0000012040.parquet,,,2026-07-20T14:11:58,2026-07-20T14:11:59,1.297
BDMD,0001982444,success,1134.0,data\facts\0001982444.parquet,,,2026-07-20T14:11:59,2026-07-20T14:12:00,1.054
BDN,0000790816,success,27002.0,data\facts\0000790816.parquet,,,2026-07-20T14:12:01,2026-07-20T14:12:02,1.375
BDPT,0001575142,success,6649.0,data\facts\0001575142.parquet,,,2026-07-20T14:12:02,2026-07-20T14:12:03,1.063
BDRX,0001643918,success,3729.0,data\facts\0001643918.parquet,,,2026-07-20T14:12:04,2026-07-20T14:12:05,1.082
BDRY,0001610940,success,3092.0,data\facts\0001610940.parquet,,,2026-07-20T14:12:05,2026-07-20T14:12:06,1.093
BDSX,0001439725,success,6337.0,data\facts\0001439725.parquet,,,2026-07-20T14:12:06,2026-07-20T14:12:07,1.129
BDTB,0002041531,success,483.0,data\facts\0002041531.parquet,,,2026-07-20T14:12:08,2026-07-20T14:12:09,1.008
BDTX,0001701541,success,6608.0,data\facts\0001701541.parquet,,,2026-07-20T14:12:09,2026-07-20T14:12:10,1.179
BDX,0000010795,success,22688.0,data\facts\0000010795.parquet,,,2026-07-20T14:12:10,2026-07-20T14:12:12,1.351
BE,0001664703,success,15841.0,data\facts\0001664703.parquet,,,2026-07-20T14:12:12,2026-07-20T14:12:13,1.366
BEAG,0001852207,success,581.0,data\facts\0001852207.parquet,,,2026-07-20T14:12:13,2026-07-20T14:12:14,0.992
BEAM,0001745999,success,7062.0,data\facts\0001745999.parquet,,,2026-07-20T14:12:15,2026-07-20T14:12:16,1.217
BEAT,0001779372,success,3423.0,data\facts\0001779372.parquet,,,2026-07-20T14:12:16,2026-07-20T14:12:17,1.092
BEBE,0002079933,success,57.0,data\facts\0002079933.parquet,,,2026-07-20T14:12:17,2026-07-20T14:12:18,0.911
BEEM,0001398805,success,14300.0,data\facts\0001398805.parquet,,,2026-07-20T14:12:19,2026-07-20T14:12:20,1.221
BEEP,0001847874,success,3705.0,data\facts\0001847874.parquet,,,2026-07-20T14:12:20,2026-07-20T14:12:21,0.979
BEJEF,0002116276,failed,,,HTTPError,404 Client Error: Not Found for url: https://data.sec.gov/api/xbrl/companyfacts/CIK0002116276.json,2026-07-20T14:12:21,2026-07-20T14:12:22,0.802
BEKE,0001809587,success,4860.0,data\facts\0001809587.parquet,,,2026-07-20T14:12:22,2026-07-20T14:12:23,1.14
BELFA,0000729580,success,19594.0,data\facts\0000729580.parquet,,,2026-07-20T14:12:24,2026-07-20T14:12:26,2.131
BEMPY,0002137137,failed,,,HTTPError,404 Client Error: Not Found for url: https://data.sec.gov/api/xbrl/companyfacts/CIK0002137137.json,2026-07-20T14:12:26,2026-07-20T14:12:27,0.832
BEN,0000038777,success,28526.0,data\facts\0000038777.parquet,,,2026-07-20T14:12:27,2026-07-20T14:12:29,1.522
BENF,0001775734,success,3914.0,data\facts\0001775734.parquet,,,2026-07-20T14:12:29,2026-07-20T14:12:30,1.033
BEOB,0001480170,failed,,,HTTPError,404 Client Error: Not Found for url: https://data.sec.gov/api/xbrl/companyfacts/CIK0001480170.json,2026-07-20T14:12:30,2026-07-20T14:12:31,0.86
BEP,0001533232,success,6998.0,data\facts\0001533232.parquet,,,2026-07-20T14:12:31,2026-07-20T14:12:32,1.18
BEPC,0001791863,success,3722.0,data\facts\0001791863.parquet,,,2026-07-20T14:12:33,2026-07-20T14:12:34,1.075
BESS,0001066764,success,9459.0,data\facts\0001066764.parquet,,,2026-07-20T14:12:34,2026-07-20T14:12:35,1.193
BETA,0001784570,success,883.0,data\facts\0001784570.parquet,,,2026-07-20T14:12:35,2026-07-20T14:12:36,0.949
BETR,0001835856,success,5650.0,data\facts\0001835856.parquet,,,2026-07-20T14:12:36,2026-07-20T14:12:38,1.133
BETRF,0001464165,success,6508.0,data\facts\0001464165.parquet,,,2026-07-20T14:12:38,2026-07-20T14:12:39,1.191
BEWFF,0001113152,failed,,,HTTPError,404 Client Error: Not Found for url: https://data.sec.gov/api/xbrl/companyfacts/CIK0001113152.json,2026-07-20T14:12:39,2026-07-20T14:12:40,0.878
BF-A,0000014693,success,20625.0,data\facts\0000014693.parquet,,,2026-07-20T14:12:40,2026-07-20T14:12:42,1.312
BFAM,0001437578,success,19820.0,data\facts\0001437578.parquet,,,2026-07-20T14:12:42,2026-07-20T14:12:43,1.188
BFC,0001746109,success,17408.0,data\facts\0001746109.parquet,,,2026-07-20T14:12:43,2026-07-20T14:12:45,1.24
BFCH,0001395005,failed,,,HTTPError,404 Client Error: Not Found for url: https://data.sec.gov/api/xbrl/companyfacts/CIK0001395005.json,2026-07-20T14:12:45,2026-07-20T14:12:46,0.931
BFH,0001101215,success,26724.0,data\facts\0001101215.parquet,,,2026-07-20T14:12:46,2026-07-20T14:12:47,1.543
BFLY,0001804176,success,7336.0,data\facts\0001804176.parquet,,,2026-07-20T14:12:48,2026-07-20T14:12:49,1.083
BFNH,0001310488,success,2918.0,data\facts\0001310488.parquet,,,2026-07-20T14:12:49,2026-07-20T14:12:50,1.155
BFRG,0001829247,success,2615.0,data\facts\0001829247.parquet,,,2026-07-20T14:12:50,2026-07-20T14:12:51,0.901
BFRI,0001858685,success,5136.0,data\facts\0001858685.parquet,,,2026-07-20T14:12:52,2026-07-20T14:12:53,1.069
BFS,0000907254,success,20618.0,data\facts\0000907254.parquet,,,2026-07-20T14:12:53,2026-07-20T14:12:54,1.308
BFST,0001624322,success,18916.0,data\facts\0001624322.parquet,,,2026-07-20T14:12:54,2026-07-20T14:12:56,1.28
BG,0001996862,success,4857.0,data\facts\0001996862.parquet,,,2026-07-20T14:12:56,2026-07-20T14:12:57,1.123
BGAVF,0001500620,failed,,,HTTPError,404 Client Error: Not Found for url: https://data.sec.gov/api/xbrl/companyfacts/CIK0001500620.json,2026-07-20T14:12:57,2026-07-20T14:12:58,0.76
BGB,0001546429,failed,,,HTTPError,404 Client Error: Not Found for url: https://data.sec.gov/api/xbrl/companyfacts/CIK0001546429.json,2026-07-20T14:12:58,2026-07-20T14:12:59,0.887
BGC,0001094831,success,31192.0,data\facts\0001094831.parquet,,,2026-07-20T14:12:59,2026-07-20T14:13:01,1.622
BGDE,0001218683,success,10344.0,data\facts\0001218683.parquet,,,2026-07-20T14:13:01,2026-07-20T14:13:02,1.179
BGFR,0001722556,success,3442.0,data\facts\0001722556.parquet,,,2026-07-20T14:13:03,2026-07-20T14:13:04,0.976
BGH,0001521404,success,164.0,data\facts\0001521404.parquet,,,2026-07-20T14:13:04,2026-07-20T14:13:05,1.036
BGI,0001179821,success,5270.0,data\facts\0001179821.parquet,,,2026-07-20T14:13:05,2026-07-20T14:13:06,0.952
BGIN,0001945565,success,327.0,data\facts\0001945565.parquet,,,2026-07-20T14:13:06,2026-07-20T14:13:07,1.056
BGL,0002019435,success,1373.0,data\facts\0002019435.parquet,,,2026-07-20T14:13:08,2026-07-20T14:13:08,0.8
BGLC,0001737523,success,6042.0,data\facts\0001737523.parquet,,,2026-07-20T14:13:09,2026-07-20T14:13:10,1.131
BGM,0001779578,success,3798.0,data\facts\0001779578.parquet,,,2026-07-20T14:13:10,2026-07-20T14:13:11,0.868
BGMS,0001130166,success,13470.0,data\facts\0001130166.parquet,,,2026-07-20T14:13:11,2026-07-20T14:13:12,1.176
BGR,0001306550,failed,,,HTTPError,404 Client Error: Not Found for url: https://data.sec.gov/api/xbrl/companyfacts/CIK0001306550.json,2026-07-20T14:13:12,2026-07-20T14:13:13,0.852
BGS,0001278027,success,22114.0,data\facts\0001278027.parquet,,,2026-07-20T14:13:14,2026-07-20T14:13:15,1.456
BGSF,0001474903,success,18034.0,data\facts\0001474903.parquet,,,2026-07-20T14:13:15,2026-07-20T14:13:17,1.513
BGSI,0002091467,success,293.0,data\facts\0002091467.parquet,,,2026-07-20T14:13:17,2026-07-20T14:13:18,0.95
BGT,0001287480,failed,,,ValueError,Company Facts에서 facts 데이터를 찾지 못했습니다.,2026-07-20T14:13:18,2026-07-20T14:13:19,1.013
BGX,0001504234,failed,,,ValueError,Company Facts에서 facts 데이터를 찾지 못했습니다.,2026-07-20T14:13:19,2026-07-20T14:13:20,0.952
BGY,0001393299,failed,,,HTTPError,404 Client Error: Not Found for url: https://data.sec.gov/api/xbrl/companyfacts/CIK0001393299.json,2026-07-20T14:13:21,2026-07-20T14:13:22,0.936
BH-A,0001726173,success,10147.0,data\facts\0001726173.parquet,,,2026-07-20T14:13:22,2026-07-20T14:13:23,1.158
BHATF,0001759136,success,2445.0,data\facts\0001759136.parquet,,,2026-07-20T14:13:23,2026-07-20T14:13:24,1.096
BHAV,0002097288,success,58.0,data\facts\0002097288.parquet,,,2026-07-20T14:13:24,2026-07-20T14:13:26,1.037
BHB,0000743367,success,31618.0,data\facts\0000743367.parquet,,,2026-07-20T14:13:26,2026-07-20T14:13:27,1.597
BHC,0000885590,success,27950.0,data\facts\0000885590.parquet,,,2026-07-20T14:13:28,2026-07-20T14:13:29,1.587
BHE,0000863436,success,26506.0,data\facts\0000863436.parquet,,,2026-07-20T14:13:29,2026-07-20T14:13:31,1.492
BHF,0001685040,success,18744.0,data\facts\0001685040.parquet,,,2026-07-20T14:13:31,2026-07-20T14:13:33,1.424
BHIC,0001784440,success,3304.0,data\facts\0001784440.parquet,,,2026-07-20T14:13:33,2026-07-20T14:13:34,1.126
BHK,0001160864,failed,,,HTTPError,404 Client Error: Not Found for url: https://data.sec.gov/api/xbrl/companyfacts/CIK0001160864.json,2026-07-20T14:13:34,2026-07-20T14:13:35,0.754
BHLL,0001407583,success,13231.0,data\facts\0001407583.parquet,,,2026-07-20T14:13:35,2026-07-20T14:13:36,1.267
BHM,0001903382,success,4109.0,data\facts\0001903382.parquet,,,2026-07-20T14:13:37,2026-07-20T14:13:38,0.951
BHP,0000811809,success,6187.0,data\facts\0000811809.parquet,,,2026-07-20T14:13:38,2026-07-20T14:13:39,1.187
BHR,0001574085,success,19142.0,data\facts\0001574085.parquet,,,2026-07-20T14:13:39,2026-07-20T14:13:41,1.288
BHRB,0001964333,success,7215.0,data\facts\0001964333.parquet,,,2026-07-20T14:13:41,2026-07-20T14:13:42,1.166
BHSIF,0001432588,failed,,,HTTPError,404 Client Error: Not Found for url: https://data.sec.gov/api/xbrl/companyfacts/CIK0001432588.json,2026-07-20T14:13:42,2026-07-20T14:13:43,0.937
BHST,0001723464,success,351.0,data\facts\0001723464.parquet,,,2026-07-20T14:13:43,2026-07-20T14:13:44,0.938
BHTGY,0002125951,failed,,,HTTPError,404 Client Error: Not Found for url: https://data.sec.gov/api/xbrl/companyfacts/CIK0002125951.json,2026-07-20T14:13:45,2026-07-20T14:13:46,1.033
BHV,0001169034,failed,,,ValueError,Company Facts에서 facts 데이터를 찾지 못했습니다.,2026-07-20T14:13:46,2026-07-20T14:13:47,1.041
BHVN,0001935979,success,4074.0,data\facts\0001935979.parquet,,,2026-07-20T14:13:47,2026-07-20T14:13:48,1.118
BHYP,0002088139,failed,,,HTTPError,404 Client Error: Not Found for url: https://data.sec.gov/api/xbrl/companyfacts/CIK0002088139.json,2026-07-20T14:13:48,2026-07-20T14:13:49,0.958
BIAF,0001712762,success,3899.0,data\facts\0001712762.parquet,,,2026-07-20T14:13:50,2026-07-20T14:13:51,1.151
BICX,0001443863,success,14416.0,data\facts\0001443863.parquet,,,2026-07-20T14:13:51,2026-07-20T14:13:52,1.373
BID,0002094919,success,21.0,data\facts\0002094919.parquet,,,2026-07-20T14:13:53,2026-07-20T14:13:54,1.059
BIDU,0001329099,success,14164.0,data\facts\0001329099.parquet,,,2026-07-20T14:13:54,2026-07-20T14:13:55,1.14
BIIB,0000875045,success,30593.0,data\facts\0000875045.parquet,,,2026-07-20T14:13:55,2026-07-20T14:13:57,1.593
BIII,0002087087,success,140.0,data\facts\0002087087.parquet,,,2026-07-20T14:13:57,2026-07-20T14:13:58,0.966
BILI,0001723690,success,4932.0,data\facts\0001723690.parquet,,,2026-07-20T14:13:58,2026-07-20T14:13:59,1.036
BILL,0001786352,success,10105.0,data\facts\0001786352.parquet,,,2026-07-20T14:14:00,2026-07-20T14:14:01,1.097
BINI,0001499961,success,18892.0,data\facts\0001499961.parquet,,,2026-07-20T14:14:01,2026-07-20T14:14:02,1.444
BIO,0000012208,success,26329.0,data\facts\0000012208.parquet,,,2026-07-20T14:14:03,2026-07-20T14:14:04,1.341
BIOA,0001709941,success,1946.0,data\facts\0001709941.parquet,,,2026-07-20T14:14:04,2026-07-20T14:14:05,0.974
BIOE,0001723059,success,6044.0,data\facts\0001723059.parquet,,,2026-07-20T14:14:05,2026-07-20T14:14:06,1.171
BIOF,0001549145,success,8812.0,data\facts\0001549145.parquet,,,2026-07-20T14:14:07,2026-07-20T14:14:08,1.323
BIOX,0001769484,success,8304.0,data\facts\0001769484.parquet,,,2026-07-20T14:14:08,2026-07-20T14:14:10,1.27
BIPC,0001788348,success,3270.0,data\facts\0001788348.parquet,,,2026-07-20T14:14:10,2026-07-20T14:14:11,1.026
BIPH,0001406234,success,6060.0,data\facts\0001406234.parquet,,,2026-07-20T14:14:11,2026-07-20T14:14:12,1.262
BIRD,0001653909,success,6611.0,data\facts\0001653909.parquet,,,2026-07-20T14:14:13,2026-07-20T14:14:14,1.199
BIREY,0002073268,failed,,,HTTPError,404 Client Error: Not Found for url: https://data.sec.gov/api/xbrl/companyfacts/CIK0002073268.json,2026-07-20T14:14:14,2026-07-20T14:14:15,0.997
BIRK,0001977102,success,2647.0,data\facts\0001977102.parquet,,,2026-07-20T14:14:15,2026-07-20T14:14:16,1.189
BIT,0001562818,success,14.0,data\facts\0001562818.parquet,,,2026-07-20T14:14:17,2026-07-20T14:14:18,1.052
BITA,0002089969,failed,,,HTTPError,404 Client Error: Not Found for url: https://data.sec.gov/api/xbrl/companyfacts/CIK0002089969.json,2026-07-20T14:14:18,2026-07-20T14:14:19,0.904
BITB,0001763415,success,983.0,data\facts\0001763415.parquet,,,2026-07-20T14:14:19,2026-07-20T14:14:20,0.99
BITTF,0001028357,failed,,,HTTPError,404 Client Error: Not Found for url: https://data.sec.gov/api/xbrl/companyfacts/CIK0001028357.json,2026-07-20T14:14:20,2026-07-20T14:14:21,1.07
BITW,0001723788,success,1556.0,data\facts\0001723788.parquet,,,2026-07-20T14:14:22,2026-07-20T14:14:23,1.079
BIVI,0001580149,success,8392.0,data\facts\0001580149.parquet,,,2026-07-20T14:14:23,2026-07-20T14:14:24,1.2
BIXI,0002082542,success,176.0,data\facts\0002082542.parquet,,,2026-07-20T14:14:24,2026-07-20T14:14:25,1.039
BIXT,0001445815,success,9997.0,data\facts\0001445815.parquet,,,2026-07-20T14:14:26,2026-07-20T14:14:27,1.439
BIYA,0001944712,success,902.0,data\facts\0001944712.parquet,,,2026-07-20T14:14:27,2026-07-20T14:14:28,1.08
BJ,0001531152,success,12683.0,data\facts\0001531152.parquet,,,2026-07-20T14:14:29,2026-07-20T14:14:30,1.362
BJDX,0001704287,success,3911.0,data\facts\0001704287.parquet,,,2026-07-20T14:14:30,2026-07-20T14:14:31,0.986
BJGPY,0002098425,failed,,,HTTPError,404 Client Error: Not Found for url: https://data.sec.gov/api/xbrl/companyfacts/CIK0002098425.json,2026-07-20T14:14:31,2026-07-20T14:14:32,0.772
BJRI,0001013488,success,17958.0,data\facts\0001013488.parquet,,,2026-07-20T14:14:32,2026-07-20T14:14:34,1.377
BKD,0001332349,success,23598.0,data\facts\0001332349.parquet,,,2026-07-20T14:14:34,2026-07-20T14:14:36,1.55
BKE,0000885245,success,15466.0,data\facts\0000885245.parquet,,,2026-07-20T14:14:36,2026-07-20T14:14:37,1.261
BKH,0001130464,success,28663.0,data\facts\0001130464.parquet,,,2026-07-20T14:14:37,2026-07-20T14:14:39,1.78
BKHA,0002000775,success,913.0,data\facts\0002000775.parquet,,,2026-07-20T14:14:39,2026-07-20T14:14:40,1.031
BKKT,0001820302,success,8225.0,data\facts\0001820302.parquet,,,2026-07-20T14:14:41,2026-07-20T14:14:42,1.118
BKNG,0001075531,success,22003.0,data\facts\0001075531.parquet,,,2026-07-20T14:14:42,2026-07-20T14:14:43,1.331
BKPOY,0002075877,failed,,,HTTPError,404 Client Error: Not Found for url: https://data.sec.gov/api/xbrl/companyfacts/CIK0002075877.json,2026-07-20T14:14:44,2026-07-20T14:14:44,0.954
BKR,0001701605,success,13947.0,data\facts\0001701605.parquet,,,2026-07-20T14:14:45,2026-07-20T14:14:46,1.245
BKSC,0001007273,success,19196.0,data\facts\0001007273.parquet,,,2026-07-20T14:14:46,2026-07-20T14:14:48,1.442
BKSY,0001753539,success,7066.0,data\facts\0001753539.parquet,,,2026-07-20T14:14:48,2026-07-20T14:14:49,1.198
BKT,0000832327,failed,,,ValueError,Company Facts에서 facts 데이터를 찾지 못했습니다.,2026-07-20T14:14:49,2026-07-20T14:14:50,0.824
BKTH,0001144392,failed,,,HTTPError,404 Client Error: Not Found for url: https://data.sec.gov/api/xbrl/companyfacts/CIK0001144392.json,2026-07-20T14:14:50,2026-07-20T14:14:51,0.946
BKTI,0000002186,success,15907.0,data\facts\0000002186.parquet,,,2026-07-20T14:14:52,2026-07-20T14:14:53,1.234
BKU,0001504008,success,34301.0,data\facts\0001504008.parquet,,,2026-07-20T14:14:53,2026-07-20T14:14:55,1.705
BKUCF,0001463978,failed,,,HTTPError,404 Client Error: Not Found for url: https://data.sec.gov/api/xbrl/companyfacts/CIK0001463978.json,2026-07-20T14:14:55,2026-07-20T14:14:56,0.921
BKV,0001838406,success,2785.0,data\facts\0001838406.parquet,,,2026-07-20T14:14:56,2026-07-20T14:14:57,1.075
BKYI,0001019034,success,14620.0,data\facts\0001019034.parquet,,,2026-07-20T14:14:57,2026-07-20T14:14:59,1.252
BKZHY,0001459334,failed,,,HTTPError,404 Client Error: Not Found for url: https://data.sec.gov/api/xbrl/companyfacts/CIK0001459334.json,2026-07-20T14:14:59,2026-07-20T14:15:00,0.924
BL,0001666134,success,15309.0,data\facts\0001666134.parquet,,,2026-07-20T14:15:00,2026-07-20T14:15:01,1.334
BLBD,0001589526,success,17410.0,data\facts\0001589526.parquet,,,2026-07-20T14:15:02,2026-07-20T14:15:03,1.117
BLCO,0001860742,success,6051.0,data\facts\0001860742.parquet,,,2026-07-20T14:15:03,2026-07-20T14:15:04,1.157
BLDC,0002097508,success,207.0,data\facts\0002097508.parquet,,,2026-07-20T14:15:04,2026-07-20T14:15:05,0.948
BLDP,0001453015,success,3305.0,data\facts\0001453015.parquet,,,2026-07-20T14:15:06,2026-07-20T14:15:07,1.062
BLDR,0001316835,success,18689.0,data\facts\0001316835.parquet,,,2026-07-20T14:15:07,2026-07-20T14:15:08,1.39
BLFBY,0001506721,failed,,,HTTPError,404 Client Error: Not Found for url: https://data.sec.gov/api/xbrl/companyfacts/CIK0001506721.json,2026-07-20T14:15:08,2026-07-20T14:15:09,0.709
BLFS,0000834365,success,18177.0,data\facts\0000834365.parquet,,,2026-07-20T14:15:09,2026-07-20T14:15:11,1.277
BLGO,0000880242,success,13354.0,data\facts\0000880242.parquet,,,2026-07-20T14:15:11,2026-07-20T14:15:12,1.098
BLIN,0001378590,success,16792.0,data\facts\0001378590.parquet,,,2026-07-20T14:15:12,2026-07-20T14:15:13,1.043
BLIS,0001703625,success,4305.0,data\facts\0001703625.parquet,,,2026-07-20T14:15:13,2026-07-20T14:15:15,1.122
BLIV,0001982448,success,237.0,data\facts\0001982448.parquet,,,2026-07-20T14:15:15,2026-07-20T14:15:16,0.755
BLK,0002012383,success,3008.0,data\facts\0002012383.parquet,,,2026-07-20T14:15:16,2026-07-20T14:15:17,1.444
BLKB,0001280058,success,25292.0,data\facts\0001280058.parquet,,,2026-07-20T14:15:17,2026-07-20T14:15:19,1.416
BLLN,0002070849,success,1109.0,data\facts\0002070849.parquet,,,2026-07-20T14:15:19,2026-07-20T14:15:20,0.885
BLMH,0001996210,success,3179.0,data\facts\0001996210.parquet,,,2026-07-20T14:15:20,2026-07-20T14:15:21,1.216
BLMN,0001546417,success,23175.0,data\facts\0001546417.parquet,,,2026-07-20T14:15:22,2026-07-20T14:15:24,1.817
BLMOY,0002109234,failed,,,HTTPError,404 Client Error: Not Found for url: https://data.sec.gov/api/xbrl/companyfacts/CIK0002109234.json,2026-07-20T14:15:24,2026-07-20T14:15:25,0.929
BLNC,0001632121,success,6872.0,data\facts\0001632121.parquet,,,2026-07-20T14:15:25,2026-07-20T14:15:26,1.315
BLND,0001855747,success,8935.0,data\facts\0001855747.parquet,,,2026-07-20T14:15:26,2026-07-20T14:15:28,1.345
BLNE,0001534708,success,13833.0,data\facts\0001534708.parquet,,,2026-07-20T14:15:28,2026-07-20T14:15:29,1.341
BLNH,0002029586,success,553.0,data\facts\0002029586.parquet,,,2026-07-20T14:15:30,2026-07-20T14:15:31,0.988
BLNK,0001429764,success,18870.0,data\facts\0001429764.parquet,,,2026-07-20T14:15:31,2026-07-20T14:15:32,1.485
BLPG,0001416697,success,11076.0,data\facts\0001416697.parquet,,,2026-07-20T14:15:33,2026-07-20T14:15:34,1.407
BLRK,0002081532,success,144.0,data\facts\0002081532.parquet,,,2026-07-20T14:15:34,2026-07-20T14:15:35,1.039
BLRX,0001498403,success,4103.0,data\facts\0001498403.parquet,,,2026-07-20T14:15:35,2026-07-20T14:15:37,1.113
BLSH,0001872195,success,399.0,data\facts\0001872195.parquet,,,2026-07-20T14:15:37,2026-07-20T14:15:38,1.112
BLTE,0001889109,success,1136.0,data\facts\0001889109.parquet,,,2026-07-20T14:15:38,2026-07-20T14:15:39,1.137
BLTG,0002045873,success,5.0,data\facts\0002045873.parquet,,,2026-07-20T14:15:40,2026-07-20T14:15:41,0.979
BLTH,0001487718,success,12291.0,data\facts\0001487718.parquet,,,2026-07-20T14:15:41,2026-07-20T14:15:42,1.285
BLUW,0002050501,success,310.0,data\facts\0002050501.parquet,,,2026-07-20T14:15:42,2026-07-20T14:15:43,0.872
BLW,0001233681,failed,,,ValueError,Company Facts에서 facts 데이터를 찾지 못했습니다.,2026-07-20T14:15:43,2026-07-20T14:15:44,0.918
BLX,0000890541,success,5515.0,data\facts\0000890541.parquet,,,2026-07-20T14:15:44,2026-07-20T14:15:46,1.178
BLZE,0001462056,success,6668.0,data\facts\0001462056.parquet,,,2026-07-20T14:15:46,2026-07-20T14:15:47,0.961
BLZR,0002075310,success,160.0,data\facts\0002075310.parquet,,,2026-07-20T14:15:47,2026-07-20T14:15:48,1.107
BMA,0001347426,success,2470.0,data\facts\0001347426.parquet,,,2026-07-20T14:15:48,2026-07-20T14:15:49,0.969
BMBL,0001830043,success,7512.0,data\facts\0001830043.parquet,,,2026-07-20T14:15:50,2026-07-20T14:15:51,1.123
BMBN,0000804563,failed,,,HTTPError,404 Client Error: Not Found for url: https://data.sec.gov/api/xbrl/companyfacts/CIK0000804563.json,2026-07-20T14:15:51,2026-07-20T14:15:52,0.913
BMDPF,0001002788,failed,,,HTTPError,404 Client Error: Not Found for url: https://data.sec.gov/api/xbrl/companyfacts/CIK0001002788.json,2026-07-20T14:15:52,2026-07-20T14:15:53,0.847
BME,0001314966,failed,,,ValueError,Company Facts에서 facts 데이터를 찾지 못했습니다.,2026-07-20T14:15:53,2026-07-20T14:15:54,0.955
BMEA,0001840439,success,5102.0,data\facts\0001840439.parquet,,,2026-07-20T14:15:54,2026-07-20T14:15:55,1.031
BMEZ,0001785971,failed,,,ValueError,Company Facts에서 facts 데이터를 찾지 못했습니다.,2026-07-20T14:15:56,2026-07-20T14:15:57,1.004
BMGL,0002004489,success,666.0,data\facts\0002004489.parquet,,,2026-07-20T14:15:57,2026-07-20T14:15:58,0.922
BMHL,0002027815,success,187.0,data\facts\0002027815.parquet,,,2026-07-20T14:15:58,2026-07-20T14:15:59,0.981
BMI,0000009092,success,17107.0,data\facts\0000009092.parquet,,,2026-07-20T14:15:59,2026-07-20T14:16:00,1.196
BMM,0001732379,failed,,,HTTPError,404 Client Error: Not Found for url: https://data.sec.gov/api/xbrl/companyfacts/CIK0001732379.json,2026-07-20T14:16:01,2026-07-20T14:16:01,0.776
BMN,0001832871,success,36.0,data\facts\0001832871.parquet,,,2026-07-20T14:16:02,2026-07-20T14:16:03,0.949
BMNM,0001275477,success,10300.0,data\facts\0001275477.parquet,,,2026-07-20T14:16:03,2026-07-20T14:16:04,1.106
BMNR,0001829311,success,3702.0,data\facts\0001829311.parquet,,,2026-07-20T14:16:04,2026-07-20T14:16:05,1.021
BMO,0000927971,success,13060.0,data\facts\0000927971.parquet,,,2026-07-20T14:16:05,2026-07-20T14:16:07,1.129
BMOK,0002071607,success,117.0,data\facts\0002071607.parquet,,,2026-07-20T14:16:07,2026-07-20T14:16:08,0.85
BMPA,0001130781,success,923.0,data\facts\0001130781.parquet,,,2026-07-20T14:16:08,2026-07-20T14:16:09,1.057
BMR,0001899005,success,1958.0,data\facts\0001899005.parquet,,,2026-07-20T14:16:09,2026-07-20T14:16:10,0.812
BMRA,0000073290,success,13711.0,data\facts\0000073290.parquet,,,2026-07-20T14:16:10,2026-07-20T14:16:12,1.302
BMRC,0001403475,success,33360.0,data\facts\0001403475.parquet,,,2026-07-20T14:16:12,2026-07-20T14:16:14,1.808
BMRN,0001048477,success,23460.0,data\facts\0001048477.parquet,,,2026-07-20T14:16:14,2026-07-20T14:16:15,1.462
BMRRY,0001671235,failed,,,HTTPError,404 Client Error: Not Found for url: https://data.sec.gov/api/xbrl/companyfacts/CIK0001671235.json,2026-07-20T14:16:16,2026-07-20T14:16:16,0.943
BMTM,0001568385,success,16408.0,data\facts\0001568385.parquet,,,2026-07-20T14:16:17,2026-07-20T14:16:18,1.426
BMWKY,0001446250,failed,,,HTTPError,404 Client Error: Not Found for url: https://data.sec.gov/api/xbrl/companyfacts/CIK0001446250.json,2026-07-20T14:16:18,2026-07-20T14:16:19,0.949
BMXI,0001122993,failed,,,HTTPError,404 Client Error: Not Found for url: https://data.sec.gov/api/xbrl/companyfacts/CIK0001122993.json,2026-07-20T14:16:20,2026-07-20T14:16:21,0.933
BMY,0000014272,success,37133.0,data\facts\0000014272.parquet,,,2026-07-20T14:16:21,2026-07-20T14:16:23,1.923
BN,0001001085,success,6324.0,data\facts\0001001085.parquet,,,2026-07-20T14:16:23,2026-07-20T14:16:24,1.118
BNAI,0001838163,success,3475.0,data\facts\0001838163.parquet,,,2026-07-20T14:16:24,2026-07-20T14:16:25,1.114
BNBX,0000744452,success,12598.0,data\facts\0000744452.parquet,,,2026-07-20T14:16:26,2026-07-20T14:16:27,1.225
BNC,0001482541,success,12997.0,data\facts\0001482541.parquet,,,2026-07-20T14:16:27,2026-07-20T14:16:28,1.359
BNED,0001634117,success,16289.0,data\facts\0001634117.parquet,,,2026-07-20T14:16:29,2026-07-20T14:16:30,1.414
BNET,0000875729,success,11015.0,data\facts\0000875729.parquet,,,2026-07-20T14:16:30,2026-07-20T14:16:32,1.276
BNGO,0001411690,success,10550.0,data\facts\0001411690.parquet,,,2026-07-20T14:16:32,2026-07-20T14:16:33,1.033
BNIGF,0001851651,failed,,,HTTPError,404 Client Error: Not Found for url: https://data.sec.gov/api/xbrl/companyfacts/CIK0001851651.json,2026-07-20T14:16:33,2026-07-20T14:16:34,0.918
BNKK,0001760903,success,5393.0,data\facts\0001760903.parquet,,,2026-07-20T14:16:34,2026-07-20T14:16:35,1.111
BNL,0001424182,success,13602.0,data\facts\0001424182.parquet,,,2026-07-20T14:16:36,2026-07-20T14:16:37,1.296
BNO,0001472494,success,7723.0,data\facts\0001472494.parquet,,,2026-07-20T14:16:37,2026-07-20T14:16:38,1.243
BNR,0001792267,success,4117.0,data\facts\0001792267.parquet,,,2026-07-20T14:16:39,2026-07-20T14:16:40,1.228
BNRG,0001901215,success,1915.0,data\facts\0001901215.parquet,,,2026-07-20T14:16:40,2026-07-20T14:16:41,1.048
BNS,0000009631,success,13940.0,data\facts\0000009631.parquet,,,2026-07-20T14:16:41,2026-07-20T14:16:42,1.086
BNT,0001837429,success,5637.0,data\facts\0001837429.parquet,,,2026-07-20T14:16:43,2026-07-20T14:16:44,1.173
BNTC,0001808898,success,5415.0,data\facts\0001808898.parquet,,,2026-07-20T14:16:44,2026-07-20T14:16:45,1.181
BNTX,0001776985,success,3246.0,data\facts\0001776985.parquet,,,2026-07-20T14:16:45,2026-07-20T14:16:47,1.068
BNY,0001390777,success,51693.0,data\facts\0001390777.parquet,,,2026-07-20T14:16:47,2026-07-20T14:16:49,2.11
BNZI,0001826011,success,6619.0,data\facts\0001826011.parquet,,,2026-07-20T14:16:49,2026-07-20T14:16:50,1.141
BOBS,0002085187,success,324.0,data\facts\0002085187.parquet,,,2026-07-20T14:16:50,2026-07-20T14:16:52,1.033
BOC,0001494582,success,15435.0,data\facts\0001494582.parquet,,,2026-07-20T14:16:52,2026-07-20T14:16:53,1.414
BODI,0001826889,success,7291.0,data\facts\0001826889.parquet,,,2026-07-20T14:16:53,2026-07-20T14:16:55,1.115
BOE,0001320375,failed,,,HTTPError,404 Client Error: Not Found for url: https://data.sec.gov/api/xbrl/companyfacts/CIK0001320375.json,2026-07-20T14:16:55,2026-07-20T14:16:56,0.88
BOF,0001962481,success,3377.0,data\facts\0001962481.parquet,,,2026-07-20T14:16:56,2026-07-20T14:16:57,1.036
BOH,0000046195,success,36345.0,data\facts\0000046195.parquet,,,2026-07-20T14:16:57,2026-07-20T14:16:59,1.664
BOKF,0000875357,success,40366.0,data\facts\0000875357.parquet,,,2026-07-20T14:16:59,2026-07-20T14:17:01,1.812
BOLD,0001782303,success,2210.0,data\facts\0001782303.parquet,,,2026-07-20T14:17:01,2026-07-20T14:17:02,1.071
BOLT,0001641281,success,5265.0,data\facts\0001641281.parquet,,,2026-07-20T14:17:02,2026-07-20T14:17:03,1.107
BON,0001816815,success,4314.0,data\facts\0001816815.parquet,,,2026-07-20T14:17:04,2026-07-20T14:17:05,1.068
BONXF,0001544770,failed,,,HTTPError,404 Client Error: Not Found for url: https://data.sec.gov/api/xbrl/companyfacts/CIK0001544770.json,2026-07-20T14:17:05,2026-07-20T14:17:06,0.89
BOOM,0000034067,success,20836.0,data\facts\0000034067.parquet,,,2026-07-20T14:17:06,2026-07-20T14:17:08,1.586
BOOT,0001610250,success,14153.0,data\facts\0001610250.parquet,,,2026-07-20T14:17:08,2026-07-20T14:17:09,1.269
BORAY,0002097461,failed,,,HTTPError,404 Client Error: Not Found for url: https://data.sec.gov/api/xbrl/companyfacts/CIK0002097461.json,2026-07-20T14:17:09,2026-07-20T14:17:10,0.908
BORR,0001715497,success,5163.0,data\facts\0001715497.parquet,,,2026-07-20T14:17:11,2026-07-20T14:17:12,1.125
BOSC,0001005516,success,6966.0,data\facts\0001005516.parquet,,,2026-07-20T14:17:12,2026-07-20T14:17:13,1.157
BOT,0002081119,success,91.0,data\facts\0002081119.parquet,,,2026-07-20T14:17:13,2026-07-20T14:17:14,1.088
BOTJ,0001275101,success,23953.0,data\facts\0001275101.parquet,,,2026-07-20T14:17:15,2026-07-20T14:17:16,1.521
BOTX,0001643721,success,6762.0,data\facts\0001643721.parquet,,,2026-07-20T14:17:16,2026-07-20T14:17:18,1.27
BOTY,0001407704,success,8791.0,data\facts\0001407704.parquet,,,2026-07-20T14:17:18,2026-07-20T14:17:19,1.238
BOW,0002002473,success,3159.0,data\facts\0002002473.parquet,,,2026-07-20T14:17:19,2026-07-20T14:17:21,1.145
BOX,0001372612,success,15860.0,data\facts\0001372612.parquet,,,2026-07-20T14:17:21,2026-07-20T14:17:22,1.327
BOXL,0001624512,success,11044.0,data\facts\0001624512.parquet,,,2026-07-20T14:17:22,2026-07-20T14:17:24,1.165
BP,0000313807,success,9144.0,data\facts\0000313807.parquet,,,2026-07-20T14:17:24,2026-07-20T14:17:25,1.295
BPAC,0002064177,success,174.0,data\facts\0002064177.parquet,,,2026-07-20T14:17:25,2026-07-20T14:17:26,0.928
BPOP,0000763901,success,50189.0,data\facts\0000763901.parquet,,,2026-07-20T14:17:26,2026-07-20T14:17:29,2.172
BPRE,0001551047,success,25.0,data\facts\0001551047.parquet,,,2026-07-20T14:17:29,2026-07-20T14:17:30,1.058
BPRN,0001913971,success,6028.0,data\facts\0001913971.parquet,,,2026-07-20T14:17:30,2026-07-20T14:17:31,1.084
BPTH,0001133818,success,10408.0,data\facts\0001133818.parquet,,,2026-07-20T14:17:32,2026-07-20T14:17:33,1.232
BPYPP,0001545772,success,6632.0,data\facts\0001545772.parquet,,,2026-07-20T14:17:33,2026-07-20T14:17:34,1.16
BQ,0001815021,success,4374.0,data\facts\0001815021.parquet,,,2026-07-20T14:17:34,2026-07-20T14:17:35,1.102
BQST,0001568628,success,2146.0,data\facts\0001568628.parquet,,,2026-07-20T14:17:36,2026-07-20T14:17:37,0.981
BR,0001383312,success,23953.0,data\facts\0001383312.parquet,,,2026-07-20T14:17:37,2026-07-20T14:17:38,1.515
BRAG,0001867834,success,1198.0,data\facts\0001867834.parquet,,,2026-07-20T14:17:39,2026-07-20T14:17:40,1.027
BRAI,0002076975,failed,,,HTTPError,404 Client Error: Not Found for url: https://data.sec.gov/api/xbrl/companyfacts/CIK0002076975.json,2026-07-20T14:17:40,2026-07-20T14:17:41,0.796
BRBF,0001976870,success,707.0,data\facts\0001976870.parquet,,,2026-07-20T14:17:41,2026-07-20T14:17:42,1.163
BRBI,0002058601,success,1.0,data\facts\0002058601.parquet,,,2026-07-20T14:17:42,2026-07-20T14:17:43,0.886
BRBR,0001772016,success,6668.0,data\facts\0001772016.parquet,,,2026-07-20T14:17:43,2026-07-20T14:17:45,1.066
BRBS,0000842717,success,13542.0,data\facts\0000842717.parquet,,,2026-07-20T14:17:45,2026-07-20T14:17:46,1.405
BRC,0000746598,success,22748.0,data\facts\0000746598.parquet,,,2026-07-20T14:17:46,2026-07-20T14:17:48,1.275
BRCB,0002068577,success,1004.0,data\facts\0002068577.parquet,,,2026-07-20T14:17:48,2026-07-20T14:17:49,0.926
BRCC,0001891101,success,5934.0,data\facts\0001891101.parquet,,,2026-07-20T14:17:49,2026-07-20T14:17:50,1.063
BRCNF,0001158399,success,686.0,data\facts\0001158399.parquet,,,2026-07-20T14:17:50,2026-07-20T14:17:51,0.779
BRELY,0002018463,failed,,,HTTPError,404 Client Error: Not Found for url: https://data.sec.gov/api/xbrl/companyfacts/CIK0002018463.json,2026-07-20T14:17:51,2026-07-20T14:17:52,0.951
BREZ,0002095443,success,2.0,data\facts\0002095443.parquet,,,2026-07-20T14:17:53,2026-07-20T14:17:53,0.884
BRFH,0001487197,success,11991.0,data\facts\0001487197.parquet,,,2026-07-20T14:17:54,2026-07-20T14:17:55,1.348
BRGX,0001593184,success,3083.0,data\facts\0001593184.parquet,,,2026-07-20T14:17:55,2026-07-20T14:17:56,1.171
BRIA,0002000230,success,324.0,data\facts\0002000230.parquet,,,2026-07-20T14:17:57,2026-07-20T14:17:58,0.849
BRID,0000014177,success,12689.0,data\facts\0000014177.parquet,,,2026-07-20T14:17:58,2026-07-20T14:17:59,1.257
BRK-B,0001067983,success,17915.0,data\facts\0001067983.parquet,,,2026-07-20T14:17:59,2026-07-20T14:18:01,1.382
BRKCF,0001019742,failed,,,HTTPError,404 Client Error: Not Found for url: https://data.sec.gov/api/xbrl/companyfacts/CIK0001019742.json,2026-07-20T14:18:01,2026-07-20T14:18:02,0.815
BRKH,0002098707,success,41.0,data\facts\0002098707.parquet,,,2026-07-20T14:18:02,2026-07-20T14:18:03,0.982
BRKR,0001109354,success,25930.0,data\facts\0001109354.parquet,,,2026-07-20T14:18:03,2026-07-20T14:18:04,1.259
BRLL,0001631463,success,2500.0,data\facts\0001631463.parquet,,,2026-07-20T14:18:05,2026-07-20T14:18:06,1.063
BRLS,0001852973,success,3304.0,data\facts\0001852973.parquet,,,2026-07-20T14:18:06,2026-07-20T14:18:07,0.983
BRLT,0001866757,success,5378.0,data\facts\0001866757.parquet,,,2026-07-20T14:18:07,2026-07-20T14:18:08,0.991
BRN,0000010048,success,19129.0,data\facts\0000010048.parquet,,,2026-07-20T14:18:08,2026-07-20T14:18:10,1.566
BRNS,0001828185,success,5558.0,data\facts\0001828185.parquet,,,2026-07-20T14:18:10,2026-07-20T14:18:11,1.212
BRO,0000079282,success,25883.0,data\facts\0000079282.parquet,,,2026-07-20T14:18:12,2026-07-20T14:18:13,1.543
BROS,0001866581,success,6773.0,data\facts\0001866581.parquet,,,2026-07-20T14:18:13,2026-07-20T14:18:15,1.146
BRQL,0001854526,success,2751.0,data\facts\0001854526.parquet,,,2026-07-20T14:18:15,2026-07-20T14:18:16,1.082
BRQSF,0001650575,success,7108.0,data\facts\0001650575.parquet,,,2026-07-20T14:18:16,2026-07-20T14:18:17,1.296
BRR,0002076163,success,338.0,data\facts\0002076163.parquet,,,2026-07-20T14:18:18,2026-07-20T14:18:19,0.996
BRRN,0001397795,success,2536.0,data\facts\0001397795.parquet,,,2026-07-20T14:18:19,2026-07-20T14:18:20,1.162
BRRR,0001841175,success,820.0,data\facts\0001841175.parquet,,,2026-07-20T14:18:20,2026-07-20T14:18:21,1.047
BRSL,0001619762,success,7703.0,data\facts\0001619762.parquet,,,2026-07-20T14:18:22,2026-07-20T14:18:23,1.193
BRSP,0001717547,success,15683.0,data\facts\0001717547.parquet,,,2026-07-20T14:18:23,2026-07-20T14:18:24,1.353
BRT,0000014846,success,18520.0,data\facts\0000014846.parquet,,,2026-07-20T14:18:25,2026-07-20T14:18:26,1.379
BRTM,0002131350,success,5.0,data\facts\0002131350.parquet,,,2026-07-20T14:18:26,2026-07-20T14:18:27,0.935
BRTX,0001505497,success,13530.0,data\facts\0001505497.parquet,,,2026-07-20T14:18:27,2026-07-20T14:18:29,1.386
BRUN,0002090646,success,91.0,data\facts\0002090646.parquet,,,2026-07-20T14:18:29,2026-07-20T14:18:30,0.9
BRVMF,0001913288,failed,,,HTTPError,404 Client Error: Not Found for url: https://data.sec.gov/api/xbrl/companyfacts/CIK0001913288.json,2026-07-20T14:18:30,2026-07-20T14:18:31,0.999
BRVO,0001444839,success,6916.0,data\facts\0001444839.parquet,,,2026-07-20T14:18:31,2026-07-20T14:18:33,1.203
BRW,0000826020,failed,,,ValueError,Company Facts에서 facts 데이터를 찾지 못했습니다.,2026-07-20T14:18:33,2026-07-20T14:18:34,0.986
BRWC,0001873213,success,2190.0,data\facts\0001873213.parquet,,,2026-07-20T14:18:34,2026-07-20T14:18:35,1.104
BRX,0001581068,success,16784.0,data\facts\0001581068.parquet,,,2026-07-20T14:18:35,2026-07-20T14:18:37,1.439
BRZE,0001676238,success,8230.0,data\facts\0001676238.parquet,,,2026-07-20T14:18:37,2026-07-20T14:18:38,1.065
BSAA,0002051587,success,235.0,data\facts\0002051587.parquet,,,2026-07-20T14:18:38,2026-07-20T14:18:39,0.981
BSAC,0001027552,success,4515.0,data\facts\0001027552.parquet,,,2026-07-20T14:18:40,2026-07-20T14:18:41,1.058
BSAI,0001416090,success,15027.0,data\facts\0001416090.parquet,,,2026-07-20T14:18:41,2026-07-20T14:18:42,1.449
BSBK,0001787414,success,11037.0,data\facts\0001787414.parquet,,,2026-07-20T14:18:43,2026-07-20T14:18:44,1.358
BSBR,0001471055,success,5593.0,data\facts\0001471055.parquet,,,2026-07-20T14:18:44,2026-07-20T14:18:45,1.133
BSEM,0001658678,failed,,,HTTPError,404 Client Error: Not Found for url: https://data.sec.gov/api/xbrl/companyfacts/CIK0001658678.json,2026-07-20T14:18:46,2026-07-20T14:18:47,0.975
BSET,0000010329,success,20183.0,data\facts\0000010329.parquet,,,2026-07-20T14:18:47,2026-07-20T14:18:48,1.585
BSFC,0001730773,success,8329.0,data\facts\0001730773.parquet,,,2026-07-20T14:18:49,2026-07-20T14:18:50,1.302
BSIN,0000101594,success,18769.0,data\facts\0000101594.parquet,,,2026-07-20T14:18:50,2026-07-20T14:18:52,1.495
BSL,0001486298,failed,,,HTTPError,404 Client Error: Not Found for url: https://data.sec.gov/api/xbrl/companyfacts/CIK0001486298.json,2026-07-20T14:18:52,2026-07-20T14:18:53,0.967
BSM,0001621434,success,11107.0,data\facts\0001621434.parquet,,,2026-07-20T14:18:53,2026-07-20T14:18:54,1.255
BSOL,0002045872,success,156.0,data\facts\0002045872.parquet,,,2026-07-20T14:18:55,2026-07-20T14:18:56,1.05
BSP,0002004711,success,10.0,data\facts\0002004711.parquet,,,2026-07-20T14:18:56,2026-07-20T14:18:57,0.939
BSPA,0002094107,success,681.0,data\facts\0002094107.parquet,,,2026-07-20T14:18:57,2026-07-20T14:18:58,1.056
BSPK,0001409197,success,8597.0,data\facts\0001409197.parquet,,,2026-07-20T14:18:58,2026-07-20T14:19:00,1.27
BSRR,0001130144,success,30164.0,data\facts\0001130144.parquet,,,2026-07-20T14:19:00,2026-07-20T14:19:02,1.753
BST,0001616678,success,27.0,data\facts\0001616678.parquet,,,2026-07-20T14:19:02,2026-07-20T14:19:03,0.975
BSTR,0002083583,success,3.0,data\facts\0002083583.parquet,,,2026-07-20T14:19:03,2026-07-20T14:19:04,0.93
BSTT,0001662972,success,15042.0,data\facts\0001662972.parquet,,,2026-07-20T14:19:04,2026-07-20T14:19:06,1.45
BSTZ,0001768666,failed,,,HTTPError,404 Client Error: Not Found for url: https://data.sec.gov/api/xbrl/companyfacts/CIK0001768666.json,2026-07-20T14:19:06,2026-07-20T14:19:07,0.998
BSVN,0001746129,success,11000.0,data\facts\0001746129.parquet,,,2026-07-20T14:19:07,2026-07-20T14:19:08,1.277
BSX,0000885725,success,31770.0,data\facts\0000885725.parquet,,,2026-07-20T14:19:09,2026-07-20T14:19:10,1.694
BSY,0001031308,success,10985.0,data\facts\0001031308.parquet,,,2026-07-20T14:19:11,2026-07-20T14:19:12,1.297
BTAI,0001720893,success,6722.0,data\facts\0001720893.parquet,,,2026-07-20T14:19:12,2026-07-20T14:19:13,1.199
BTBD,0001718224,success,6546.0,data\facts\0001718224.parquet,,,2026-07-20T14:19:14,2026-07-20T14:19:15,1.278
BTBT,0001710350,success,4624.0,data\facts\0001710350.parquet,,,2026-07-20T14:19:15,2026-07-20T14:19:16,1.27
BTC,0002015034,success,588.0,data\facts\0002015034.parquet,,,2026-07-20T14:19:17,2026-07-20T14:19:18,0.93
BTCK,0001471824,success,1486.0,data\facts\0001471824.parquet,,,2026-07-20T14:19:18,2026-07-20T14:19:19,1.098
BTCO,0001855781,success,751.0,data\facts\0001855781.parquet,,,2026-07-20T14:19:19,2026-07-20T14:19:20,0.954
BTCS,0001436229,success,13042.0,data\facts\0001436229.parquet,,,2026-07-20T14:19:20,2026-07-20T14:19:21,1.138
BTCT,0001796514,success,4460.0,data\facts\0001796514.parquet,,,2026-07-20T14:19:22,2026-07-20T14:19:23,1.228
BTCW,0001850391,success,636.0,data\facts\0001850391.parquet,,,2026-07-20T14:19:23,2026-07-20T14:19:24,0.95
BTCY,0001630113,success,10390.0,data\facts\0001630113.parquet,,,2026-07-20T14:19:24,2026-07-20T14:19:25,1.18
BTDPY,0001516324,failed,,,HTTPError,404 Client Error: Not Found for url: https://data.sec.gov/api/xbrl/companyfacts/CIK0001516324.json,2026-07-20T14:19:26,2026-07-20T14:19:27,0.99
BTDR,0001899123,success,2088.0,data\facts\0001899123.parquet,,,2026-07-20T14:19:27,2026-07-20T14:19:28,1.013
BTE,0001279495,success,2564.0,data\facts\0001279495.parquet,,,2026-07-20T14:19:28,2026-07-20T14:19:29,0.945
BTECH,0002086775,failed,,,ValueError,변환된 Fact Store가 비어 있습니다.,2026-07-20T14:19:29,2026-07-20T14:19:30,0.937
BTG,0001429937,success,2858.0,data\facts\0001429937.parquet,,,2026-07-20T14:19:31,2026-07-20T14:19:32,1.095
BTGO,0001740604,success,266.0,data\facts\0001740604.parquet,,,2026-07-20T14:19:32,2026-07-20T14:19:33,0.948
BTGRF,0001546538,failed,,,HTTPError,404 Client Error: Not Found for url: https://data.sec.gov/api/xbrl/companyfacts/CIK0001546538.json,2026-07-20T14:19:33,2026-07-20T14:19:34,0.867
BTI,0001303523,success,9073.0,data\facts\0001303523.parquet,,,2026-07-20T14:19:34,2026-07-20T14:19:35,1.158
BTMCQ,0001901799,success,4775.0,data\facts\0001901799.parquet,,,2026-07-20T14:19:36,2026-07-20T14:19:37,0.977
BTMD,0001819253,success,5708.0,data\facts\0001819253.parquet,,,2026-07-20T14:19:37,2026-07-20T14:19:38,1.212
BTO,0000925683,failed,,,ValueError,Company Facts에서 facts 데이터를 찾지 못했습니다.,2026-07-20T14:19:38,2026-07-20T14:19:39,0.813
BTOC,0001972529,success,2444.0,data\facts\0001972529.parquet,,,2026-07-20T14:19:39,2026-07-20T14:19:40,0.659
BTOG,0001735556,success,2796.0,data\facts\0001735556.parquet,,,2026-07-20T14:19:40,2026-07-20T14:19:41,0.706
BTQ,0001821866,failed,,,HTTPError,404 Client Error: Not Found for url: https://data.sec.gov/api/xbrl/companyfacts/CIK0001821866.json,2026-07-20T14:19:41,2026-07-20T14:19:42,0.945
BTSG,0001865782,success,4233.0,data\facts\0001865782.parquet,,,2026-07-20T14:19:42,2026-07-20T14:19:43,1.043
BTT,0001528437,success,1.0,data\facts\0001528437.parquet,,,2026-07-20T14:19:43,2026-07-20T14:19:44,0.932
BTTC,0002034400,success,68.0,data\facts\0002034400.parquet,,,2026-07-20T14:19:45,2026-07-20T14:19:46,0.852
BTU,0001064728,success,28685.0,data\facts\0001064728.parquet,,,2026-07-20T14:19:46,2026-07-20T14:19:47,1.605
BTX,0001836057,failed,,,HTTPError,404 Client Error: Not Found for url: https://data.sec.gov/api/xbrl/companyfacts/CIK0001836057.json,2026-07-20T14:19:48,2026-07-20T14:19:48,0.879
BTZ,0001379384,failed,,,HTTPError,404 Client Error: Not Found for url: https://data.sec.gov/api/xbrl/companyfacts/CIK0001379384.json,2026-07-20T14:19:49,2026-07-20T14:19:50,0.866
BUD,0001668717,success,7524.0,data\facts\0001668717.parquet,,,2026-07-20T14:19:50,2026-07-20T14:19:51,1.23
BUDA,0002079720,success,336.0,data\facts\0002079720.parquet,,,2026-07-20T14:19:51,2026-07-20T14:19:52,1.096
BUDZ,0001393772,success,6770.0,data\facts\0001393772.parquet,,,2026-07-20T14:19:53,2026-07-20T14:19:54,1.116
BUHPY,0001547870,failed,,,HTTPError,404 Client Error: Not Found for url: https://data.sec.gov/api/xbrl/companyfacts/CIK0001547870.json,2026-07-20T14:19:54,2026-07-20T14:19:55,0.888
BUI,0001528988,success,11.0,data\facts\0001528988.parquet,,,2026-07-20T14:19:55,2026-07-20T14:19:56,0.92
BUKS,0000015847,success,16333.0,data\facts\0000015847.parquet,,,2026-07-20T14:19:56,2026-07-20T14:19:57,1.173
BULL,0001866364,success,1318.0,data\facts\0001866364.parquet,,,2026-07-20T14:19:58,2026-07-20T14:19:59,1.142
BUR,0001714174,success,3945.0,data\facts\0001714174.parquet,,,2026-07-20T14:19:59,2026-07-20T14:20:00,1.111
BURL,0001579298,success,20287.0,data\facts\0001579298.parquet,,,2026-07-20T14:20:00,2026-07-20T14:20:02,1.235
BURU,0001814215,success,7251.0,data\facts\0001814215.parquet,,,2026-07-20T14:20:02,2026-07-20T14:20:04,1.727
BUSE,0000314489,success,33220.0,data\facts\0000314489.parquet,,,2026-07-20T14:20:04,2026-07-20T14:20:06,2.007
BUUU,0002047273,success,300.0,data\facts\0002047273.parquet,,,2026-07-20T14:20:06,2026-07-20T14:20:07,0.992
BV,0001734713,success,10881.0,data\facts\0001734713.parquet,,,2026-07-20T14:20:07,2026-07-20T14:20:09,1.396
BVC,0001785680,success,1770.0,data\facts\0001785680.parquet,,,2026-07-20T14:20:09,2026-07-20T14:20:10,1.074
BVENY,0002095292,failed,,,HTTPError,404 Client Error: Not Found for url: https://data.sec.gov/api/xbrl/companyfacts/CIK0002095292.json,2026-07-20T14:20:10,2026-07-20T14:20:11,0.963
BVFL,0001302387,success,6468.0,data\facts\0001302387.parquet,,,2026-07-20T14:20:11,2026-07-20T14:20:13,1.397
BVGLY,0002127839,failed,,,HTTPError,404 Client Error: Not Found for url: https://data.sec.gov/api/xbrl/companyfacts/CIK0002127839.json,2026-07-20T14:20:13,2026-07-20T14:20:14,0.91
BVN,0001013131,success,4294.0,data\facts\0001013131.parquet,,,2026-07-20T14:20:14,2026-07-20T14:20:16,1.548
BVS,0001665988,success,8375.0,data\facts\0001665988.parquet,,,2026-07-20T14:20:16,2026-07-20T14:20:17,1.315
BW,0001630805,success,22803.0,data\facts\0001630805.parquet,,,2026-07-20T14:20:18,2026-07-20T14:20:19,1.93
BWA,0000908255,success,33215.0,data\facts\0000908255.parquet,,,2026-07-20T14:20:20,2026-07-20T14:20:21,1.764
BWAY,0001505065,success,1839.0,data\facts\0001505065.parquet,,,2026-07-20T14:20:22,2026-07-20T14:20:23,1.021
BWB,0001341317,success,18272.0,data\facts\0001341317.parquet,,,2026-07-20T14:20:23,2026-07-20T14:20:24,1.41
BWEN,0001120370,success,21102.0,data\facts\0001120370.parquet,,,2026-07-20T14:20:25,2026-07-20T14:20:26,1.807
BWFG,0001505732,success,25039.0,data\facts\0001505732.parquet,,,2026-07-20T14:20:27,2026-07-20T14:20:29,1.932
BWG,0001504545,failed,,,HTTPError,404 Client Error: Not Found for url: https://data.sec.gov/api/xbrl/companyfacts/CIK0001504545.json,2026-07-20T14:20:29,2026-07-20T14:20:30,1.128
BWIN,0001781755,success,9199.0,data\facts\0001781755.parquet,,,2026-07-20T14:20:30,2026-07-20T14:20:32,1.591
BWIV,0002082847,success,68.0,data\facts\0002082847.parquet,,,2026-07-20T14:20:32,2026-07-20T14:20:33,0.925
BWLP,0001649313,success,1244.0,data\facts\0001649313.parquet,,,2026-07-20T14:20:33,2026-07-20T14:20:34,1.066
BWMG,0001166708,success,17033.0,data\facts\0001166708.parquet,,,2026-07-20T14:20:35,2026-07-20T14:20:36,1.718
BWMN,0001847590,success,7695.0,data\facts\0001847590.parquet,,,2026-07-20T14:20:36,2026-07-20T14:20:38,1.188
BWMX,0001788257,success,2599.0,data\facts\0001788257.parquet,,,2026-07-20T14:20:38,2026-07-20T14:20:39,1.076
BWOW,0002053791,success,110.0,data\facts\0002053791.parquet,,,2026-07-20T14:20:39,2026-07-20T14:20:40,0.974
BWXT,0001486957,success,27844.0,data\facts\0001486957.parquet,,,2026-07-20T14:20:40,2026-07-20T14:20:42,1.658
BX,0001393818,success,23187.0,data\facts\0001393818.parquet,,,2026-07-20T14:20:42,2026-07-20T14:20:44,1.467
BXC,0001301787,success,19204.0,data\facts\0001301787.parquet,,,2026-07-20T14:20:44,2026-07-20T14:20:45,1.406
BXDC,0002100161,success,14.0,data\facts\0002100161.parquet,,,2026-07-20T14:20:46,2026-07-20T14:20:47,0.976
BXMT,0001061630,success,17263.0,data\facts\0001061630.parquet,,,2026-07-20T14:20:47,2026-07-20T14:20:48,1.335
BXP,0001037540,success,29212.0,data\facts\0001037540.parquet,,,2026-07-20T14:20:48,2026-07-20T14:20:50,1.638
BXRLY,0002056450,failed,,,HTTPError,404 Client Error: Not Found for url: https://data.sec.gov/api/xbrl/companyfacts/CIK0002056450.json,2026-07-20T14:20:50,2026-07-20T14:20:51,0.963
BXSL,0001736035,success,5091.0,data\facts\0001736035.parquet,,,2026-07-20T14:20:52,2026-07-20T14:20:53,1.453
BXSY,0001059213,failed,,,HTTPError,404 Client Error: Not Found for url: https://data.sec.gov/api/xbrl/companyfacts/CIK0001059213.json,2026-07-20T14:20:53,2026-07-20T14:20:54,0.932
BY,0001702750,success,22544.0,data\facts\0001702750.parquet,,,2026-07-20T14:20:54,2026-07-20T14:20:56,1.602
BYAH,0001986247,success,1688.0,data\facts\0001986247.parquet,,,2026-07-20T14:20:56,2026-07-20T14:20:57,1.099
BYCBF,0001706795,failed,,,HTTPError,404 Client Error: Not Found for url: https://data.sec.gov/api/xbrl/companyfacts/CIK0001706795.json,2026-07-20T14:20:58,2026-07-20T14:20:59,0.905
BYD,0000906553,success,25963.0,data\facts\0000906553.parquet,,,2026-07-20T14:20:59,2026-07-20T14:21:00,1.547
BYDDF,0001445162,failed,,,HTTPError,404 Client Error: Not Found for url: https://data.sec.gov/api/xbrl/companyfacts/CIK0001445162.json,2026-07-20T14:21:01,2026-07-20T14:21:02,1.027
BYDIF,0001447956,failed,,,HTTPError,404 Client Error: Not Found for url: https://data.sec.gov/api/xbrl/companyfacts/CIK0001447956.json,2026-07-20T14:21:02,2026-07-20T14:21:03,0.907
BYFC,0001001171,success,24031.0,data\facts\0001001171.parquet,,,2026-07-20T14:21:03,2026-07-20T14:21:05,1.556
BYND,0001655210,success,11460.0,data\facts\0001655210.parquet,,,2026-07-20T14:21:05,2026-07-20T14:21:06,1.355
BYNO,0001801417,success,2516.0,data\facts\0001801417.parquet,,,2026-07-20T14:21:06,2026-07-20T14:21:08,1.208
BYRN,0001354866,success,14140.0,data\facts\0001354866.parquet,,,2026-07-20T14:21:08,2026-07-20T14:21:09,1.246
BYSI,0001677940,success,6747.0,data\facts\0001677940.parquet,,,2026-07-20T14:21:09,2026-07-20T14:21:10,1.207
BZ,0001842827,success,2819.0,data\facts\0001842827.parquet,,,2026-07-20T14:21:11,2026-07-20T14:21:12,1.295
BZAI,0001871638,success,2983.0,data\facts\0001871638.parquet,,,2026-07-20T14:21:12,2026-07-20T14:21:13,1.095
BZDLF,0001527038,failed,,,HTTPError,404 Client Error: Not Found for url: https://data.sec.gov/api/xbrl/companyfacts/CIK0001527038.json,2026-07-20T14:21:14,2026-07-20T14:21:14,0.804
BZFD,0001828972,success,7756.0,data\facts\0001828972.parquet,,,2026-07-20T14:21:15,2026-07-20T14:21:15,0.597
BZH,0000915840,success,20279.0,data\facts\0000915840.parquet,,,2026-07-20T14:21:15,2026-07-20T14:21:16,0.881
BZLFY,0001072397,failed,,,HTTPError,404 Client Error: Not Found for url: https://data.sec.gov/api/xbrl/companyfacts/CIK0001072397.json,2026-07-20T14:21:17,2026-07-20T14:21:17,0.494
BZRD,0001765826,success,620.0,data\facts\0001765826.parquet,,,2026-07-20T14:21:17,2026-07-20T14:21:18,0.534
BZUN,0001625414,success,6295.0,data\facts\0001625414.parquet,,,2026-07-20T14:21:18,2026-07-20T14:21:19,0.659
BZYR,0000724445,success,6193.0,data\facts\0000724445.parquet,,,2026-07-20T14:21:19,2026-07-20T14:21:20,0.757
C,0000831001,success,58633.0,data\facts\0000831001.parquet,,,2026-07-20T14:21:20,2026-07-20T14:21:22,1.915
CAAP,0001717393,success,5167.0,data\facts\0001717393.parquet,,,2026-07-20T14:21:22,2026-07-20T14:21:23,0.868
CAAS,0002037400,success,455.0,data\facts\0002037400.parquet,,,2026-07-20T14:21:23,2026-07-20T14:21:24,0.866
CABA,0001759138,success,5201.0,data\facts\0001759138.parquet,,,2026-07-20T14:21:24,2026-07-20T14:21:25,1.108
CABO,0001632127,success,17502.0,data\facts\0001632127.parquet,,,2026-07-20T14:21:26,2026-07-20T14:21:27,1.277
CABR,0002020737,success,760.0,data\facts\0002020737.parquet,,,2026-07-20T14:21:27,2026-07-20T14:21:28,1.07
CAC,0000750686,success,36614.0,data\facts\0000750686.parquet,,,2026-07-20T14:21:28,2026-07-20T14:21:30,1.671
CACC,0000885550,success,21476.0,data\facts\0000885550.parquet,,,2026-07-20T14:21:30,2026-07-20T14:21:32,1.36
CACI,0000016058,success,20929.0,data\facts\0000016058.parquet,,,2026-07-20T14:21:32,2026-07-20T14:21:33,1.358
CADL,0001841387,success,4767.0,data\facts\0001841387.parquet,,,2026-07-20T14:21:33,2026-07-20T14:21:35,1.284
CAE,0001173382,success,3704.0,data\facts\0001173382.parquet,,,2026-07-20T14:21:35,2026-07-20T14:21:36,0.938
CAES,0002087965,success,6.0,data\facts\0002087965.parquet,,,2026-07-20T14:21:36,2026-07-20T14:21:37,1.014
CAF,0001368493,failed,,,HTTPError,404 Client Error: Not Found for url: https://data.sec.gov/api/xbrl/companyfacts/CIK0001368493.json,2026-07-20T14:21:37,2026-07-20T14:21:38,0.925
CAG,0000023217,success,32144.0,data\facts\0000023217.parquet,,,2026-07-20T14:21:39,2026-07-20T14:21:40,1.645
CAH,0000721371,success,23974.0,data\facts\0000721371.parquet,,,2026-07-20T14:21:40,2026-07-20T14:21:42,1.488
CAHO,0001678105,success,4431.0,data\facts\0001678105.parquet,,,2026-07-20T14:21:42,2026-07-20T14:21:43,0.919
CAHPF,0001686009,failed,,,HTTPError,404 Client Error: Not Found for url: https://data.sec.gov/api/xbrl/companyfacts/CIK0001686009.json,2026-07-20T14:21:43,2026-07-20T14:21:44,1.0
CAI,0002019410,success,1600.0,data\facts\0002019410.parquet,,,2026-07-20T14:21:45,2026-07-20T14:21:45,0.83
CAII,0002115404,success,35.0,data\facts\0002115404.parquet,,,2026-07-20T14:21:46,2026-07-20T14:21:47,1.056
CAJPY,0000016988,success,9007.0,data\facts\0000016988.parquet,,,2026-07-20T14:21:47,2026-07-20T14:21:48,0.979
CAKE,0000887596,success,19327.0,data\facts\0000887596.parquet,,,2026-07-20T14:21:48,2026-07-20T14:21:50,1.552
CAL,0000014707,success,23652.0,data\facts\0000014707.parquet,,,2026-07-20T14:21:50,2026-07-20T14:21:52,1.617
CALC,0001534133,success,4527.0,data\facts\0001534133.parquet,,,2026-07-20T14:21:52,2026-07-20T14:21:53,1.195
CALM,0000016160,success,16436.0,data\facts\0000016160.parquet,,,2026-07-20T14:21:53,2026-07-20T14:21:55,1.463
CALX,0001406666,success,19929.0,data\facts\0001406666.parquet,,,2026-07-20T14:21:55,2026-07-20T14:21:56,1.295
CALY,0000837465,success,27396.0,data\facts\0000837465.parquet,,,2026-07-20T14:21:56,2026-07-20T14:21:58,1.607
CAMP,0001736730,success,1906.0,data\facts\0001736730.parquet,,,2026-07-20T14:21:58,2026-07-20T14:21:59,1.065
CAMT,0001109138,success,10186.0,data\facts\0001109138.parquet,,,2026-07-20T14:22:00,2026-07-20T14:22:01,1.227
CAMVF,0001407582,failed,,,HTTPError,404 Client Error: Not Found for url: https://data.sec.gov/api/xbrl/companyfacts/CIK0001407582.json,2026-07-20T14:22:01,2026-07-20T14:22:02,0.831
CAN,0001780652,success,3192.0,data\facts\0001780652.parquet,,,2026-07-20T14:22:02,2026-07-20T14:22:03,1.056
CANF,0001536196,success,3467.0,data\facts\0001536196.parquet,,,2026-07-20T14:22:03,2026-07-20T14:22:05,1.109
CANG,0001725123,success,5600.0,data\facts\0001725123.parquet,,,2026-07-20T14:22:05,2026-07-20T14:22:06,1.186
CANN,0001477009,success,13111.0,data\facts\0001477009.parquet,,,2026-07-20T14:22:06,2026-07-20T14:22:08,1.375
CAPC,0000814926,success,11163.0,data\facts\0000814926.parquet,,,2026-07-20T14:22:08,2026-07-20T14:22:09,1.355
CAPI,0002066925,success,5.0,data\facts\0002066925.parquet,,,2026-07-20T14:22:09,2026-07-20T14:22:10,0.945
CAPL,0001538849,success,19551.0,data\facts\0001538849.parquet,,,2026-07-20T14:22:11,2026-07-20T14:22:12,1.463
CAPN,0002024203,success,675.0,data\facts\0002024203.parquet,,,2026-07-20T14:22:12,2026-07-20T14:22:13,1.077
CAPR,0001133869,success,12656.0,data\facts\0001133869.parquet,,,2026-07-20T14:22:14,2026-07-20T14:22:15,1.518
CAPS,0000887151,success,7012.0,data\facts\0000887151.parquet,,,2026-07-20T14:22:15,2026-07-20T14:22:17,1.248
CAQ,0002100125,success,108.0,data\facts\0002100125.parquet,,,2026-07-20T14:22:17,2026-07-20T14:22:18,0.986
CAR,0000723612,success,25666.0,data\facts\0000723612.parquet,,,2026-07-20T14:22:18,2026-07-20T14:22:20,1.56
CARE,0001829576,success,11182.0,data\facts\0001829576.parquet,,,2026-07-20T14:22:20,2026-07-20T14:22:21,1.243
CARG,0001494259,success,11663.0,data\facts\0001494259.parquet,,,2026-07-20T14:22:21,2026-07-20T14:22:23,1.24
CARL,0001794546,success,1287.0,data\facts\0001794546.parquet,,,2026-07-20T14:22:23,2026-07-20T14:22:24,1.078
CARR,0001783180,success,12011.0,data\facts\0001783180.parquet,,,2026-07-20T14:22:24,2026-07-20T14:22:25,1.223
CARS,0001683606,success,10598.0,data\facts\0001683606.parquet,,,2026-07-20T14:22:26,2026-07-20T14:22:27,1.242
CART,0001579091,success,4403.0,data\facts\0001579091.parquet,,,2026-07-20T14:22:27,2026-07-20T14:22:28,1.16
CARV,0001016178,success,30165.0,data\facts\0001016178.parquet,,,2026-07-20T14:22:29,2026-07-20T14:22:30,1.727
CASH,0000907471,success,37753.0,data\facts\0000907471.parquet,,,2026-07-20T14:22:30,2026-07-20T14:22:32,1.825
CASIF,0001962738,success,1787.0,data\facts\0001962738.parquet,,,2026-07-20T14:22:33,2026-07-20T14:22:34,1.211
CASS,0000708781,success,24552.0,data\facts\0000708781.parquet,,,2026-07-20T14:22:34,2026-07-20T14:22:35,1.409
CAST,0001633369,success,955.0,data\facts\0001633369.parquet,,,2026-07-20T14:22:36,2026-07-20T14:22:37,1.112
CASY,0000726958,success,16442.0,data\facts\0000726958.parquet,,,2026-07-20T14:22:37,2026-07-20T14:22:39,1.584
CAT,0000018230,success,38920.0,data\facts\0000018230.parquet,,,2026-07-20T14:22:39,2026-07-20T14:22:41,2.013
CATO,0000018255,success,16849.0,data\facts\0000018255.parquet,,,2026-07-20T14:22:41,2026-07-20T14:22:42,1.364
CATX,0000728387,success,16475.0,data\facts\0000728387.parquet,,,2026-07-20T14:22:43,2026-07-20T14:22:44,1.395
CATY,0000861842,success,33544.0,data\facts\0000861842.parquet,,,2026-07-20T14:22:44,2026-07-20T14:22:46,1.782
CAVA,0001639438,success,3929.0,data\facts\0001639438.parquet,,,2026-07-20T14:22:46,2026-07-20T14:22:48,1.15
CAZGF,0002074220,failed,,,HTTPError,404 Client Error: Not Found for url: https://data.sec.gov/api/xbrl/companyfacts/CIK0002074220.json,2026-07-20T14:22:48,2026-07-20T14:22:49,1.007
CB,0000896159,success,35526.0,data\facts\0000896159.parquet,,,2026-07-20T14:22:49,2026-07-20T14:22:51,1.803
CBAGY,0002138373,failed,,,HTTPError,404 Client Error: Not Found for url: https://data.sec.gov/api/xbrl/companyfacts/CIK0002138373.json,2026-07-20T14:22:51,2026-07-20T14:22:52,0.831
CBAI,0002082729,success,4.0,data\facts\0002082729.parquet,,,2026-07-20T14:22:52,2026-07-20T14:22:53,0.895
CBAN,0000711669,success,28385.0,data\facts\0000711669.parquet,,,2026-07-20T14:22:53,2026-07-20T14:22:55,1.56
CBAT,0002086841,failed,,,HTTPError,404 Client Error: Not Found for url: https://data.sec.gov/api/xbrl/companyfacts/CIK0002086841.json,2026-07-20T14:22:55,2026-07-20T14:22:56,0.858
CBC,0002065601,success,988.0,data\facts\0002065601.parquet,,,2026-07-20T14:22:56,2026-07-20T14:22:57,1.06
CBDL,0001776073,failed,,,HTTPError,404 Client Error: Not Found for url: https://data.sec.gov/api/xbrl/companyfacts/CIK0001776073.json,2026-07-20T14:22:57,2026-07-20T14:22:58,0.901
CBDW,0001877461,success,3120.0,data\facts\0001877461.parquet,,,2026-07-20T14:22:59,2026-07-20T14:23:00,1.141
CBDY,0001586554,success,11181.0,data\facts\0001586554.parquet,,,2026-07-20T14:23:00,2026-07-20T14:23:01,1.218
CBFV,0001605301,success,25780.0,data\facts\0001605301.parquet,,,2026-07-20T14:23:01,2026-07-20T14:23:03,1.549
CBIH,0001411057,success,2287.0,data\facts\0001411057.parquet,,,2026-07-20T14:23:03,2026-07-20T14:23:04,1.061
CBIO,0001253689,success,9003.0,data\facts\0001253689.parquet,,,2026-07-20T14:23:05,2026-07-20T14:23:06,1.182
CBK,0001981546,success,1315.0,data\facts\0001981546.parquet,,,2026-07-20T14:23:06,2026-07-20T14:23:07,0.923
CBKM,0001006830,success,25120.0,data\facts\0001006830.parquet,,,2026-07-20T14:23:07,2026-07-20T14:23:08,1.362
CBL,0000910612,success,24007.0,data\facts\0000910612.parquet,,,2026-07-20T14:23:09,2026-07-20T14:23:10,1.406
CBLL,0001861107,success,2313.0,data\facts\0001861107.parquet,,,2026-07-20T14:23:10,2026-07-20T14:23:12,1.168
CBLO,0001882781,success,1136.0,data\facts\0001882781.parquet,,,2026-07-20T14:23:12,2026-07-20T14:23:13,0.88
CBMJ,0001452583,success,132.0,data\facts\0001452583.parquet,,,2026-07-20T14:23:13,2026-07-20T14:23:14,0.966
CBNA,0001392272,success,2762.0,data\facts\0001392272.parquet,,,2026-07-20T14:23:14,2026-07-20T14:23:15,1.031
CBNK,0001419536,success,12978.0,data\facts\0001419536.parquet,,,2026-07-20T14:23:15,2026-07-20T14:23:16,1.119
CBOE,0001374310,success,25458.0,data\facts\0001374310.parquet,,,2026-07-20T14:23:17,2026-07-20T14:23:18,1.485
CBPHF,0001856491,failed,,,HTTPError,404 Client Error: Not Found for url: https://data.sec.gov/api/xbrl/companyfacts/CIK0001856491.json,2026-07-20T14:23:18,2026-07-20T14:23:19,0.938
CBRE,0001138118,success,27701.0,data\facts\0001138118.parquet,,,2026-07-20T14:23:20,2026-07-20T14:23:21,1.668
CBRL,0001067294,success,17404.0,data\facts\0001067294.parquet,,,2026-07-20T14:23:22,2026-07-20T14:23:23,1.374
CBRRF,0001845149,success,1839.0,data\facts\0001845149.parquet,,,2026-07-20T14:23:23,2026-07-20T14:23:24,1.003
CBRS,0002021728,success,289.0,data\facts\0002021728.parquet,,,2026-07-20T14:23:24,2026-07-20T14:23:25,1.059
CBSH,0000022356,success,34462.0,data\facts\0000022356.parquet,,,2026-07-20T14:23:26,2026-07-20T14:23:27,1.652
CBT,0000016040,success,27121.0,data\facts\0000016040.parquet,,,2026-07-20T14:23:28,2026-07-20T14:23:29,1.459
CBU,0000723188,success,30381.0,data\facts\0000723188.parquet,,,2026-07-20T14:23:29,2026-07-20T14:23:31,1.778
CBUS,0001705843,success,10176.0,data\facts\0001705843.parquet,,,2026-07-20T14:23:31,2026-07-20T14:23:33,1.331
CBZ,0000944148,success,22692.0,data\facts\0000944148.parquet,,,2026-07-20T14:23:33,2026-07-20T14:23:34,1.54
CC,0001627223,success,21018.0,data\facts\0001627223.parquet,,,2026-07-20T14:23:35,2026-07-20T14:23:36,1.413
CCAP,0001633336,success,4576.0,data\facts\0001633336.parquet,,,2026-07-20T14:23:36,2026-07-20T14:23:38,1.191
CCAQ,0002041047,success,278.0,data\facts\0002041047.parquet,,,2026-07-20T14:23:38,2026-07-20T14:23:39,0.978
CCB,0001437958,success,13508.0,data\facts\0001437958.parquet,,,2026-07-20T14:23:39,2026-07-20T14:23:40,1.332
CCBG,0000726601,success,30718.0,data\facts\0000726601.parquet,,,2026-07-20T14:23:41,2026-07-20T14:23:42,1.746
CCC,0001818201,success,9380.0,data\facts\0001818201.parquet,,,2026-07-20T14:23:43,2026-07-20T14:23:44,1.27
CCCC,0001662579,success,6203.0,data\facts\0001662579.parquet,,,2026-07-20T14:23:44,2026-07-20T14:23:45,1.179
CCCT,0002123471,success,3.0,data\facts\0002123471.parquet,,,2026-07-20T14:23:45,2026-07-20T14:23:46,0.963
CCD,0001602584,success,47.0,data\facts\0001602584.parquet,,,2026-07-20T14:23:47,2026-07-20T14:23:48,1.021
CCEC,0001392326,success,6433.0,data\facts\0001392326.parquet,,,2026-07-20T14:23:48,2026-07-20T14:23:49,1.336
CCEL,0000862692,success,17420.0,data\facts\0000862692.parquet,,,2026-07-20T14:23:50,2026-07-20T14:23:51,1.319
CCEP,0001650107,success,9893.0,data\facts\0001650107.parquet,,,2026-07-20T14:23:51,2026-07-20T14:23:52,1.216
CCEYF,0001992604,failed,,,HTTPError,404 Client Error: Not Found for url: https://data.sec.gov/api/xbrl/companyfacts/CIK0001992604.json,2026-07-20T14:23:53,2026-07-20T14:23:54,1.024
CCFN,0000731122,success,9783.0,data\facts\0000731122.parquet,,,2026-07-20T14:23:54,2026-07-20T14:23:55,1.243
CCG,0001965473,success,2485.0,data\facts\0001965473.parquet,,,2026-07-20T14:23:55,2026-07-20T14:23:56,1.099
CCHH,0002074123,success,442.0,data\facts\0002074123.parquet,,,2026-07-20T14:23:57,2026-07-20T14:23:58,1.091
CCI,0001051470,success,25036.0,data\facts\0001051470.parquet,,,2026-07-20T14:23:58,2026-07-20T14:24:00,1.544
CCIF,0001517767,success,15.0,data\facts\0001517767.parquet,,,2026-07-20T14:24:00,2026-07-20T14:24:01,0.951
CCII,0002064683,success,237.0,data\facts\0002064683.parquet,,,2026-07-20T14:24:01,2026-07-20T14:24:02,1.05
CCIL,0002083945,success,5.0,data\facts\0002083945.parquet,,,2026-07-20T14:24:02,2026-07-20T14:24:03,1.032
CCIX,0002006291,success,751.0,data\facts\0002006291.parquet,,,2026-07-20T14:24:04,2026-07-20T14:24:04,0.914
CCJ,0001009001,success,3343.0,data\facts\0001009001.parquet,,,2026-07-20T14:24:05,2026-07-20T14:24:06,1.27
CCK,0001219601,success,24957.0,data\facts\0001219601.parquet,,,2026-07-20T14:24:06,2026-07-20T14:24:08,1.608
CCL,0000815097,success,18169.0,data\facts\0000815097.parquet,,,2026-07-20T14:24:08,2026-07-20T14:24:10,1.611
CCLD,0001582982,success,15617.0,data\facts\0001582982.parquet,,,2026-07-20T14:24:10,2026-07-20T14:24:11,1.494
CCLV,0002027982,success,10.0,data\facts\0002027982.parquet,,,2026-07-20T14:24:12,2026-07-20T14:24:13,1.023
CCM,0001472072,success,12756.0,data\facts\0001472072.parquet,,,2026-07-20T14:24:13,2026-07-20T14:24:14,1.431
CCNB,0001437213,success,2225.0,data\facts\0001437213.parquet,,,2026-07-20T14:24:15,2026-07-20T14:24:16,1.156
CCNE,0000736772,success,33919.0,data\facts\0000736772.parquet,,,2026-07-20T14:24:16,2026-07-20T14:24:18,1.81
CCO,0001334978,success,25792.0,data\facts\0001334978.parquet,,,2026-07-20T14:24:18,2026-07-20T14:24:20,1.663
CCOI,0001158324,success,16012.0,data\facts\0001158324.parquet,,,2026-07-20T14:24:20,2026-07-20T14:24:21,1.479
CCOOF,0001853599,failed,,,HTTPError,404 Client Error: Not Found for url: https://data.sec.gov/api/xbrl/companyfacts/CIK0001853599.json,2026-07-20T14:24:22,2026-07-20T14:24:23,0.932
CCRN,0001141103,success,21081.0,data\facts\0001141103.parquet,,,2026-07-20T14:24:23,2026-07-20T14:24:24,1.528
CCS,0001576940,success,13698.0,data\facts\0001576940.parquet,,,2026-07-20T14:24:25,2026-07-20T14:24:26,1.204
CCSI,0001866633,success,8044.0,data\facts\0001866633.parquet,,,2026-07-20T14:24:26,2026-07-20T14:24:27,1.295
CCTG,0001931717,success,1794.0,data\facts\0001931717.parquet,,,2026-07-20T14:24:28,2026-07-20T14:24:29,1.04
CCU,0000888746,success,6183.0,data\facts\0000888746.parquet,,,2026-07-20T14:24:29,2026-07-20T14:24:30,1.199
CCXI,0002074973,success,97.0,data\facts\0002074973.parquet,,,2026-07-20T14:24:30,2026-07-20T14:24:31,1.057
CD,0001527762,success,4539.0,data\facts\0001527762.parquet,,,2026-07-20T14:24:32,2026-07-20T14:24:33,1.103
CDAQF,0001851909,success,2148.0,data\facts\0001851909.parquet,,,2026-07-20T14:24:33,2026-07-20T14:24:34,1.049
CDE,0000215466,success,27955.0,data\facts\0000215466.parquet,,,2026-07-20T14:24:34,2026-07-20T14:24:36,1.705
CDGLF,0001448611,failed,,,HTTPError,404 Client Error: Not Found for url: https://data.sec.gov/api/xbrl/companyfacts/CIK0001448611.json,2026-07-20T14:24:36,2026-07-20T14:24:37,0.98
CDIO,0001870144,success,3292.0,data\facts\0001870144.parquet,,,2026-07-20T14:24:37,2026-07-20T14:24:38,1.066
CDIX,0000811222,success,18801.0,data\facts\0000811222.parquet,,,2026-07-20T14:24:39,2026-07-20T14:24:40,1.359
CDLR,0001978867,success,1819.0,data\facts\0001978867.parquet,,,2026-07-20T14:24:40,2026-07-20T14:24:41,1.108
CDLX,0001666071,success,11448.0,data\facts\0001666071.parquet,,,2026-07-20T14:24:42,2026-07-20T14:24:43,1.203
CDNA,0001217234,success,18125.0,data\facts\0001217234.parquet,,,2026-07-20T14:24:43,2026-07-20T14:24:45,1.46
CDNL,0002079999,success,655.0,data\facts\0002079999.parquet,,,2026-07-20T14:24:45,2026-07-20T14:24:46,1.015
CDNS,0000813672,success,23998.0,data\facts\0000813672.parquet,,,2026-07-20T14:24:46,2026-07-20T14:24:48,1.54
CDP,0000860546,success,26326.0,data\facts\0000860546.parquet,,,2026-07-20T14:24:48,2026-07-20T14:24:49,1.63
CDPMF,0002046223,failed,,,HTTPError,404 Client Error: Not Found for url: https://data.sec.gov/api/xbrl/companyfacts/CIK0002046223.json,2026-07-20T14:24:50,2026-07-20T14:24:51,0.958
CDR-PB,0000761648,success,18367.0,data\facts\0000761648.parquet,,,2026-07-20T14:24:51,2026-07-20T14:24:52,1.473
CDRE,0001860543,success,7101.0,data\facts\0001860543.parquet,,,2026-07-20T14:24:53,2026-07-20T14:24:54,1.644
CDRO,0001866782,success,1153.0,data\facts\0001866782.parquet,,,2026-07-20T14:24:55,2026-07-20T14:24:56,1.213
CDSG,0000946112,failed,,,HTTPError,404 Client Error: Not Found for url: https://data.sec.gov/api/xbrl/companyfacts/CIK0000946112.json,2026-07-20T14:24:56,2026-07-20T14:24:57,1.062
CDT,0001896212,success,3979.0,data\facts\0001896212.parquet,,,2026-07-20T14:24:57,2026-07-20T14:24:58,1.106
CDTG,0001793895,success,1402.0,data\facts\0001793895.parquet,,,2026-07-20T14:24:59,2026-07-20T14:25:00,1.135
CDTHY,0002091663,failed,,,HTTPError,404 Client Error: Not Found for url: https://data.sec.gov/api/xbrl/companyfacts/CIK0002091663.json,2026-07-20T14:25:00,2026-07-20T14:25:01,0.893
CDW,0001402057,success,20107.0,data\facts\0001402057.parquet,,,2026-07-20T14:25:01,2026-07-20T14:25:02,1.381
CDXS,0001200375,success,19692.0,data\facts\0001200375.parquet,,,2026-07-20T14:25:03,2026-07-20T14:25:04,1.44
CDZI,0000727273,success,12710.0,data\facts\0000727273.parquet,,,2026-07-20T14:25:04,2026-07-20T14:25:06,1.3
CE,0001306830,success,36285.0,data\facts\0001306830.parquet,,,2026-07-20T14:25:06,2026-07-20T14:25:08,1.837
CECO,0000003197,success,23473.0,data\facts\0000003197.parquet,,,2026-07-20T14:25:08,2026-07-20T14:25:10,1.586
CEE,0000860489,failed,,,ValueError,Company Facts에서 facts 데이터를 찾지 못했습니다.,2026-07-20T14:25:10,2026-07-20T14:25:11,1.022
CEF,0001726122,success,553.0,data\facts\0001726122.parquet,,,2026-07-20T14:25:11,2026-07-20T14:25:12,0.994
CEG,0001868275,success,8755.0,data\facts\0001868275.parquet,,,2026-07-20T14:25:12,2026-07-20T14:25:14,1.244
CEHCF,0001668393,failed,,,HTTPError,404 Client Error: Not Found for url: https://data.sec.gov/api/xbrl/companyfacts/CIK0001668393.json,2026-07-20T14:25:14,2026-07-20T14:25:15,0.958
CEIN,0001309082,success,16596.0,data\facts\0001309082.parquet,,,2026-07-20T14:25:15,2026-07-20T14:25:17,1.528
CELC,0001603454,success,7263.0,data\facts\0001603454.parquet,,,2026-07-20T14:25:17,2026-07-20T14:25:18,1.205
CELH,0001341766,success,12212.0,data\facts\0001341766.parquet,,,2026-07-20T14:25:18,2026-07-20T14:25:20,1.29
CELU,0001752828,success,6734.0,data\facts\0001752828.parquet,,,2026-07-20T14:25:20,2026-07-20T14:25:21,1.193
CELZ,0001187953,success,9142.0,data\facts\0001187953.parquet,,,2026-07-20T14:25:21,2026-07-20T14:25:22,1.195
CENN,0001707919,success,8596.0,data\facts\0001707919.parquet,,,2026-07-20T14:25:23,2026-07-20T14:25:24,1.12
CENT,0000887733,success,20983.0,data\facts\0000887733.parquet,,,2026-07-20T14:25:24,2026-07-20T14:25:26,1.41
CENX,0000949157,success,22829.0,data\facts\0000949157.parquet,,,2026-07-20T14:25:26,2026-07-20T14:25:27,1.533
CEPF,0002034267,success,230.0,data\facts\0002034267.parquet,,,2026-07-20T14:25:28,2026-07-20T14:25:29,0.977
CEPL,0001009759,success,17015.0,data\facts\0001009759.parquet,,,2026-07-20T14:25:29,2026-07-20T14:25:30,1.447
CEPO,0002027708,success,412.0,data\facts\0002027708.parquet,,,2026-07-20T14:25:30,2026-07-20T14:25:31,1.063
CEPS,0002089536,success,107.0,data\facts\0002089536.parquet,,,2026-07-20T14:25:32,2026-07-20T14:25:33,0.994
CEPU,0001717161,success,3618.0,data\facts\0001717161.parquet,,,2026-07-20T14:25:33,2026-07-20T14:25:34,1.063
CEPV,0002034266,success,203.0,data\facts\0002034266.parquet,,,2026-07-20T14:25:34,2026-07-20T14:25:35,1.079
CERO,0001870404,success,2692.0,data\facts\0001870404.parquet,,,2026-07-20T14:25:36,2026-07-20T14:25:37,1.182
CERS,0001020214,success,18320.0,data\facts\0001020214.parquet,,,2026-07-20T14:25:37,2026-07-20T14:25:39,1.909
CERT,0001827090,success,7721.0,data\facts\0001827090.parquet,,,2026-07-20T14:25:39,2026-07-20T14:25:40,1.169
CET,0000018748,failed,,,HTTPError,404 Client Error: Not Found for url: https://data.sec.gov/api/xbrl/companyfacts/CIK0000018748.json,2026-07-20T14:25:41,2026-07-20T14:25:42,0.983
CETI,0001935092,success,4871.0,data\facts\0001935092.parquet,,,2026-07-20T14:25:42,2026-07-20T14:25:43,1.209
CETX,0001435064,success,19076.0,data\facts\0001435064.parquet,,,2026-07-20T14:25:43,2026-07-20T14:25:45,1.668
CETY,0001329606,success,15925.0,data\facts\0001329606.parquet,,,2026-07-20T14:25:45,2026-07-20T14:25:46,1.259
CEV,0001074692,failed,,,ValueError,Company Facts에서 facts 데이터를 찾지 못했습니다.,2026-07-20T14:25:47,2026-07-20T14:25:48,0.969
CEVA,0001173489,success,19888.0,data\facts\0001173489.parquet,,,2026-07-20T14:25:48,2026-07-20T14:25:49,1.507
CEXYF,0001836503,failed,,,HTTPError,404 Client Error: Not Found for url: https://data.sec.gov/api/xbrl/companyfacts/CIK0001836503.json,2026-07-20T14:25:50,2026-07-20T14:25:51,0.864
CF,0001324404,success,27212.0,data\facts\0001324404.parquet,,,2026-07-20T14:25:51,2026-07-20T14:25:52,1.7
CFBK,0001070680,success,30353.0,data\facts\0001070680.parquet,,,2026-07-20T14:25:53,2026-07-20T14:25:55,1.958
CFFI,0000913341,success,30365.0,data\facts\0000913341.parquet,,,2026-07-20T14:25:55,2026-07-20T14:25:57,1.836
CFFN,0001490906,success,29210.0,data\facts\0001490906.parquet,,,2026-07-20T14:25:57,2026-07-20T14:25:59,1.702
CFG,0000759944,success,31963.0,data\facts\0000759944.parquet,,,2026-07-20T14:25:59,2026-07-20T14:26:01,1.698
CFNB,0000803016,success,8329.0,data\facts\0000803016.parquet,,,2026-07-20T14:26:01,2026-07-20T14:26:02,1.362
CFND,0002044327,failed,,,ValueError,Company Facts에서 facts 데이터를 찾지 못했습니다.,2026-07-20T14:26:03,2026-07-20T14:26:04,1.009
CFOO,0001310630,success,8524.0,data\facts\0001310630.parquet,,,2026-07-20T14:26:04,2026-07-20T14:26:05,1.176
CFOR,0001293818,success,12760.0,data\facts\0001293818.parquet,,,2026-07-20T14:26:05,2026-07-20T14:26:07,1.384
CFR,0000039263,success,41699.0,data\facts\0000039263.parquet,,,2026-07-20T14:26:07,2026-07-20T14:26:09,1.939
CFSU,0001621888,failed,,,HTTPError,404 Client Error: Not Found for url: https://data.sec.gov/api/xbrl/companyfacts/CIK0001621888.json,2026-07-20T14:26:09,2026-07-20T14:26:10,0.922
CFTR-PA,0001666244,success,8489.0,data\facts\0001666244.parquet,,,2026-07-20T14:26:10,2026-07-20T14:26:11,1.258
CG,0001527166,success,22949.0,data\facts\0001527166.parquet,,,2026-07-20T14:26:12,2026-07-20T14:26:13,1.586
CGAU,0001854640,success,1108.0,data\facts\0001854640.parquet,,,2026-07-20T14:26:14,2026-07-20T14:26:15,1.046
CGBD,0001544206,success,5095.0,data\facts\0001544206.parquet,,,2026-07-20T14:26:15,2026-07-20T14:26:16,1.087
CGC,0001737927,success,10552.0,data\facts\0001737927.parquet,,,2026-07-20T14:26:16,2026-07-20T14:26:17,1.227
CGCF,0002126043,failed,,,ValueError,변환된 Fact Store가 비어 있습니다.,2026-07-20T14:26:18,2026-07-20T14:26:18,0.766
CGDCF,0001342325,failed,,,HTTPError,404 Client Error: Not Found for url: https://data.sec.gov/api/xbrl/companyfacts/CIK0001342325.json,2026-07-20T14:26:19,2026-07-20T14:26:19,0.778
CGDXF,0001479480,failed,,,HTTPError,404 Client Error: Not Found for url: https://data.sec.gov/api/xbrl/companyfacts/CIK0001479480.json,2026-07-20T14:26:20,2026-07-20T14:26:21,0.888
CGEM,0001789972,success,4616.0,data\facts\0001789972.parquet,,,2026-07-20T14:26:21,2026-07-20T14:26:22,1.178
CGEN,0001119774,success,6979.0,data\facts\0001119774.parquet,,,2026-07-20T14:26:22,2026-07-20T14:26:23,1.166
CGL,0001934387,failed,,,HTTPError,404 Client Error: Not Found for url: https://data.sec.gov/api/xbrl/companyfacts/CIK0001934387.json,2026-07-20T14:26:24,2026-07-20T14:26:25,0.942
CGNT,0001824814,success,3737.0,data\facts\0001824814.parquet,,,2026-07-20T14:26:25,2026-07-20T14:26:26,1.104
CGNX,0000851205,success,26027.0,data\facts\0000851205.parquet,,,2026-07-20T14:26:26,2026-07-20T14:26:28,1.662
CGO,0001285650,success,27.0,data\facts\0001285650.parquet,,,2026-07-20T14:26:28,2026-07-20T14:26:29,1.013
CGON,0001991792,success,1835.0,data\facts\0001991792.parquet,,,2026-07-20T14:26:29,2026-07-20T14:26:31,1.268
CGTL,0001967822,success,417.0,data\facts\0001967822.parquet,,,2026-07-20T14:26:31,2026-07-20T14:26:32,1.062
CGTX,0001455365,success,4311.0,data\facts\0001455365.parquet,,,2026-07-20T14:26:32,2026-07-20T14:26:33,1.04
CHA,0002013649,success,622.0,data\facts\0002013649.parquet,,,2026-07-20T14:26:33,2026-07-20T14:26:34,1.055
CHAI,0001649009,success,3011.0,data\facts\0001649009.parquet,,,2026-07-20T14:26:35,2026-07-20T14:26:36,1.115
CHAR,0002024459,success,502.0,data\facts\0002024459.parquet,,,2026-07-20T14:26:36,2026-07-20T14:26:37,0.986
CHCI,0001299969,success,15817.0,data\facts\0001299969.parquet,,,2026-07-20T14:26:37,2026-07-20T14:26:39,1.46
CHCO,0000726854,success,34358.0,data\facts\0000726854.parquet,,,2026-07-20T14:26:39,2026-07-20T14:26:41,1.863
CHCT,0001631569,success,13609.0,data\facts\0001631569.parquet,,,2026-07-20T14:26:41,2026-07-20T14:26:43,1.429
CHD,0000313927,success,25545.0,data\facts\0000313927.parquet,,,2026-07-20T14:26:43,2026-07-20T14:26:44,1.5
CHDN,0000020212,success,22376.0,data\facts\0000020212.parquet,,,2026-07-20T14:26:44,2026-07-20T14:26:46,1.53
CHE,0000019584,success,20041.0,data\facts\0000019584.parquet,,,2026-07-20T14:26:46,2026-07-20T14:26:48,1.449
CHEC,0002047177,success,177.0,data\facts\0002047177.parquet,,,2026-07-20T14:26:48,2026-07-20T14:26:49,1.0
CHEF,0001517175,success,18235.0,data\facts\0001517175.parquet,,,2026-07-20T14:26:49,2026-07-20T14:26:51,1.413
CHEV,0001459188,success,3831.0,data\facts\0001459188.parquet,,,2026-07-20T14:26:51,2026-07-20T14:26:52,1.103
CHGG,0001364954,success,17512.0,data\facts\0001364954.parquet,,,2026-07-20T14:26:52,2026-07-20T14:26:54,1.349
CHH,0001046311,success,25875.0,data\facts\0001046311.parquet,,,2026-07-20T14:26:54,2026-07-20T14:26:55,1.455
CHI,0001171471,success,173.0,data\facts\0001171471.parquet,,,2026-07-20T14:26:56,2026-07-20T14:26:57,1.05
CHKIF,0001041668,success,3133.0,data\facts\0001041668.parquet,,,2026-07-20T14:26:57,2026-07-20T14:26:58,1.138
CHKP,0001015922,success,7206.0,data\facts\0001015922.parquet,,,2026-07-20T14:26:58,2026-07-20T14:27:00,1.33
CHKR,0001524769,failed,,,HTTPError,404 Client Error: Not Found for url: https://data.sec.gov/api/xbrl/companyfacts/CIK0001524769.json,2026-07-20T14:27:00,2026-07-20T14:27:01,0.886
CHLSY,0001885110,failed,,,HTTPError,404 Client Error: Not Found for url: https://data.sec.gov/api/xbrl/companyfacts/CIK0001885110.json,2026-07-20T14:27:01,2026-07-20T14:27:02,0.907
CHMG,0000763563,success,30903.0,data\facts\0000763563.parquet,,,2026-07-20T14:27:02,2026-07-20T14:27:04,1.757
CHMI,0001571776,success,19094.0,data\facts\0001571776.parquet,,,2026-07-20T14:27:04,2026-07-20T14:27:05,1.426
CHNR,0000793628,success,3880.0,data\facts\0000793628.parquet,,,2026-07-20T14:27:06,2026-07-20T14:27:07,1.185
CHON,0002095150,success,5.0,data\facts\0002095150.parquet,,,2026-07-20T14:27:07,2026-07-20T14:27:08,0.997
CHOW,0002041829,success,377.0,data\facts\0002041829.parquet,,,2026-07-20T14:27:08,2026-07-20T14:27:09,1.068
CHPG,0002024460,success,446.0,data\facts\0002024460.parquet,,,2026-07-20T14:27:10,2026-07-20T14:27:11,0.953
CHPGF,0001394189,failed,,,HTTPError,404 Client Error: Not Found for url: https://data.sec.gov/api/xbrl/companyfacts/CIK0001394189.json,2026-07-20T14:27:11,2026-07-20T14:27:12,0.953
CHPT,0001777393,success,8438.0,data\facts\0001777393.parquet,,,2026-07-20T14:27:12,2026-07-20T14:27:13,1.294
CHR,0001738758,success,4650.0,data\facts\0001738758.parquet,,,2026-07-20T14:27:14,2026-07-20T14:27:15,1.106
CHRD,0001486159,success,24064.0,data\facts\0001486159.parquet,,,2026-07-20T14:27:15,2026-07-20T14:27:16,1.419
CHRN,0001549084,success,15299.0,data\facts\0001549084.parquet,,,2026-07-20T14:27:17,2026-07-20T14:27:18,1.429
CHRS,0001512762,success,14139.0,data\facts\0001512762.parquet,,,2026-07-20T14:27:18,2026-07-20T14:27:20,1.339
CHRW,0001043277,success,21586.0,data\facts\0001043277.parquet,,,2026-07-20T14:27:20,2026-07-20T14:27:21,1.423
CHSCP,0000823277,success,19927.0,data\facts\0000823277.parquet,,,2026-07-20T14:27:22,2026-07-20T14:27:23,1.384
CHSN,0001825349,success,2431.0,data\facts\0001825349.parquet,,,2026-07-20T14:27:23,2026-07-20T14:27:24,1.146
CHT,0001132924,success,6631.0,data\facts\0001132924.parquet,,,2026-07-20T14:27:25,2026-07-20T14:27:26,1.182
CHTR,0001091667,success,21022.0,data\facts\0001091667.parquet,,,2026-07-20T14:27:26,2026-07-20T14:27:27,1.418
CHUC,0001134765,success,13342.0,data\facts\0001134765.parquet,,,2026-07-20T14:27:28,2026-07-20T14:27:29,1.534
CHW,0001396277,success,27.0,data\facts\0001396277.parquet,,,2026-07-20T14:27:29,2026-07-20T14:27:30,1.003
CHWRF,0001751162,failed,,,HTTPError,404 Client Error: Not Found for url: https://data.sec.gov/api/xbrl/companyfacts/CIK0001751162.json,2026-07-20T14:27:31,2026-07-20T14:27:32,0.961
CHWY,0001766502,success,7172.0,data\facts\0001766502.parquet,,,2026-07-20T14:27:32,2026-07-20T14:27:33,1.226
CHY,0001222719,success,47.0,data\facts\0001222719.parquet,,,2026-07-20T14:27:33,2026-07-20T14:27:34,1.0
CHYM,0001795586,success,1621.0,data\facts\0001795586.parquet,,,2026-07-20T14:27:35,2026-07-20T14:27:36,1.114
CI,0001739940,success,12237.0,data\facts\0001739940.parquet,,,2026-07-20T14:27:36,2026-07-20T14:27:37,1.343
CIA,0000024090,success,22860.0,data\facts\0000024090.parquet,,,2026-07-20T14:27:38,2026-07-20T14:27:39,1.563
CIB,0002058897,success,1.0,data\facts\0002058897.parquet,,,2026-07-20T14:27:39,2026-07-20T14:27:40,0.962
CIEN,0000936395,success,25221.0,data\facts\0000936395.parquet,,,2026-07-20T14:27:41,2026-07-20T14:27:42,1.465
CIFR,0001819989,success,5844.0,data\facts\0001819989.parquet,,,2026-07-20T14:27:42,2026-07-20T14:27:43,1.202
CIG,0001157557,success,4512.0,data\facts\0001157557.parquet,,,2026-07-20T14:27:44,2026-07-20T14:27:45,1.119
CIGI,0000913353,success,8008.0,data\facts\0000913353.parquet,,,2026-07-20T14:27:45,2026-07-20T14:27:46,1.222
CII,0001278895,success,15.0,data\facts\0001278895.parquet,,,2026-07-20T14:27:47,2026-07-20T14:27:48,1.028
CIIT,0001557798,success,7470.0,data\facts\0001557798.parquet,,,2026-07-20T14:27:48,2026-07-20T14:27:49,1.139
CIK,0000810766,failed,,,ValueError,Company Facts에서 facts 데이터를 찾지 못했습니다.,2026-07-20T14:27:49,2026-07-20T14:27:50,0.941
CILJF,0001268896,success,2623.0,data\facts\0001268896.parquet,,,2026-07-20T14:27:50,2026-07-20T14:27:51,1.058
CIM,0001409493,success,18538.0,data\facts\0001409493.parquet,,,2026-07-20T14:27:52,2026-07-20T14:27:53,1.329
CIMG,0001527613,success,14938.0,data\facts\0001527613.parquet,,,2026-07-20T14:27:53,2026-07-20T14:27:55,1.347
CINF,0000020286,success,28152.0,data\facts\0000020286.parquet,,,2026-07-20T14:27:55,2026-07-20T14:27:56,1.571
CING,0001862150,success,3607.0,data\facts\0001862150.parquet,,,2026-07-20T14:27:57,2026-07-20T14:27:58,1.123
CINT,0001868995,success,2287.0,data\facts\0001868995.parquet,,,2026-07-20T14:27:58,2026-07-20T14:27:59,1.078
CION,0001534254,success,6263.0,data\facts\0001534254.parquet,,,2026-07-20T14:27:59,2026-07-20T14:28:01,1.166
CIRC,0001605888,success,5341.0,data\facts\0001605888.parquet,,,2026-07-20T14:28:01,2026-07-20T14:28:02,1.24
CIRX,0000813716,success,10007.0,data\facts\0000813716.parquet,,,2026-07-20T14:28:02,2026-07-20T14:28:03,1.227
CISO,0001777319,success,7570.0,data\facts\0001777319.parquet,,,2026-07-20T14:28:04,2026-07-20T14:28:05,1.056
CISS,0001951067,success,1046.0,data\facts\0001951067.parquet,,,2026-07-20T14:28:05,2026-07-20T14:28:06,1.13
CITAF,0001317295,failed,,,HTTPError,404 Client Error: Not Found for url: https://data.sec.gov/api/xbrl/companyfacts/CIK0001317295.json,2026-07-20T14:28:06,2026-07-20T14:28:07,0.901
CITR,0000894556,success,5380.0,data\facts\0000894556.parquet,,,2026-07-20T14:28:08,2026-07-20T14:28:09,1.18
CIVB,0000944745,success,29602.0,data\facts\0000944745.parquet,,,2026-07-20T14:28:09,2026-07-20T14:28:11,1.734
CIX,0001049606,success,12196.0,data\facts\0001049606.parquet,,,2026-07-20T14:28:11,2026-07-20T14:28:12,1.214
CIXPF,0001535628,failed,,,HTTPError,404 Client Error: Not Found for url: https://data.sec.gov/api/xbrl/companyfacts/CIK0001535628.json,2026-07-20T14:28:12,2026-07-20T14:28:13,1.013
CIZN,0001075706,success,18829.0,data\facts\0001075706.parquet,,,2026-07-20T14:28:14,2026-07-20T14:28:15,1.433
CJAX,0001763925,success,1889.0,data\facts\0001763925.parquet,,,2026-07-20T14:28:15,2026-07-20T14:28:16,1.03
CJMB,0002032545,success,1473.0,data\facts\0002032545.parquet,,,2026-07-20T14:28:17,2026-07-20T14:28:18,1.09
CKDXF,0001815620,success,2071.0,data\facts\0001815620.parquet,,,2026-07-20T14:28:18,2026-07-20T14:28:19,1.042
CKX,0000352955,success,8864.0,data\facts\0000352955.parquet,,,2026-07-20T14:28:19,2026-07-20T14:28:20,1.241
CL,0000021665,success,23602.0,data\facts\0000021665.parquet,,,2026-07-20T14:28:21,2026-07-20T14:28:22,1.485
CLAR,0000913277,success,21373.0,data\facts\0000913277.parquet,,,2026-07-20T14:28:22,2026-07-20T14:28:24,1.452
CLB,0001958086,success,5535.0,data\facts\0001958086.parquet,,,2026-07-20T14:28:24,2026-07-20T14:28:25,1.263
CLBK,0001723596,success,23522.0,data\facts\0001723596.parquet,,,2026-07-20T14:28:26,2026-07-20T14:28:27,1.436
CLBR,0002091024,success,66.0,data\facts\0002091024.parquet,,,2026-07-20T14:28:27,2026-07-20T14:28:28,1.001
CLBT,0001854587,success,3806.0,data\facts\0001854587.parquet,,,2026-07-20T14:28:29,2026-07-20T14:28:30,1.425
CLBZ,0002050338,success,924.0,data\facts\0002050338.parquet,,,2026-07-20T14:28:30,2026-07-20T14:28:31,1.074
CLCHF,0002125750,failed,,,HTTPError,404 Client Error: Not Found for url: https://data.sec.gov/api/xbrl/companyfacts/CIK0002125750.json,2026-07-20T14:28:32,2026-07-20T14:28:32,0.862
CLCS,0001569340,success,7976.0,data\facts\0001569340.parquet,,,2026-07-20T14:28:33,2026-07-20T14:28:34,1.411
CLDI,0001855485,success,4039.0,data\facts\0001855485.parquet,,,2026-07-20T14:28:34,2026-07-20T14:28:35,1.075
CLDT,0001476045,success,18667.0,data\facts\0001476045.parquet,,,2026-07-20T14:28:36,2026-07-20T14:28:37,1.424
CLDVF,0001971260,failed,,,HTTPError,404 Client Error: Not Found for url: https://data.sec.gov/api/xbrl/companyfacts/CIK0001971260.json,2026-07-20T14:28:37,2026-07-20T14:28:38,0.849
CLDX,0000744218,success,13957.0,data\facts\0000744218.parquet,,,2026-07-20T14:28:38,2026-07-20T14:28:40,1.164
CLEV,0001414382,success,8050.0,data\facts\0001414382.parquet,,,2026-07-20T14:28:40,2026-07-20T14:28:41,1.293
CLF,0000764065,success,31588.0,data\facts\0000764065.parquet,,,2026-07-20T14:28:41,2026-07-20T14:28:43,1.692
CLFD,0000796505,success,15480.0,data\facts\0000796505.parquet,,,2026-07-20T14:28:43,2026-07-20T14:28:45,1.324
CLGN,0001631487,success,3914.0,data\facts\0001631487.parquet,,,2026-07-20T14:28:45,2026-07-20T14:28:46,1.25
CLH,0000822818,success,24908.0,data\facts\0000822818.parquet,,,2026-07-20T14:28:46,2026-07-20T14:28:48,1.635
CLIK,0002020027,success,382.0,data\facts\0002020027.parquet,,,2026-07-20T14:28:48,2026-07-20T14:28:49,1.053
CLIR,0001434524,success,12452.0,data\facts\0001434524.parquet,,,2026-07-20T14:28:50,2026-07-20T14:28:51,1.11
CLLS,0001627281,success,5963.0,data\facts\0001627281.parquet,,,2026-07-20T14:28:51,2026-07-20T14:28:52,1.063
CLM,0000814083,failed,,,ValueError,Company Facts에서 facts 데이터를 찾지 못했습니다.,2026-07-20T14:28:52,2026-07-20T14:28:53,0.93
CLMB,0000945983,success,14889.0,data\facts\0000945983.parquet,,,2026-07-20T14:28:53,2026-07-20T14:28:55,1.418
CLMT,0002013745,success,3063.0,data\facts\0002013745.parquet,,,2026-07-20T14:28:55,2026-07-20T14:28:56,1.105
CLNE,0001368265,success,22071.0,data\facts\0001368265.parquet,,,2026-07-20T14:28:56,2026-07-20T14:28:58,1.486
CLNK,0002082889,success,109.0,data\facts\0002082889.parquet,,,2026-07-20T14:28:58,2026-07-20T14:28:59,0.951
CLNN,0001822791,success,7199.0,data\facts\0001822791.parquet,,,2026-07-20T14:28:59,2026-07-20T14:29:00,1.189
CLNV,0001391426,success,3245.0,data\facts\0001391426.parquet,,,2026-07-20T14:29:01,2026-07-20T14:29:02,1.128
CLOQ,0001437517,success,9423.0,data\facts\0001437517.parquet,,,2026-07-20T14:29:02,2026-07-20T14:29:03,1.386
CLOV,0001801170,success,8496.0,data\facts\0001801170.parquet,,,2026-07-20T14:29:04,2026-07-20T14:29:05,1.268
CLOW,0001619227,success,4798.0,data\facts\0001619227.parquet,,,2026-07-20T14:29:05,2026-07-20T14:29:06,1.046
CLPR,0001649096,success,9552.0,data\facts\0001649096.parquet,,,2026-07-20T14:29:07,2026-07-20T14:29:08,1.133
CLPS,0001724542,success,3470.0,data\facts\0001724542.parquet,,,2026-07-20T14:29:08,2026-07-20T14:29:09,1.15
CLPT,0001285550,success,12778.0,data\facts\0001285550.parquet,,,2026-07-20T14:29:09,2026-07-20T14:29:10,1.076
CLRB,0001279704,success,13090.0,data\facts\0001279704.parquet,,,2026-07-20T14:29:11,2026-07-20T14:29:12,1.397
CLRCF,0001903392,success,2616.0,data\facts\0001903392.parquet,,,2026-07-20T14:29:12,2026-07-20T14:29:13,1.223
CLRI,0001362516,success,10291.0,data\facts\0001362516.parquet,,,2026-07-20T14:29:14,2026-07-20T14:29:15,1.234
CLRLY,0002063231,failed,,,HTTPError,404 Client Error: Not Found for url: https://data.sec.gov/api/xbrl/companyfacts/CIK0002063231.json,2026-07-20T14:29:15,2026-07-20T14:29:16,0.908
CLRO,0000840715,success,18091.0,data\facts\0000840715.parquet,,,2026-07-20T14:29:16,2026-07-20T14:29:18,1.46
CLS,0001030894,success,5044.0,data\facts\0001030894.parquet,,,2026-07-20T14:29:18,2026-07-20T14:29:19,1.05
CLSDQ,0001539029,success,7540.0,data\facts\0001539029.parquet,,,2026-07-20T14:29:19,2026-07-20T14:29:20,1.125
CLSK,0000827876,success,15374.0,data\facts\0000827876.parquet,,,2026-07-20T14:29:21,2026-07-20T14:29:22,1.242
CLST,0001849867,success,7802.0,data\facts\0001849867.parquet,,,2026-07-20T14:29:22,2026-07-20T14:29:23,1.346
CLUS,0001346287,success,4400.0,data\facts\0001346287.parquet,,,2026-07-20T14:29:24,2026-07-20T14:29:25,0.992
CLVT,0001764046,success,16997.0,data\facts\0001764046.parquet,,,2026-07-20T14:29:25,2026-07-20T14:29:26,1.396
CLW,0001441236,success,22387.0,data\facts\0001441236.parquet,,,2026-07-20T14:29:27,2026-07-20T14:29:28,1.632
CLWT,0001026662,success,5986.0,data\facts\0001026662.parquet,,,2026-07-20T14:29:29,2026-07-20T14:29:30,1.201
CLX,0000021076,success,24683.0,data\facts\0000021076.parquet,,,2026-07-20T14:29:30,2026-07-20T14:29:31,1.515
CLYD,0002094256,success,68.0,data\facts\0002094256.parquet,,,2026-07-20T14:29:32,2026-07-20T14:29:33,0.992
CLYM,0001768446,success,4378.0,data\facts\0001768446.parquet,,,2026-07-20T14:29:33,2026-07-20T14:29:34,0.934
CM,0001045520,success,12353.0,data\facts\0001045520.parquet,,,2026-07-20T14:29:34,2026-07-20T14:29:35,1.227
CMBMF,0001738177,success,11574.0,data\facts\0001738177.parquet,,,2026-07-20T14:29:36,2026-07-20T14:29:37,1.142
CMBT,0001604481,success,6625.0,data\facts\0001604481.parquet,,,2026-07-20T14:29:37,2026-07-20T14:29:38,1.214
CMBY,0002123232,success,5.0,data\facts\0002123232.parquet,,,2026-07-20T14:29:38,2026-07-20T14:29:39,1.001
CMC,0000022444,success,25246.0,data\facts\0000022444.parquet,,,2026-07-20T14:29:40,2026-07-20T14:29:41,1.411
CMCAF,0001865248,success,1367.0,data\facts\0001865248.parquet,,,2026-07-20T14:29:41,2026-07-20T14:29:42,1.057
CMCL,0000766011,success,6226.0,data\facts\0000766011.parquet,,,2026-07-20T14:29:43,2026-07-20T14:29:44,0.969
CMCLF,0001447960,failed,,,HTTPError,404 Client Error: Not Found for url: https://data.sec.gov/api/xbrl/companyfacts/CIK0001447960.json,2026-07-20T14:29:44,2026-07-20T14:29:45,0.98
CMCM,0001597835,success,7996.0,data\facts\0001597835.parquet,,,2026-07-20T14:29:45,2026-07-20T14:29:46,1.055
CMCO,0001005229,success,25532.0,data\facts\0001005229.parquet,,,2026-07-20T14:29:46,2026-07-20T14:29:48,1.129
CMCSA,0001166691,success,24754.0,data\facts\0001166691.parquet,,,2026-07-20T14:29:48,2026-07-20T14:29:49,0.83
CMCT,0000908311,success,20836.0,data\facts\0000908311.parquet,,,2026-07-20T14:29:49,2026-07-20T14:29:50,0.996
CMDB,0002033535,success,260.0,data\facts\0002033535.parquet,,,2026-07-20T14:29:50,2026-07-20T14:29:51,0.715
CME,0001156375,success,26902.0,data\facts\0001156375.parquet,,,2026-07-20T14:29:51,2026-07-20T14:29:52,0.968
CMG,0001058090,success,19894.0,data\facts\0001058090.parquet,,,2026-07-20T14:29:52,2026-07-20T14:29:53,0.962
CMGHF,0001169760,failed,,,HTTPError,404 Client Error: Not Found for url: https://data.sec.gov/api/xbrl/companyfacts/CIK0001169760.json,2026-07-20T14:29:53,2026-07-20T14:29:54,0.579
CMGMF,0001503154,failed,,,HTTPError,404 Client Error: Not Found for url: https://data.sec.gov/api/xbrl/companyfacts/CIK0001503154.json,2026-07-20T14:29:54,2026-07-20T14:29:55,0.52
CMHSF,0001889352,failed,,,HTTPError,404 Client Error: Not Found for url: https://data.sec.gov/api/xbrl/companyfacts/CIK0001889352.json,2026-07-20T14:29:55,2026-07-20T14:29:56,0.642
CMI,0000026172,success,32128.0,data\facts\0000026172.parquet,,,2026-07-20T14:29:56,2026-07-20T14:29:57,1.358
CMII,0002088805,success,73.0,data\facts\0002088805.parquet,,,2026-07-20T14:29:57,2026-07-20T14:29:58,0.88
CMLS,0001058623,success,16626.0,data\facts\0001058623.parquet,,,2026-07-20T14:29:58,2026-07-20T14:30:00,1.391
CMMB,0001534248,success,3861.0,data\facts\0001534248.parquet,,,2026-07-20T14:30:00,2026-07-20T14:30:01,0.934
CMND,0001892500,success,3089.0,data\facts\0001892500.parquet,,,2026-07-20T14:30:01,2026-07-20T14:30:02,0.924
CMP,0001227654,success,24730.0,data\facts\0001227654.parquet,,,2026-07-20T14:30:02,2026-07-20T14:30:04,1.356
CMPLY,0002117197,failed,,,HTTPError,404 Client Error: Not Found for url: https://data.sec.gov/api/xbrl/companyfacts/CIK0002117197.json,2026-07-20T14:30:04,2026-07-20T14:30:05,0.811
CMPR,0001262976,success,27511.0,data\facts\0001262976.parquet,,,2026-07-20T14:30:05,2026-07-20T14:30:06,1.325
CMPS,0001816590,success,5636.0,data\facts\0001816590.parquet,,,2026-07-20T14:30:07,2026-07-20T14:30:08,0.877
CMPX,0001738021,success,5787.0,data\facts\0001738021.parquet,,,2026-07-20T14:30:08,2026-07-20T14:30:09,0.997
CMRC,0001626450,success,8249.0,data\facts\0001626450.parquet,,,2026-07-20T14:30:09,2026-07-20T14:30:10,1.161
CMRE,0001503584,success,9024.0,data\facts\0001503584.parquet,,,2026-07-20T14:30:10,2026-07-20T14:30:12,1.1
CMRF,0001498547,success,19496.0,data\facts\0001498547.parquet,,,2026-07-20T14:30:12,2026-07-20T14:30:13,1.493
CMS,0000811156,success,25613.0,data\facts\0000811156.parquet,,,2026-07-20T14:30:14,2026-07-20T14:30:15,1.476
CMS-PB,0000201533,success,5.0,data\facts\0000201533.parquet,,,2026-07-20T14:30:15,2026-07-20T14:30:16,0.975
CMT,0001026655,success,20187.0,data\facts\0001026655.parquet,,,2026-07-20T14:30:17,2026-07-20T14:30:18,1.285
CMTG,0001666291,success,5115.0,data\facts\0001666291.parquet,,,2026-07-20T14:30:18,2026-07-20T14:30:19,1.191
CMTL,0000023197,success,26022.0,data\facts\0000023197.parquet,,,2026-07-20T14:30:20,2026-07-20T14:30:21,1.523
CMTV,0000718413,success,26655.0,data\facts\0000718413.parquet,,,2026-07-20T14:30:21,2026-07-20T14:30:23,1.652
CNA,0000021175,success,29247.0,data\facts\0000021175.parquet,,,2026-07-20T14:30:23,2026-07-20T14:30:25,1.544
CNBX,0001343009,success,8899.0,data\facts\0001343009.parquet,,,2026-07-20T14:30:25,2026-07-20T14:30:26,1.113
CNC,0001071739,success,25576.0,data\facts\0001071739.parquet,,,2026-07-20T14:30:26,2026-07-20T14:30:28,1.435
CNCK,0001913847,success,1076.0,data\facts\0001913847.parquet,,,2026-07-20T14:30:28,2026-07-20T14:30:29,1.128
CNDA,0001851959,success,2162.0,data\facts\0001851959.parquet,,,2026-07-20T14:30:29,2026-07-20T14:30:30,0.871
CNDT,0001677703,success,15876.0,data\facts\0001677703.parquet,,,2026-07-20T14:30:30,2026-07-20T14:30:32,1.309
CNET,0001376321,success,18468.0,data\facts\0001376321.parquet,,,2026-07-20T14:30:32,2026-07-20T14:30:33,1.21
CNEY,0001780785,success,2634.0,data\facts\0001780785.parquet,,,2026-07-20T14:30:33,2026-07-20T14:30:34,0.858
CNF,0001733868,success,4097.0,data\facts\0001733868.parquet,,,2026-07-20T14:30:35,2026-07-20T14:30:36,0.963
CNFN,0001352952,success,13255.0,data\facts\0001352952.parquet,,,2026-07-20T14:30:36,2026-07-20T14:30:37,1.39
CNH,0001567094,success,22127.0,data\facts\0001567094.parquet,,,2026-07-20T14:30:37,2026-07-20T14:30:39,1.201
CNI,0000016868,success,7061.0,data\facts\0000016868.parquet,,,2026-07-20T14:30:39,2026-07-20T14:30:40,1.096
CNK,0001385280,success,20679.0,data\facts\0001385280.parquet,,,2026-07-20T14:30:40,2026-07-20T14:30:41,1.301
CNL,0001953575,success,450.0,data\facts\0001953575.parquet,,,2026-07-20T14:30:42,2026-07-20T14:30:43,0.814
CNM,0001856525,success,6591.0,data\facts\0001856525.parquet,,,2026-07-20T14:30:43,2026-07-20T14:30:44,1.005
CNMD,0000816956,success,22318.0,data\facts\0000816956.parquet,,,2026-07-20T14:30:44,2026-07-20T14:30:45,1.014
CNNE,0001704720,success,13891.0,data\facts\0001704720.parquet,,,2026-07-20T14:30:45,2026-07-20T14:30:46,1.121
CNO,0001224608,success,28732.0,data\facts\0001224608.parquet,,,2026-07-20T14:30:47,2026-07-20T14:30:48,1.397
CNOB,0000712771,success,35813.0,data\facts\0000712771.parquet,,,2026-07-20T14:30:48,2026-07-20T14:30:50,1.383
CNP,0001130310,success,28337.0,data\facts\0001130310.parquet,,,2026-07-20T14:30:50,2026-07-20T14:30:52,1.585
CNQ,0001017413,success,3738.0,data\facts\0001017413.parquet,,,2026-07-20T14:30:52,2026-07-20T14:30:53,1.061
CNR,0001710366,success,14541.0,data\facts\0001710366.parquet,,,2026-07-20T14:30:53,2026-07-20T14:30:54,1.013
CNRCF,0001996586,failed,,,HTTPError,404 Client Error: Not Found for url: https://data.sec.gov/api/xbrl/companyfacts/CIK0001996586.json,2026-07-20T14:30:54,2026-07-20T14:30:55,0.986
CNS,0001284812,success,18841.0,data\facts\0001284812.parquet,,,2026-07-20T14:30:56,2026-07-20T14:30:57,1.389
CNSP,0001729427,success,3981.0,data\facts\0001729427.parquet,,,2026-07-20T14:30:57,2026-07-20T14:30:58,0.866
CNTB,0001835268,success,3713.0,data\facts\0001835268.parquet,,,2026-07-20T14:30:58,2026-07-20T14:30:59,1.04
CNTHP,0000023426,failed,,,HTTPError,404 Client Error: Not Found for url: https://data.sec.gov/api/xbrl/companyfacts/CIK0000023426.json,2026-07-20T14:31:00,2026-07-20T14:31:00,0.644
CNTM,0001895249,success,3822.0,data\facts\0001895249.parquet,,,2026-07-20T14:31:00,2026-07-20T14:31:01,0.75
CNTMF,0001758124,failed,,,HTTPError,404 Client Error: Not Found for url: https://data.sec.gov/api/xbrl/companyfacts/CIK0001758124.json,2026-07-20T14:31:01,2026-07-20T14:31:02,0.498
CNTN,0001861657,success,3321.0,data\facts\0001861657.parquet,,,2026-07-20T14:31:02,2026-07-20T14:31:03,0.714
CNTX,0001842952,success,3511.0,data\facts\0001842952.parquet,,,2026-07-20T14:31:03,2026-07-20T14:31:04,0.747
CNTY,0000911147,success,20962.0,data\facts\0000911147.parquet,,,2026-07-20T14:31:04,2026-07-20T14:31:05,1.195
CNVS,0001173204,success,18500.0,data\facts\0001173204.parquet,,,2026-07-20T14:31:06,2026-07-20T14:31:06,0.942
CNX,0001070412,success,34943.0,data\facts\0001070412.parquet,,,2026-07-20T14:31:07,2026-07-20T14:31:08,1.177
CNXC,0001803599,success,9420.0,data\facts\0001803599.parquet,,,2026-07-20T14:31:08,2026-07-20T14:31:09,0.709
CNXN,0001050377,success,15539.0,data\facts\0001050377.parquet,,,2026-07-20T14:31:09,2026-07-20T14:31:10,1.219
CNXU,0002066836,success,241.0,data\facts\0002066836.parquet,,,2026-07-20T14:31:10,2026-07-20T14:31:11,0.596
CNYGF,0002090651,failed,,,HTTPError,404 Client Error: Not Found for url: https://data.sec.gov/api/xbrl/companyfacts/CIK0002090651.json,2026-07-20T14:31:11,2026-07-20T14:31:12,0.583
COAG,0002114044,success,194.0,data\facts\0002114044.parquet,,,2026-07-20T14:31:12,2026-07-20T14:31:13,0.564
COBA,0001727255,success,2468.0,data\facts\0001727255.parquet,,,2026-07-20T14:31:13,2026-07-20T14:31:14,0.674
COCH,0001840877,success,4855.0,data\facts\0001840877.parquet,,,2026-07-20T14:31:14,2026-07-20T14:31:15,0.811
COCO,0001482981,success,5362.0,data\facts\0001482981.parquet,,,2026-07-20T14:31:15,2026-07-20T14:31:16,1.077
COCP,0001412486,success,12083.0,data\facts\0001412486.parquet,,,2026-07-20T14:31:16,2026-07-20T14:31:17,1.129
CODA,0001334325,success,9996.0,data\facts\0001334325.parquet,,,2026-07-20T14:31:18,2026-07-20T14:31:19,1.248
CODGF,0001012037,failed,,,HTTPError,404 Client Error: Not Found for url: https://data.sec.gov/api/xbrl/companyfacts/CIK0001012037.json,2026-07-20T14:31:19,2026-07-20T14:31:20,0.85
CODI,0001345126,success,29312.0,data\facts\0001345126.parquet,,,2026-07-20T14:31:20,2026-07-20T14:31:22,1.676
CODQL,0001770561,success,10756.0,data\facts\0001770561.parquet,,,2026-07-20T14:31:22,2026-07-20T14:31:23,1.203
CODX,0001692415,success,9180.0,data\facts\0001692415.parquet,,,2026-07-20T14:31:24,2026-07-20T14:31:25,1.046
COE,0001659494,success,4111.0,data\facts\0001659494.parquet,,,2026-07-20T14:31:25,2026-07-20T14:31:26,0.913
COF,0000927628,success,43213.0,data\facts\0000927628.parquet,,,2026-07-20T14:31:26,2026-07-20T14:31:28,1.844
COFS,0000803164,success,28183.0,data\facts\0000803164.parquet,,,2026-07-20T14:31:28,2026-07-20T14:31:30,1.648
COGDF,0001557440,failed,,,HTTPError,404 Client Error: Not Found for url: https://data.sec.gov/api/xbrl/companyfacts/CIK0001557440.json,2026-07-20T14:31:30,2026-07-20T14:31:31,0.848
COGT,0001622229,success,7237.0,data\facts\0001622229.parquet,,,2026-07-20T14:31:31,2026-07-20T14:31:32,1.183
COHN,0001270436,success,22609.0,data\facts\0001270436.parquet,,,2026-07-20T14:31:32,2026-07-20T14:31:34,1.459
COHR,0000820318,success,26641.0,data\facts\0000820318.parquet,,,2026-07-20T14:31:34,2026-07-20T14:31:36,1.489
COHU,0000021535,success,24993.0,data\facts\0000021535.parquet,,,2026-07-20T14:31:36,2026-07-20T14:31:38,1.589
COIN,0001679788,success,8534.0,data\facts\0001679788.parquet,,,2026-07-20T14:31:38,2026-07-20T14:31:39,1.115
COKE,0000317540,success,24312.0,data\facts\0000317540.parquet,,,2026-07-20T14:31:39,2026-07-20T14:31:41,1.613
COLA,0002028201,success,504.0,data\facts\0002028201.parquet,,,2026-07-20T14:31:41,2026-07-20T14:31:42,1.024
COLB,0000887343,success,33581.0,data\facts\0000887343.parquet,,,2026-07-20T14:31:42,2026-07-20T14:31:44,1.788
COLD,0001455863,success,14247.0,data\facts\0001455863.parquet,,,2026-07-20T14:31:44,2026-07-20T14:31:46,1.383
COLL,0001267565,success,13891.0,data\facts\0001267565.parquet,,,2026-07-20T14:31:46,2026-07-20T14:31:47,1.36
COLM,0001050797,success,23630.0,data\facts\0001050797.parquet,,,2026-07-20T14:31:48,2026-07-20T14:31:49,1.478
COMP,0001563190,success,6620.0,data\facts\0001563190.parquet,,,2026-07-20T14:31:49,2026-07-20T14:31:50,1.174
CON,0002014596,success,2673.0,data\facts\0002014596.parquet,,,2026-07-20T14:31:51,2026-07-20T14:31:52,0.861
CONC,0000790273,success,1175.0,data\facts\0000790273.parquet,,,2026-07-20T14:31:52,2026-07-20T14:31:53,1.101
CONE,0002103884,failed,,,HTTPError,404 Client Error: Not Found for url: https://data.sec.gov/api/xbrl/companyfacts/CIK0002103884.json,2026-07-20T14:31:53,2026-07-20T14:31:54,0.704
COO,0000711404,success,25109.0,data\facts\0000711404.parquet,,,2026-07-20T14:31:54,2026-07-20T14:31:55,1.407
COOK,0001857853,success,6981.0,data\facts\0001857853.parquet,,,2026-07-20T14:31:56,2026-07-20T14:31:57,1.09
COOT,0001959994,success,1455.0,data\facts\0001959994.parquet,,,2026-07-20T14:31:57,2026-07-20T14:31:58,0.841
COP,0001163165,success,32623.0,data\facts\0001163165.parquet,,,2026-07-20T14:31:58,2026-07-20T14:32:00,1.589
COPAF,0001420049,failed,,,HTTPError,404 Client Error: Not Found for url: https://data.sec.gov/api/xbrl/companyfacts/CIK0001420049.json,2026-07-20T14:32:00,2026-07-20T14:32:01,1.013
COPL,0002045473,success,337.0,data\facts\0002045473.parquet,,,2026-07-20T14:32:01,2026-07-20T14:32:02,0.787
COPR,0001263364,success,11966.0,data\facts\0001263364.parquet,,,2026-07-20T14:32:02,2026-07-20T14:32:04,1.329
COR,0001140859,success,25701.0,data\facts\0001140859.parquet,,,2026-07-20T14:32:04,2026-07-20T14:32:05,1.422
CORT,0001088856,success,14452.0,data\facts\0001088856.parquet,,,2026-07-20T14:32:05,2026-07-20T14:32:07,1.175
CORZ,0001839341,success,8248.0,data\facts\0001839341.parquet,,,2026-07-20T14:32:07,2026-07-20T14:32:08,1.027
COSG,0001706509,success,6682.0,data\facts\0001706509.parquet,,,2026-07-20T14:32:08,2026-07-20T14:32:09,1.152
COSM,0001474167,success,14666.0,data\facts\0001474167.parquet,,,2026-07-20T14:32:10,2026-07-20T14:32:11,1.375
COSO,0001297107,success,1709.0,data\facts\0001297107.parquet,,,2026-07-20T14:32:11,2026-07-20T14:32:12,1.052
COST,0000909832,success,24426.0,data\facts\0000909832.parquet,,,2026-07-20T14:32:12,2026-07-20T14:32:14,1.604
COTY,0001024305,success,26166.0,data\facts\0001024305.parquet,,,2026-07-20T14:32:14,2026-07-20T14:32:15,1.181
COUR,0001651562,success,7289.0,data\facts\0001651562.parquet,,,2026-07-20T14:32:16,2026-07-20T14:32:16,0.614
COYA,0001835022,success,2457.0,data\facts\0001835022.parquet,,,2026-07-20T14:32:17,2026-07-20T14:32:17,0.667
CP,0000016875,success,21518.0,data\facts\0000016875.parquet,,,2026-07-20T14:32:17,2026-07-20T14:32:18,0.828
CPA,0001345105,success,4302.0,data\facts\0001345105.parquet,,,2026-07-20T14:32:18,2026-07-20T14:32:19,0.726
CPAC,0001221029,success,3718.0,data\facts\0001221029.parquet,,,2026-07-20T14:32:19,2026-07-20T14:32:20,0.572
CPAY,0001175454,success,24822.0,data\facts\0001175454.parquet,,,2026-07-20T14:32:20,2026-07-20T14:32:21,0.916
CPB,0000016732,success,30943.0,data\facts\0000016732.parquet,,,2026-07-20T14:32:21,2026-07-20T14:32:22,1.018
CPBI,0001979332,success,4794.0,data\facts\0001979332.parquet,,,2026-07-20T14:32:23,2026-07-20T14:32:23,0.682
CPCPF,0001868050,failed,,,HTTPError,404 Client Error: Not Found for url: https://data.sec.gov/api/xbrl/companyfacts/CIK0001868050.json,2026-07-20T14:32:24,2026-07-20T14:32:24,0.613
CPF,0000701347,success,32246.0,data\facts\0000701347.parquet,,,2026-07-20T14:32:24,2026-07-20T14:32:26,1.391
CPHC,0001672909,success,10486.0,data\facts\0001672909.parquet,,,2026-07-20T14:32:26,2026-07-20T14:32:27,0.978
CPHI,0001106644,success,15110.0,data\facts\0001106644.parquet,,,2026-07-20T14:32:27,2026-07-20T14:32:28,1.024
CPIVF,0001712294,failed,,,HTTPError,404 Client Error: Not Found for url: https://data.sec.gov/api/xbrl/companyfacts/CIK0001712294.json,2026-07-20T14:32:28,2026-07-20T14:32:29,0.663
CPIX,0001087294,success,16175.0,data\facts\0001087294.parquet,,,2026-07-20T14:32:29,2026-07-20T14:32:31,1.286
CPK,0000019745,success,25725.0,data\facts\0000019745.parquet,,,2026-07-20T14:32:31,2026-07-20T14:32:32,1.351
CPKF,0000847538,failed,,,HTTPError,404 Client Error: Not Found for url: https://data.sec.gov/api/xbrl/companyfacts/CIK0000847538.json,2026-07-20T14:32:32,2026-07-20T14:32:33,0.793
CPMD,0001081938,success,10143.0,data\facts\0001081938.parquet,,,2026-07-20T14:32:34,2026-07-20T14:32:35,1.148
CPMV,0000836564,success,10490.0,data\facts\0000836564.parquet,,,2026-07-20T14:32:35,2026-07-20T14:32:36,1.08
CPNG,0001834584,success,6760.0,data\facts\0001834584.parquet,,,2026-07-20T14:32:36,2026-07-20T14:32:37,0.739
CPOP,0001807389,success,2925.0,data\facts\0001807389.parquet,,,2026-07-20T14:32:37,2026-07-20T14:32:38,1.017
CPPBY,0001551468,failed,,,HTTPError,404 Client Error: Not Found for url: https://data.sec.gov/api/xbrl/companyfacts/CIK0001551468.json,2026-07-20T14:32:38,2026-07-20T14:32:39,0.684
CPPKF,0001691710,failed,,,HTTPError,404 Client Error: Not Found for url: https://data.sec.gov/api/xbrl/companyfacts/CIK0001691710.json,2026-07-20T14:32:39,2026-07-20T14:32:40,0.895
CPPTL,0001837671,success,3575.0,data\facts\0001837671.parquet,,,2026-07-20T14:32:41,2026-07-20T14:32:42,1.038
CPRI,0001530721,success,21974.0,data\facts\0001530721.parquet,,,2026-07-20T14:32:42,2026-07-20T14:32:43,1.33
CPRT,0000900075,success,22768.0,data\facts\0000900075.parquet,,,2026-07-20T14:32:43,2026-07-20T14:32:45,1.196
CPRX,0001369568,success,14680.0,data\facts\0001369568.parquet,,,2026-07-20T14:32:45,2026-07-20T14:32:46,1.135
CPS,0001320461,success,24217.0,data\facts\0001320461.parquet,,,2026-07-20T14:32:46,2026-07-20T14:32:48,1.259
CPSH,0000814676,success,12787.0,data\facts\0000814676.parquet,,,2026-07-20T14:32:48,2026-07-20T14:32:49,1.272
CPSS,0000889609,success,21328.0,data\facts\0000889609.parquet,,,2026-07-20T14:32:49,2026-07-20T14:32:51,1.302
CPT,0000906345,success,24726.0,data\facts\0000906345.parquet,,,2026-07-20T14:32:51,2026-07-20T14:32:52,1.266
CPTAF,0001967478,success,565.0,data\facts\0001967478.parquet,,,2026-07-20T14:32:52,2026-07-20T14:32:53,0.802
CPTKW,0001827899,success,1886.0,data\facts\0001827899.parquet,,,2026-07-20T14:32:53,2026-07-20T14:32:54,0.877
CPTP,0000202947,success,7901.0,data\facts\0000202947.parquet,,,2026-07-20T14:32:55,2026-07-20T14:32:55,0.891
CPWR,0000827099,success,9258.0,data\facts\0000827099.parquet,,,2026-07-20T14:32:56,2026-07-20T14:32:57,1.078
CPXXY,0002071911,failed,,,HTTPError,404 Client Error: Not Found for url: https://data.sec.gov/api/xbrl/companyfacts/CIK0002071911.json,2026-07-20T14:32:57,2026-07-20T14:32:58,0.62
CPZ,0001717457,success,27.0,data\facts\0001717457.parquet,,,2026-07-20T14:32:58,2026-07-20T14:32:59,0.801
CQP,0001383650,success,14725.0,data\facts\0001383650.parquet,,,2026-07-20T14:32:59,2026-07-20T14:33:00,0.953
CR,0001944013,success,5020.0,data\facts\0001944013.parquet,,,2026-07-20T14:33:00,2026-07-20T14:33:01,0.845
CRAC,0002070887,success,159.0,data\facts\0002070887.parquet,,,2026-07-20T14:33:01,2026-07-20T14:33:02,0.904
CRAI,0001053706,success,19142.0,data\facts\0001053706.parquet,,,2026-07-20T14:33:02,2026-07-20T14:33:03,0.989
CRAN,0002081358,success,98.0,data\facts\0002081358.parquet,,,2026-07-20T14:33:03,2026-07-20T14:33:04,0.853
CRAQ,0002058359,success,374.0,data\facts\0002058359.parquet,,,2026-07-20T14:33:05,2026-07-20T14:33:05,0.719
CRARF,0001279967,failed,,,HTTPError,404 Client Error: Not Found for url: https://data.sec.gov/api/xbrl/companyfacts/CIK0001279967.json,2026-07-20T14:33:06,2026-07-20T14:33:06,0.796
CRAUY,0002094687,failed,,,HTTPError,404 Client Error: Not Found for url: https://data.sec.gov/api/xbrl/companyfacts/CIK0002094687.json,2026-07-20T14:33:07,2026-07-20T14:33:07,0.598
CRBG,0001889539,success,12478.0,data\facts\0001889539.parquet,,,2026-07-20T14:33:07,2026-07-20T14:33:08,1.129
CRBP,0001595097,success,11506.0,data\facts\0001595097.parquet,,,2026-07-20T14:33:09,2026-07-20T14:33:10,0.865
CRBU,0001619856,success,6425.0,data\facts\0001619856.parquet,,,2026-07-20T14:33:10,2026-07-20T14:33:11,1.066
CRC,0001609253,success,15941.0,data\facts\0001609253.parquet,,,2026-07-20T14:33:11,2026-07-20T14:33:12,1.12
CRCE,0001911467,success,1745.0,data\facts\0001911467.parquet,,,2026-07-20T14:33:13,2026-07-20T14:33:13,0.929
CRCL,0001876042,success,1952.0,data\facts\0001876042.parquet,,,2026-07-20T14:33:14,2026-07-20T14:33:15,0.934
CRCT,0001828962,success,7145.0,data\facts\0001828962.parquet,,,2026-07-20T14:33:15,2026-07-20T14:33:16,0.948
CRCUF,0000868822,success,1740.0,data\facts\0000868822.parquet,,,2026-07-20T14:33:16,2026-07-20T14:33:17,0.89
CRCW,0001688126,success,6396.0,data\facts\0001688126.parquet,,,2026-07-20T14:33:17,2026-07-20T14:33:18,0.834
CRD-A,0000025475,success,22927.0,data\facts\0000025475.parquet,,,2026-07-20T14:33:18,2026-07-20T14:33:20,1.51
CRDF,0001213037,success,13829.0,data\facts\0001213037.parquet,,,2026-07-20T14:33:20,2026-07-20T14:33:21,1.146
CRDL,0001702123,success,970.0,data\facts\0001702123.parquet,,,2026-07-20T14:33:21,2026-07-20T14:33:22,0.683
CRDO,0001807794,success,5537.0,data\facts\0001807794.parquet,,,2026-07-20T14:33:22,2026-07-20T14:33:23,1.063
CRDV,0001084551,success,1711.0,data\facts\0001084551.parquet,,,2026-07-20T14:33:24,2026-07-20T14:33:24,0.774
CRE,0002003977,success,1184.0,data\facts\0002003977.parquet,,,2026-07-20T14:33:25,2026-07-20T14:33:26,0.913
CREG,0000721693,success,19441.0,data\facts\0000721693.parquet,,,2026-07-20T14:33:26,2026-07-20T14:33:27,1.035
CRESY,0001034957,success,3426.0,data\facts\0001034957.parquet,,,2026-07-20T14:33:27,2026-07-20T14:33:28,0.98
CREX,0001356093,success,15498.0,data\facts\0001356093.parquet,,,2026-07-20T14:33:28,2026-07-20T14:33:29,1.062
CRF,0000033934,failed,,,ValueError,Company Facts에서 facts 데이터를 찾지 못했습니다.,2026-07-20T14:33:30,2026-07-20T14:33:30,0.804
CRGO,0001927719,success,1987.0,data\facts\0001927719.parquet,,,2026-07-20T14:33:31,2026-07-20T14:33:31,0.706
CRGT,0001958489,failed,,,ValueError,Company Facts에서 facts 데이터를 찾지 못했습니다.,2026-07-20T14:33:32,2026-07-20T14:33:33,0.966
CRGY,0001866175,success,6185.0,data\facts\0001866175.parquet,,,2026-07-20T14:33:33,2026-07-20T14:33:34,0.897
CRH,0000849395,success,8939.0,data\facts\0000849395.parquet,,,2026-07-20T14:33:34,2026-07-20T14:33:35,0.849
CRI,0001060822,success,24439.0,data\facts\0001060822.parquet,,,2026-07-20T14:33:35,2026-07-20T14:33:36,1.166
CRIS,0001108205,success,14669.0,data\facts\0001108205.parquet,,,2026-07-20T14:33:36,2026-07-20T14:33:37,0.853
CRK,0000023194,success,19901.0,data\facts\0000023194.parquet,,,2026-07-20T14:33:37,2026-07-20T14:33:39,1.167
CRL,0001100682,success,31058.0,data\facts\0001100682.parquet,,,2026-07-20T14:33:39,2026-07-20T14:33:40,1.457
CRLBF,0001832928,success,2238.0,data\facts\0001832928.parquet,,,2026-07-20T14:33:41,2026-07-20T14:33:42,0.955
CRM,0001108524,success,30936.0,data\facts\0001108524.parquet,,,2026-07-20T14:33:42,2026-07-20T14:33:43,1.527
CRMD,0001410098,success,16729.0,data\facts\0001410098.parquet,,,2026-07-20T14:33:44,2026-07-20T14:33:45,1.192
CRML,0001951089,success,1337.0,data\facts\0001951089.parquet,,,2026-07-20T14:33:45,2026-07-20T14:33:46,0.794
CRMT,0000799850,success,18916.0,data\facts\0000799850.parquet,,,2026-07-20T14:33:46,2026-07-20T14:33:47,1.066
CRMZ,0000315958,success,10216.0,data\facts\0000315958.parquet,,,2026-07-20T14:33:47,2026-07-20T14:33:48,1.128
CRNC,0001768267,success,10490.0,data\facts\0001768267.parquet,,,2026-07-20T14:33:49,2026-07-20T14:33:50,0.895
CRNT,0001119769,success,9247.0,data\facts\0001119769.parquet,,,2026-07-20T14:33:50,2026-07-20T14:33:51,1.2
CRNX,0001658247,success,8667.0,data\facts\0001658247.parquet,,,2026-07-20T14:33:51,2026-07-20T14:33:52,1.111
CRON,0001656472,success,11620.0,data\facts\0001656472.parquet,,,2026-07-20T14:33:53,2026-07-20T14:33:54,0.95
CROX,0001334036,success,23249.0,data\facts\0001334036.parquet,,,2026-07-20T14:33:54,2026-07-20T14:33:55,1.468
CRS,0000017843,success,24132.0,data\facts\0000017843.parquet,,,2026-07-20T14:33:56,2026-07-20T14:33:57,1.418
CRSF,0000924396,success,3878.0,data\facts\0000924396.parquet,,,2026-07-20T14:33:57,2026-07-20T14:33:58,0.987
CRSP,0001674416,success,11231.0,data\facts\0001674416.parquet,,,2026-07-20T14:33:58,2026-07-20T14:34:00,1.146
CRSR,0001743759,success,9051.0,data\facts\0001743759.parquet,,,2026-07-20T14:34:00,2026-07-20T14:34:01,1.228
CRT,0000881787,failed,,,HTTPError,404 Client Error: Not Found for url: https://data.sec.gov/api/xbrl/companyfacts/CIK0000881787.json,2026-07-20T14:34:01,2026-07-20T14:34:02,0.7
CRTD,0001357671,success,11583.0,data\facts\0001357671.parquet,,,2026-07-20T14:34:02,2026-07-20T14:34:04,1.461
CRTO,0001576427,success,16396.0,data\facts\0001576427.parquet,,,2026-07-20T14:34:04,2026-07-20T14:34:05,1.334
CRUCF,0001734427,failed,,,HTTPError,404 Client Error: Not Found for url: https://data.sec.gov/api/xbrl/companyfacts/CIK0001734427.json,2026-07-20T14:34:05,2026-07-20T14:34:06,0.571
CRUS,0000772406,success,18746.0,data\facts\0000772406.parquet,,,2026-07-20T14:34:06,2026-07-20T14:34:08,1.338
CRVL,0000874866,success,16606.0,data\facts\0000874866.parquet,,,2026-07-20T14:34:08,2026-07-20T14:34:09,1.23
CRVO,0001053691,success,10745.0,data\facts\0001053691.parquet,,,2026-07-20T14:34:09,2026-07-20T14:34:10,0.95
CRVS,0001626971,success,9926.0,data\facts\0001626971.parquet,,,2026-07-20T14:34:10,2026-07-20T14:34:12,1.155
CRVW,0001377149,success,14427.0,data\facts\0001377149.parquet,,,2026-07-20T14:34:12,2026-07-20T14:34:13,1.436
CRWD,0001535527,success,12253.0,data\facts\0001535527.parquet,,,2026-07-20T14:34:14,2026-07-20T14:34:15,1.181
CRWE,0001103833,success,8841.0,data\facts\0001103833.parquet,,,2026-07-20T14:34:15,2026-07-20T14:34:16,1.04
CRWS,0000025895,success,16961.0,data\facts\0000025895.parquet,,,2026-07-20T14:34:16,2026-07-20T14:34:17,1.166
CRWV,0001769628,success,2254.0,data\facts\0001769628.parquet,,,2026-07-20T14:34:18,2026-07-20T14:34:18,0.703
CSAI,0001709628,success,974.0,data\facts\0001709628.parquet,,,2026-07-20T14:34:19,2026-07-20T14:34:20,1.032
CSAN,0001430162,success,3031.0,data\facts\0001430162.parquet,,,2026-07-20T14:34:20,2026-07-20T14:34:21,0.774
CSBB,0000880417,success,22923.0,data\facts\0000880417.parquet,,,2026-07-20T14:34:21,2026-07-20T14:34:22,1.394
CSBR,0000771856,success,14711.0,data\facts\0000771856.parquet,,,2026-07-20T14:34:22,2026-07-20T14:34:24,1.183
CSCCY,0002075918,failed,,,HTTPError,404 Client Error: Not Found for url: https://data.sec.gov/api/xbrl/companyfacts/CIK0002075918.json,2026-07-20T14:34:24,2026-07-20T14:34:25,0.743
CSCID,0001113423,success,9142.0,data\facts\0001113423.parquet,,,2026-07-20T14:34:25,2026-07-20T14:34:26,1.069
CSCM,0002136449,success,3.0,data\facts\0002136449.parquet,,,2026-07-20T14:34:26,2026-07-20T14:34:27,0.702
CSCO,0000858877,success,40827.0,data\facts\0000858877.parquet,,,2026-07-20T14:34:27,2026-07-20T14:34:29,1.795
CSDX,0001106861,success,106.0,data\facts\0001106861.parquet,,,2026-07-20T14:34:29,2026-07-20T14:34:30,1.005
CSGNF,0002127852,failed,,,HTTPError,404 Client Error: Not Found for url: https://data.sec.gov/api/xbrl/companyfacts/CIK0002127852.json,2026-07-20T14:34:30,2026-07-20T14:34:31,0.663
CSGP,0001057352,success,22383.0,data\facts\0001057352.parquet,,,2026-07-20T14:34:31,2026-07-20T14:34:33,1.251
CSHR,0002087587,success,132.0,data\facts\0002087587.parquet,,,2026-07-20T14:34:33,2026-07-20T14:34:34,0.925
CSIQ,0001375877,success,8696.0,data\facts\0001375877.parquet,,,2026-07-20T14:34:34,2026-07-20T14:34:35,0.893
CSL,0000790051,success,26697.0,data\facts\0000790051.parquet,,,2026-07-20T14:34:35,2026-07-20T14:34:37,1.461
CSLLY,0001274152,failed,,,HTTPError,404 Client Error: Not Found for url: https://data.sec.gov/api/xbrl/companyfacts/CIK0001274152.json,2026-07-20T14:34:37,2026-07-20T14:34:38,0.932
CSPI,0000356037,success,19933.0,data\facts\0000356037.parquet,,,2026-07-20T14:34:38,2026-07-20T14:34:39,0.956
CSQ,0001275214,success,27.0,data\facts\0001275214.parquet,,,2026-07-20T14:34:39,2026-07-20T14:34:40,0.978
CSQR,0002105398,success,9.0,data\facts\0002105398.parquet,,,2026-07-20T14:34:40,2026-07-20T14:34:41,0.746
CSR,0000798359,success,22856.0,data\facts\0000798359.parquet,,,2026-07-20T14:34:41,2026-07-20T14:34:43,1.313
CSTAF,0001834032,success,2278.0,data\facts\0001834032.parquet,,,2026-07-20T14:34:43,2026-07-20T14:34:44,1.004
CSTE,0001504379,success,7112.0,data\facts\0001504379.parquet,,,2026-07-20T14:34:44,2026-07-20T14:34:45,0.936
CSTL,0001447362,success,8976.0,data\facts\0001447362.parquet,,,2026-07-20T14:34:45,2026-07-20T14:34:47,1.214
CSTM,0001563411,success,9309.0,data\facts\0001563411.parquet,,,2026-07-20T14:34:47,2026-07-20T14:34:48,1.043
CSUI,0001680132,success,6897.0,data\facts\0001680132.parquet,,,2026-07-20T14:34:48,2026-07-20T14:34:49,0.864
CSV,0001016281,success,23067.0,data\facts\0001016281.parquet,,,2026-07-20T14:34:49,2026-07-20T14:34:51,1.323
CSW,0001624794,success,17549.0,data\facts\0001624794.parquet,,,2026-07-20T14:34:51,2026-07-20T14:34:52,1.197
CSWC,0000017313,success,7880.0,data\facts\0000017313.parquet,,,2026-07-20T14:34:52,2026-07-20T14:34:53,0.819
CSX,0000277948,success,19506.0,data\facts\0000277948.parquet,,,2026-07-20T14:34:53,2026-07-20T14:34:55,1.254
CTA-PB,0000030554,success,13129.0,data\facts\0000030554.parquet,,,2026-07-20T14:34:55,2026-07-20T14:34:56,1.059
CTAA,0002094073,success,119.0,data\facts\0002094073.parquet,,,2026-07-20T14:34:56,2026-07-20T14:34:57,0.911
CTAS,0000723254,success,22466.0,data\facts\0000723254.parquet,,,2026-07-20T14:34:57,2026-07-20T14:34:59,1.256
CTBI,0000350852,success,30772.0,data\facts\0000350852.parquet,,,2026-07-20T14:34:59,2026-07-20T14:35:01,2.049
CTEV,0001793229,success,6844.0,data\facts\0001793229.parquet,,,2026-07-20T14:35:01,2026-07-20T14:35:03,1.4
CTGG,0000068622,success,14915.0,data\facts\0000068622.parquet,,,2026-07-20T14:35:03,2026-07-20T14:35:04,1.003
CTGL,0001498067,success,8683.0,data\facts\0001498067.parquet,,,2026-07-20T14:35:04,2026-07-20T14:35:05,1.313
CTGO,0001502377,success,9988.0,data\facts\0001502377.parquet,,,2026-07-20T14:35:06,2026-07-20T14:35:07,1.099
CTKB,0001831915,success,8652.0,data\facts\0001831915.parquet,,,2026-07-20T14:35:07,2026-07-20T14:35:08,0.841
CTM,0001877939,success,4660.0,data\facts\0001877939.parquet,,,2026-07-20T14:35:08,2026-07-20T14:35:09,1.124
CTMX,0001501989,success,11736.0,data\facts\0001501989.parquet,,,2026-07-20T14:35:09,2026-07-20T14:35:10,1.067
CTNM,0001855175,success,2295.0,data\facts\0001855175.parquet,,,2026-07-20T14:35:11,2026-07-20T14:35:12,0.84
CTNT,0001951667,success,3352.0,data\facts\0001951667.parquet,,,2026-07-20T14:35:12,2026-07-20T14:35:13,0.919
CTO,0000023795,success,24007.0,data\facts\0000023795.parquet,,,2026-07-20T14:35:13,2026-07-20T14:35:14,1.099
CTOR,0001851484,success,1897.0,data\facts\0001851484.parquet,,,2026-07-20T14:35:14,2026-07-20T14:35:15,1.125
CTOS,0001709682,success,9965.0,data\facts\0001709682.parquet,,,2026-07-20T14:35:16,2026-07-20T14:35:17,0.969
CTRE,0001590717,success,14390.0,data\facts\0001590717.parquet,,,2026-07-20T14:35:17,2026-07-20T14:35:18,1.029
CTRI,0001981599,success,3248.0,data\facts\0001981599.parquet,,,2026-07-20T14:35:18,2026-07-20T14:35:19,0.898
CTRM,0001720161,success,4959.0,data\facts\0001720161.parquet,,,2026-07-20T14:35:19,2026-07-20T14:35:20,0.851
CTRN,0001318484,success,14709.0,data\facts\0001318484.parquet,,,2026-07-20T14:35:20,2026-07-20T14:35:22,1.24
CTS,0000026058,success,22573.0,data\facts\0000026058.parquet,,,2026-07-20T14:35:22,2026-07-20T14:35:23,1.175
CTSH,0001058290,success,24823.0,data\facts\0001058290.parquet,,,2026-07-20T14:35:23,2026-07-20T14:35:24,1.165
CTSO,0001175151,success,17864.0,data\facts\0001175151.parquet,,,2026-07-20T14:35:25,2026-07-20T14:35:26,1.265
CTTH,0001035422,success,2837.0,data\facts\0001035422.parquet,,,2026-07-20T14:35:26,2026-07-20T14:35:27,1.107
CTVA,0001755672,success,13985.0,data\facts\0001755672.parquet,,,2026-07-20T14:35:28,2026-07-20T14:35:29,0.965
CTW,0002047148,success,341.0,data\facts\0002047148.parquet,,,2026-07-20T14:35:29,2026-07-20T14:35:30,0.968
CTWO,0001958928,success,266.0,data\facts\0001958928.parquet,,,2026-07-20T14:35:30,2026-07-20T14:35:31,0.781
CTXR,0001506251,success,10290.0,data\facts\0001506251.parquet,,,2026-07-20T14:35:31,2026-07-20T14:35:32,1.258
CUAUF,0001737319,failed,,,HTTPError,404 Client Error: Not Found for url: https://data.sec.gov/api/xbrl/companyfacts/CIK0001737319.json,2026-07-20T14:35:32,2026-07-20T14:35:33,0.794
CUB,0002015955,success,591.0,data\facts\0002015955.parquet,,,2026-07-20T14:35:34,2026-07-20T14:35:34,0.73
CUBE,0001298675,success,18261.0,data\facts\0001298675.parquet,,,2026-07-20T14:35:34,2026-07-20T14:35:36,1.168
CUBI,0001488813,success,38036.0,data\facts\0001488813.parquet,,,2026-07-20T14:35:36,2026-07-20T14:35:38,1.636
CUBT,0001400271,failed,,,ValueError,Company Facts에서 facts 데이터를 찾지 못했습니다.,2026-07-20T14:35:38,2026-07-20T14:35:39,0.741
CUE,0001645460,success,7809.0,data\facts\0001645460.parquet,,,2026-07-20T14:35:39,2026-07-20T14:35:40,1.187
CUEN,0001424657,success,11720.0,data\facts\0001424657.parquet,,,2026-07-20T14:35:40,2026-07-20T14:35:41,0.928
CULL,0001845799,success,5236.0,data\facts\0001845799.parquet,,,2026-07-20T14:35:41,2026-07-20T14:35:42,1.08
CULP,0000723603,success,22149.0,data\facts\0000723603.parquet,,,2026-07-20T14:35:43,2026-07-20T14:35:44,1.151
CUPPF,0002021989,failed,,,HTTPError,404 Client Error: Not Found for url: https://data.sec.gov/api/xbrl/companyfacts/CIK0002021989.json,2026-07-20T14:35:44,2026-07-20T14:35:45,0.598
CUPR,0001995704,success,1335.0,data\facts\0001995704.parquet,,,2026-07-20T14:35:45,2026-07-20T14:35:46,0.938
CURB,0002027317,success,1730.0,data\facts\0002027317.parquet,,,2026-07-20T14:35:46,2026-07-20T14:35:47,0.87
CURI,0001776909,success,6180.0,data\facts\0001776909.parquet,,,2026-07-20T14:35:47,2026-07-20T14:35:48,0.803
CURLF,0001756770,success,3607.0,data\facts\0001756770.parquet,,,2026-07-20T14:35:48,2026-07-20T14:35:49,0.862
CURR,0001862935,success,2177.0,data\facts\0001862935.parquet,,,2026-07-20T14:35:49,2026-07-20T14:35:50,0.781
CURV,0001792781,success,7073.0,data\facts\0001792781.parquet,,,2026-07-20T14:35:50,2026-07-20T14:35:51,0.936
CURX,0002025942,success,615.0,data\facts\0002025942.parquet,,,2026-07-20T14:35:52,2026-07-20T14:35:52,0.746
CUVL,0001290877,failed,,,HTTPError,404 Client Error: Not Found for url: https://data.sec.gov/api/xbrl/companyfacts/CIK0001290877.json,2026-07-20T14:35:53,2026-07-20T14:35:53,0.712
CUZ,0000025232,success,19572.0,data\facts\0000025232.parquet,,,2026-07-20T14:35:53,2026-07-20T14:35:55,1.228
CV,0001378325,success,1325.0,data\facts\0001378325.parquet,,,2026-07-20T14:35:55,2026-07-20T14:35:56,0.728
CVAT,0001376793,success,10814.0,data\facts\0001376793.parquet,,,2026-07-20T14:35:56,2026-07-20T14:35:57,1.205
CVBF,0000354647,success,30596.0,data\facts\0000354647.parquet,,,2026-07-20T14:35:57,2026-07-20T14:35:59,1.26
CVCO,0000278166,success,27113.0,data\facts\0000278166.parquet,,,2026-07-20T14:35:59,2026-07-20T14:36:00,1.222
CVCPY,0002120046,failed,,,HTTPError,404 Client Error: Not Found for url: https://data.sec.gov/api/xbrl/companyfacts/CIK0002120046.json,2026-07-20T14:36:00,2026-07-20T14:36:01,0.645
CVE,0001475260,success,6653.0,data\facts\0001475260.parquet,,,2026-07-20T14:36:01,2026-07-20T14:36:02,0.875
CVEO,0001590584,success,17955.0,data\facts\0001590584.parquet,,,2026-07-20T14:36:02,2026-07-20T14:36:04,1.183
CVGI,0001290900,success,22588.0,data\facts\0001290900.parquet,,,2026-07-20T14:36:04,2026-07-20T14:36:05,1.314
CVI,0001376139,success,21424.0,data\facts\0001376139.parquet,,,2026-07-20T14:36:05,2026-07-20T14:36:07,1.206
CVKD,0001937993,success,2868.0,data\facts\0001937993.parquet,,,2026-07-20T14:36:07,2026-07-20T14:36:08,0.76
CVLG,0000928658,success,22600.0,data\facts\0000928658.parquet,,,2026-07-20T14:36:08,2026-07-20T14:36:09,1.154
CVLT,0001169561,success,19438.0,data\facts\0001169561.parquet,,,2026-07-20T14:36:09,2026-07-20T14:36:10,0.998
CVM,0000725363,success,17358.0,data\facts\0000725363.parquet,,,2026-07-20T14:36:10,2026-07-20T14:36:12,1.141
CVNA,0001690820,success,11664.0,data\facts\0001690820.parquet,,,2026-07-20T14:36:12,2026-07-20T14:36:13,0.815
CVR,0000019871,success,11333.0,data\facts\0000019871.parquet,,,2026-07-20T14:36:13,2026-07-20T14:36:14,1.07
CVRX,0001235912,success,4995.0,data\facts\0001235912.parquet,,,2026-07-20T14:36:14,2026-07-20T14:36:15,0.729
CVS,0000064803,success,29268.0,data\facts\0000064803.parquet,,,2026-07-20T14:36:15,2026-07-20T14:36:17,1.479
CVSA,0000730464,success,32751.0,data\facts\0000730464.parquet,,,2026-07-20T14:36:17,2026-07-20T14:36:18,1.491
CVSI,0001510964,success,14219.0,data\facts\0001510964.parquet,,,2026-07-20T14:36:19,2026-07-20T14:36:20,1.063
CVU,0000889348,success,16120.0,data\facts\0000889348.parquet,,,2026-07-20T14:36:20,2026-07-20T14:36:21,0.997
CVV,0000766792,success,12987.0,data\facts\0000766792.parquet,,,2026-07-20T14:36:21,2026-07-20T14:36:22,0.992
CVVUF,0001023109,failed,,,HTTPError,404 Client Error: Not Found for url: https://data.sec.gov/api/xbrl/companyfacts/CIK0001023109.json,2026-07-20T14:36:22,2026-07-20T14:36:23,0.958
CVX,0000093410,success,31665.0,data\facts\0000093410.parquet,,,2026-07-20T14:36:24,2026-07-20T14:36:25,1.356
CW,0000026324,success,24088.0,data\facts\0000026324.parquet,,,2026-07-20T14:36:25,2026-07-20T14:36:27,1.776
CWBC,0001127371,success,31277.0,data\facts\0001127371.parquet,,,2026-07-20T14:36:27,2026-07-20T14:36:29,1.465
CWBHF,0001750155,success,4689.0,data\facts\0001750155.parquet,,,2026-07-20T14:36:29,2026-07-20T14:36:30,1.081
CWCO,0000928340,success,18199.0,data\facts\0000928340.parquet,,,2026-07-20T14:36:30,2026-07-20T14:36:31,1.056
CWD,0001627282,success,1699.0,data\facts\0001627282.parquet,,,2026-07-20T14:36:31,2026-07-20T14:36:32,0.886
CWEN,0001567683,success,18139.0,data\facts\0001567683.parquet,,,2026-07-20T14:36:33,2026-07-20T14:36:34,1.283
CWGL,0001562151,success,16436.0,data\facts\0001562151.parquet,,,2026-07-20T14:36:34,2026-07-20T14:36:35,1.085
CWH,0001669779,success,13820.0,data\facts\0001669779.parquet,,,2026-07-20T14:36:35,2026-07-20T14:36:37,1.397
CWK,0001628369,success,13199.0,data\facts\0001628369.parquet,,,2026-07-20T14:36:37,2026-07-20T14:36:38,1.134
CWPE,0001741220,failed,,,HTTPError,404 Client Error: Not Found for url: https://data.sec.gov/api/xbrl/companyfacts/CIK0001741220.json,2026-07-20T14:36:38,2026-07-20T14:36:39,0.606
CWST,0000911177,success,23542.0,data\facts\0000911177.parquet,,,2026-07-20T14:36:39,2026-07-20T14:36:41,1.325
CWT,0001035201,success,20167.0,data\facts\0001035201.parquet,,,2026-07-20T14:36:41,2026-07-20T14:36:42,1.315
CX,0001076378,success,5118.0,data\facts\0001076378.parquet,,,2026-07-20T14:36:42,2026-07-20T14:36:44,1.084
CXAI,0001820875,success,2565.0,data\facts\0001820875.parquet,,,2026-07-20T14:36:44,2026-07-20T14:36:45,0.921
CXDO,0001075736,success,20381.0,data\facts\0001075736.parquet,,,2026-07-20T14:36:45,2026-07-20T14:36:46,1.159
CXII,0002114227,success,53.0,data\facts\0002114227.parquet,,,2026-07-20T14:36:46,2026-07-20T14:36:47,0.748
CXM,0001569345,success,7864.0,data\facts\0001569345.parquet,,,2026-07-20T14:36:47,2026-07-20T14:36:48,1.003
CXT,0000025445,success,25340.0,data\facts\0000025445.parquet,,,2026-07-20T14:36:49,2026-07-20T14:36:50,1.044
CXW,0001070985,success,18965.0,data\facts\0001070985.parquet,,,2026-07-20T14:36:50,2026-07-20T14:36:51,1.45
CXXIF,0000831609,success,5028.0,data\facts\0000831609.parquet,,,2026-07-20T14:36:52,2026-07-20T14:36:52,0.779
CYAB,0002032341,success,193.0,data\facts\0002032341.parquet,,,2026-07-20T14:36:53,2026-07-20T14:36:54,0.985
CYAN,0000768408,success,17158.0,data\facts\0000768408.parquet,,,2026-07-20T14:36:54,2026-07-20T14:36:55,1.076
CYATY,0002070829,failed,,,HTTPError,404 Client Error: Not Found for url: https://data.sec.gov/api/xbrl/companyfacts/CIK0002070829.json,2026-07-20T14:36:55,2026-07-20T14:36:56,0.724
CYCN,0001755237,success,6395.0,data\facts\0001755237.parquet,,,2026-07-20T14:36:56,2026-07-20T14:36:57,0.85
CYCU,0001868419,success,3278.0,data\facts\0001868419.parquet,,,2026-07-20T14:36:57,2026-07-20T14:36:58,0.936
CYD,0000932695,success,6129.0,data\facts\0000932695.parquet,,,2026-07-20T14:36:58,2026-07-20T14:36:59,0.928
CYDVF,0001394039,failed,,,HTTPError,404 Client Error: Not Found for url: https://data.sec.gov/api/xbrl/companyfacts/CIK0001394039.json,2026-07-20T14:36:59,2026-07-20T14:37:00,0.645
CYDX,0001388994,failed,,,HTTPError,404 Client Error: Not Found for url: https://data.sec.gov/api/xbrl/companyfacts/CIK0001388994.json,2026-07-20T14:37:00,2026-07-20T14:37:01,0.686
CYDY,0001175680,success,13195.0,data\facts\0001175680.parquet,,,2026-07-20T14:37:01,2026-07-20T14:37:02,1.109
CYH,0001108109,success,28787.0,data\facts\0001108109.parquet,,,2026-07-20T14:37:03,2026-07-20T14:37:04,1.396
CYJBF,0001436741,failed,,,HTTPError,404 Client Error: Not Found for url: https://data.sec.gov/api/xbrl/companyfacts/CIK0001436741.json,2026-07-20T14:37:04,2026-07-20T14:37:05,0.785
CYN,0001874097,success,5277.0,data\facts\0001874097.parquet,,,2026-07-20T14:37:05,2026-07-20T14:37:06,0.924
CYPH,0001509745,success,7661.0,data\facts\0001509745.parquet,,,2026-07-20T14:37:06,2026-07-20T14:37:07,1.006
CYRX,0001124524,success,18862.0,data\facts\0001124524.parquet,,,2026-07-20T14:37:08,2026-07-20T14:37:09,1.003
CYTK,0001061983,success,15008.0,data\facts\0001061983.parquet,,,2026-07-20T14:37:09,2026-07-20T14:37:10,1.388
CYTOF,0001601936,success,4710.0,data\facts\0001601936.parquet,,,2026-07-20T14:37:11,2026-07-20T14:37:11,0.822
CZFS,0000739421,success,30441.0,data\facts\0000739421.parquet,,,2026-07-20T14:37:12,2026-07-20T14:37:13,1.337
CZNC,0000810958,success,33825.0,data\facts\0000810958.parquet,,,2026-07-20T14:37:13,2026-07-20T14:37:15,1.614
CZR,0001590895,success,17442.0,data\facts\0001590895.parquet,,,2026-07-20T14:37:15,2026-07-20T14:37:16,1.276
CZWI,0001367859,success,33047.0,data\facts\0001367859.parquet,,,2026-07-20T14:37:17,2026-07-20T14:37:18,1.344
D,0000715957,success,37564.0,data\facts\0000715957.parquet,,,2026-07-20T14:37:18,2026-07-20T14:37:20,1.293
DAAQ,0002052162,success,567.0,data\facts\0002052162.parquet,,,2026-07-20T14:37:20,2026-07-20T14:37:21,0.788
DAC,0001369241,success,7972.0,data\facts\0001369241.parquet,,,2026-07-20T14:37:21,2026-07-20T14:37:22,1.027
DAIC,0002033770,success,1707.0,data\facts\0002033770.parquet,,,2026-07-20T14:37:22,2026-07-20T14:37:23,0.863
DAIO,0000351998,success,14764.0,data\facts\0000351998.parquet,,,2026-07-20T14:37:23,2026-07-20T14:37:24,1.231
DAKT,0000915779,success,22381.0,data\facts\0000915779.parquet,,,2026-07-20T14:37:25,2026-07-20T14:37:26,1.364
DAL,0000027904,success,22122.0,data\facts\0000027904.parquet,,,2026-07-20T14:37:26,2026-07-20T14:37:28,1.35
DAN,0000026780,success,28418.0,data\facts\0000026780.parquet,,,2026-07-20T14:37:28,2026-07-20T14:37:29,1.299
DAO,0001781753,success,4139.0,data\facts\0001781753.parquet,,,2026-07-20T14:37:29,2026-07-20T14:37:30,0.948
DAR,0000916540,success,28996.0,data\facts\0000916540.parquet,,,2026-07-20T14:37:31,2026-07-20T14:37:32,1.439
DARE,0001401914,success,10521.0,data\facts\0001401914.parquet,,,2026-07-20T14:37:32,2026-07-20T14:37:33,0.947
DASH,0001792789,success,8624.0,data\facts\0001792789.parquet,,,2026-07-20T14:37:34,2026-07-20T14:37:35,1.071
DAVA,0001656081,success,4510.0,data\facts\0001656081.parquet,,,2026-07-20T14:37:35,2026-07-20T14:37:36,0.81
DAVE,0001841408,success,6675.0,data\facts\0001841408.parquet,,,2026-07-20T14:37:36,2026-07-20T14:37:37,0.733
DAVI,0002039072,success,12.0,data\facts\0002039072.parquet,,,2026-07-20T14:37:37,2026-07-20T14:37:37,0.624
DAZSF,0001896511,success,451.0,data\facts\0001896511.parquet,,,2026-07-20T14:37:38,2026-07-20T14:37:38,0.644
DB,0001159508,success,6593.0,data\facts\0001159508.parquet,,,2026-07-20T14:37:39,2026-07-20T14:37:39,0.908
DBA,0001383082,success,9770.0,data\facts\0001383082.parquet,,,2026-07-20T14:37:40,2026-07-20T14:37:41,0.828
DBB,0001383084,success,9406.0,data\facts\0001383084.parquet,,,2026-07-20T14:37:41,2026-07-20T14:37:42,1.007
DBC,0001328237,success,9793.0,data\facts\0001328237.parquet,,,2026-07-20T14:37:42,2026-07-20T14:37:43,0.933
DBCA,0002095161,success,89.0,data\facts\0002095161.parquet,,,2026-07-20T14:37:43,2026-07-20T14:37:44,0.547
DBD,0000028823,success,36317.0,data\facts\0000028823.parquet,,,2026-07-20T14:37:44,2026-07-20T14:37:45,1.202
DBE,0001383062,success,9414.0,data\facts\0001383062.parquet,,,2026-07-20T14:37:45,2026-07-20T14:37:46,0.857
DBGI,0001668010,success,5817.0,data\facts\0001668010.parquet,,,2026-07-20T14:37:46,2026-07-20T14:37:47,0.747
DBHL,0001918080,success,2657.0,data\facts\0001918080.parquet,,,2026-07-20T14:37:47,2026-07-20T14:37:48,0.619
DBI,0001319947,success,24714.0,data\facts\0001319947.parquet,,,2026-07-20T14:37:48,2026-07-20T14:37:49,1.124
DBL,0001525201,success,5.0,data\facts\0001525201.parquet,,,2026-07-20T14:37:50,2026-07-20T14:37:50,0.638
DBMM,0001127475,success,9124.0,data\facts\0001127475.parquet,,,2026-07-20T14:37:50,2026-07-20T14:37:51,0.803
DBO,0001383058,success,9252.0,data\facts\0001383058.parquet,,,2026-07-20T14:37:52,2026-07-20T14:37:52,0.766
DBP,0001383057,success,9346.0,data\facts\0001383057.parquet,,,2026-07-20T14:37:52,2026-07-20T14:37:53,0.886
DBRG,0001679688,success,21006.0,data\facts\0001679688.parquet,,,2026-07-20T14:37:54,2026-07-20T14:37:55,1.452
DBVT,0001613780,success,6962.0,data\facts\0001613780.parquet,,,2026-07-20T14:37:55,2026-07-20T14:37:57,1.262
DBX,0001467623,success,12938.0,data\facts\0001467623.parquet,,,2026-07-20T14:37:57,2026-07-20T14:37:58,1.351
DC,0001852353,success,3241.0,data\facts\0001852353.parquet,,,2026-07-20T14:37:58,2026-07-20T14:38:00,1.088
DCBO,0001829959,success,3993.0,data\facts\0001829959.parquet,,,2026-07-20T14:38:00,2026-07-20T14:38:01,0.985
DCFBS,0001630745,failed,,,HTTPError,404 Client Error: Not Found for url: https://data.sec.gov/api/xbrl/companyfacts/CIK0001630745.json,2026-07-20T14:38:01,2026-07-20T14:38:02,0.99
DCGO,0001822359,success,8948.0,data\facts\0001822359.parquet,,,2026-07-20T14:38:02,2026-07-20T14:38:04,1.291
DCH,0001062231,success,22708.0,data\facts\0001062231.parquet,,,2026-07-20T14:38:04,2026-07-20T14:38:05,1.389
DCI,0000029644,success,23744.0,data\facts\0000029644.parquet,,,2026-07-20T14:38:05,2026-07-20T14:38:07,1.556
DCO,0000030305,success,20980.0,data\facts\0000030305.parquet,,,2026-07-20T14:38:07,2026-07-20T14:38:09,1.516
DCOM,0000846617,success,33262.0,data\facts\0000846617.parquet,,,2026-07-20T14:38:09,2026-07-20T14:38:11,1.915
DCOY,0001615219,success,9837.0,data\facts\0001615219.parquet,,,2026-07-20T14:38:11,2026-07-20T14:38:13,1.349
DCTH,0000872912,success,15205.0,data\facts\0000872912.parquet,,,2026-07-20T14:38:13,2026-07-20T14:38:14,1.2
DCX,0001957413,success,1836.0,data\facts\0001957413.parquet,,,2026-07-20T14:38:14,2026-07-20T14:38:15,1.087
DD,0001666700,success,20471.0,data\facts\0001666700.parquet,,,2026-07-20T14:38:16,2026-07-20T14:38:17,0.953
DDC,0001808110,success,2005.0,data\facts\0001808110.parquet,,,2026-07-20T14:38:17,2026-07-20T14:38:17,0.672
DDD,0000910638,success,24742.0,data\facts\0000910638.parquet,,,2026-07-20T14:38:18,2026-07-20T14:38:19,0.985
DDDX,0001453122,success,3258.0,data\facts\0001453122.parquet,,,2026-07-20T14:38:19,2026-07-20T14:38:20,0.81
DDHLY,0002034300,failed,,,HTTPError,404 Client Error: Not Found for url: https://data.sec.gov/api/xbrl/companyfacts/CIK0002034300.json,2026-07-20T14:38:20,2026-07-20T14:38:21,0.684
DDI,0001799567,success,5013.0,data\facts\0001799567.parquet,,,2026-07-20T14:38:21,2026-07-20T14:38:22,0.686
DDL,0001854545,success,2712.0,data\facts\0001854545.parquet,,,2026-07-20T14:38:22,2026-07-20T14:38:22,0.676
DDOG,0001561550,success,9874.0,data\facts\0001561550.parquet,,,2026-07-20T14:38:23,2026-07-20T14:38:23,0.823
DDS,0000028917,success,18988.0,data\facts\0000028917.parquet,,,2026-07-20T14:38:24,2026-07-20T14:38:25,0.901
DE,0000315189,success,35092.0,data\facts\0000315189.parquet,,,2026-07-20T14:38:25,2026-07-20T14:38:26,1.073
DEA,0001622194,success,11563.0,data\facts\0001622194.parquet,,,2026-07-20T14:38:26,2026-07-20T14:38:27,0.91
DEC,0001922446,success,2603.0,data\facts\0001922446.parquet,,,2026-07-20T14:38:27,2026-07-20T14:38:28,1.009
DECK,0000910521,success,19922.0,data\facts\0000910521.parquet,,,2026-07-20T14:38:29,2026-07-20T14:38:31,2.383
DEFG,0001874907,failed,,,HTTPError,404 Client Error: Not Found for url: https://data.sec.gov/api/xbrl/companyfacts/CIK0001874907.json,2026-07-20T14:38:31,2026-07-20T14:38:32,0.802
DEFI,0001985840,success,1136.0,data\facts\0001985840.parquet,,,2026-07-20T14:38:32,2026-07-20T14:38:33,0.916
DEFT,0001888274,success,332.0,data\facts\0001888274.parquet,,,2026-07-20T14:38:33,2026-07-20T14:38:34,0.814
DEI,0001364250,success,22336.0,data\facts\0001364250.parquet,,,2026-07-20T14:38:34,2026-07-20T14:38:36,1.36
DELL,0001571996,success,23145.0,data\facts\0001571996.parquet,,,2026-07-20T14:38:36,2026-07-20T14:38:37,1.203
DEO,0000835403,success,7505.0,data\facts\0000835403.parquet,,,2026-07-20T14:38:37,2026-07-20T14:38:38,0.987
DERM,0001867066,success,4806.0,data\facts\0001867066.parquet,,,2026-07-20T14:38:39,2026-07-20T14:38:40,1.057
DETX,0001919776,success,5.0,data\facts\0001919776.parquet,,,2026-07-20T14:38:40,2026-07-20T14:38:41,0.952
DEVSF,0001854480,success,3359.0,data\facts\0001854480.parquet,,,2026-07-20T14:38:41,2026-07-20T14:38:42,0.919
DFDV,0001805526,success,2704.0,data\facts\0001805526.parquet,,,2026-07-20T14:38:42,2026-07-20T14:38:43,1.081
DFH,0001825088,success,6357.0,data\facts\0001825088.parquet,,,2026-07-20T14:38:44,2026-07-20T14:38:45,1.01
DFIN,0001669811,success,15414.0,data\facts\0001669811.parquet,,,2026-07-20T14:38:45,2026-07-20T14:38:46,1.555
DFLI,0001847986,success,5313.0,data\facts\0001847986.parquet,,,2026-07-20T14:38:47,2026-07-20T14:38:48,0.997
DFNS,0001787518,success,5178.0,data\facts\0001787518.parquet,,,2026-07-20T14:38:48,2026-07-20T14:38:49,0.954
DFP,0001559991,failed,,,HTTPError,404 Client Error: Not Found for url: https://data.sec.gov/api/xbrl/companyfacts/CIK0001559991.json,2026-07-20T14:38:49,2026-07-20T14:38:50,0.673
DFSC,0001889823,success,1500.0,data\facts\0001889823.parquet,,,2026-07-20T14:38:50,2026-07-20T14:38:51,0.993
DFSLY,0002038919,failed,,,HTTPError,404 Client Error: Not Found for url: https://data.sec.gov/api/xbrl/companyfacts/CIK0002038919.json,2026-07-20T14:38:51,2026-07-20T14:38:52,0.622
DFTX,0001813814,success,3980.0,data\facts\0001813814.parquet,,,2026-07-20T14:38:52,2026-07-20T14:38:53,1.023
DG,0000029534,success,16489.0,data\facts\0000029534.parquet,,,2026-07-20T14:38:53,2026-07-20T14:38:55,1.269
DGAC,0002111038,success,64.0,data\facts\0002111038.parquet,,,2026-07-20T14:38:55,2026-07-20T14:38:56,0.761
DGCOF,0001809267,failed,,,HTTPError,404 Client Error: Not Found for url: https://data.sec.gov/api/xbrl/companyfacts/CIK0001809267.json,2026-07-20T14:38:56,2026-07-20T14:38:57,0.693
DGICA,0000800457,success,22420.0,data\facts\0000800457.parquet,,,2026-07-20T14:38:57,2026-07-20T14:38:58,1.047
DGII,0000854775,success,22523.0,data\facts\0000854775.parquet,,,2026-07-20T14:38:58,2026-07-20T14:38:59,1.191
DGNOF,0001790693,failed,,,HTTPError,404 Client Error: Not Found for url: https://data.sec.gov/api/xbrl/companyfacts/CIK0001790693.json,2026-07-20T14:39:00,2026-07-20T14:39:00,0.719
DGNX,0002010499,success,981.0,data\facts\0002010499.parquet,,,2026-07-20T14:39:01,2026-07-20T14:39:01,0.896
DGTEF,0001978151,failed,,,HTTPError,404 Client Error: Not Found for url: https://data.sec.gov/api/xbrl/companyfacts/CIK0001978151.json,2026-07-20T14:39:02,2026-07-20T14:39:02,0.757
DGX,0001022079,success,27292.0,data\facts\0001022079.parquet,,,2026-07-20T14:39:03,2026-07-20T14:39:04,1.226
DGXX,0001854368,success,2153.0,data\facts\0001854368.parquet,,,2026-07-20T14:39:04,2026-07-20T14:39:05,0.912
DH,0001861795,success,8097.0,data\facts\0001861795.parquet,,,2026-07-20T14:39:05,2026-07-20T14:39:06,1.036
DHC,0001075415,success,16901.0,data\facts\0001075415.parquet,,,2026-07-20T14:39:07,2026-07-20T14:39:08,1.116
DHF,0001057861,failed,,,ValueError,Company Facts에서 facts 데이터를 찾지 못했습니다.,2026-07-20T14:39:08,2026-07-20T14:39:09,0.677
DHI,0000882184,success,20277.0,data\facts\0000882184.parquet,,,2026-07-20T14:39:09,2026-07-20T14:39:10,1.188
DHR,0000313616,success,30093.0,data\facts\0000313616.parquet,,,2026-07-20T14:39:10,2026-07-20T14:39:12,1.443
DHT,0001331284,success,5008.0,data\facts\0001331284.parquet,,,2026-07-20T14:39:12,2026-07-20T14:39:13,0.853
DHTI,0000725394,success,9291.0,data\facts\0000725394.parquet,,,2026-07-20T14:39:13,2026-07-20T14:39:14,1.206
DHX,0001393883,success,22794.0,data\facts\0001393883.parquet,,,2026-07-20T14:39:15,2026-07-20T14:39:16,1.392
DHY,0001061353,success,12.0,data\facts\0001061353.parquet,,,2026-07-20T14:39:16,2026-07-20T14:39:17,0.755
DIA,0001041130,failed,,,HTTPError,404 Client Error: Not Found for url: https://data.sec.gov/api/xbrl/companyfacts/CIK0001041130.json,2026-07-20T14:39:17,2026-07-20T14:39:18,0.774
DIBS,0001600641,success,8301.0,data\facts\0001600641.parquet,,,2026-07-20T14:39:18,2026-07-20T14:39:19,0.81
DIDIY,0001764757,success,2676.0,data\facts\0001764757.parquet,,,2026-07-20T14:39:19,2026-07-20T14:39:20,0.855
DIN,0000049754,success,25414.0,data\facts\0000049754.parquet,,,2026-07-20T14:39:20,2026-07-20T14:39:22,1.307
DINO,0001915657,success,8513.0,data\facts\0001915657.parquet,,,2026-07-20T14:39:22,2026-07-20T14:39:23,1.113
DIOD,0000029002,success,25870.0,data\facts\0000029002.parquet,,,2026-07-20T14:39:23,2026-07-20T14:39:25,1.372
DIS,0001744489,success,16022.0,data\facts\0001744489.parquet,,,2026-07-20T14:39:25,2026-07-20T14:39:26,1.079
DISPF,0001671750,failed,,,HTTPError,404 Client Error: Not Found for url: https://data.sec.gov/api/xbrl/companyfacts/CIK0001671750.json,2026-07-20T14:39:26,2026-07-20T14:39:27,0.785
DIT,0000928465,success,15315.0,data\facts\0000928465.parquet,,,2026-07-20T14:39:27,2026-07-20T14:39:29,1.27
DJCO,0000783412,success,14265.0,data\facts\0000783412.parquet,,,2026-07-20T14:39:29,2026-07-20T14:39:30,1.157
DJT,0001849635,success,4823.0,data\facts\0001849635.parquet,,,2026-07-20T14:39:30,2026-07-20T14:39:31,0.836
DK,0001694426,success,18774.0,data\facts\0001694426.parquet,,,2026-07-20T14:39:31,2026-07-20T14:39:33,1.321
DKI,0002058584,success,237.0,data\facts\0002058584.parquet,,,2026-07-20T14:39:33,2026-07-20T14:39:34,0.745
DKILF,0001446519,failed,,,HTTPError,404 Client Error: Not Found for url: https://data.sec.gov/api/xbrl/companyfacts/CIK0001446519.json,2026-07-20T14:39:34,2026-07-20T14:39:35,0.952
DKL,0001552797,success,15064.0,data\facts\0001552797.parquet,,,2026-07-20T14:39:35,2026-07-20T14:39:36,1.024
DKNG,0001883685,success,5366.0,data\facts\0001883685.parquet,,,2026-07-20T14:39:36,2026-07-20T14:39:37,1.039
DKS,0001089063,success,20202.0,data\facts\0001089063.parquet,,,2026-07-20T14:39:38,2026-07-20T14:39:39,1.077
DLAKY,0001049724,failed,,,HTTPError,404 Client Error: Not Found for url: https://data.sec.gov/api/xbrl/companyfacts/CIK0001049724.json,2026-07-20T14:39:39,2026-07-20T14:39:40,0.713
DLB,0001308547,success,31934.0,data\facts\0001308547.parquet,,,2026-07-20T14:39:40,2026-07-20T14:39:41,1.504
DLHC,0000785557,success,16592.0,data\facts\0000785557.parquet,,,2026-07-20T14:39:42,2026-07-20T14:39:43,1.073
DLMAY,0002073893,failed,,,HTTPError,404 Client Error: Not Found for url: https://data.sec.gov/api/xbrl/companyfacts/CIK0002073893.json,2026-07-20T14:39:43,2026-07-20T14:39:44,0.83
DLNG,0001578453,success,4903.0,data\facts\0001578453.parquet,,,2026-07-20T14:39:44,2026-07-20T14:39:45,0.87
DLO,0001846832,success,2528.0,data\facts\0001846832.parquet,,,2026-07-20T14:39:45,2026-07-20T14:39:46,0.855
DLPN,0001282224,success,15303.0,data\facts\0001282224.parquet,,,2026-07-20T14:39:46,2026-07-20T14:39:47,1.12
DLR,0001297996,success,24657.0,data\facts\0001297996.parquet,,,2026-07-20T14:39:48,2026-07-20T14:39:50,2.143
DLTH,0001649744,success,13402.0,data\facts\0001649744.parquet,,,2026-07-20T14:39:50,2026-07-20T14:39:51,1.123
DLTI,0001420368,success,7037.0,data\facts\0001420368.parquet,,,2026-07-20T14:39:51,2026-07-20T14:39:53,1.226
DLTR,0000935703,success,19513.0,data\facts\0000935703.parquet,,,2026-07-20T14:39:53,2026-07-20T14:39:54,1.228
DLX,0000027996,success,30647.0,data\facts\0000027996.parquet,,,2026-07-20T14:39:54,2026-07-20T14:39:56,1.382
DLXY,0002025218,success,475.0,data\facts\0002025218.parquet,,,2026-07-20T14:39:56,2026-07-20T14:39:57,0.996
DLY,0001788399,success,5.0,data\facts\0001788399.parquet,,,2026-07-20T14:39:57,2026-07-20T14:39:58,0.742
DMA,0001523289,success,5.0,data\facts\0001523289.parquet,,,2026-07-20T14:39:58,2026-07-20T14:39:59,0.901
DMAA,0002028614,success,494.0,data\facts\0002028614.parquet,,,2026-07-20T14:39:59,2026-07-20T14:40:00,0.782
DMAC,0001401040,success,5682.0,data\facts\0001401040.parquet,,,2026-07-20T14:40:00,2026-07-20T14:40:02,1.203
DMB,0001565381,failed,,,HTTPError,404 Client Error: Not Found for url: https://data.sec.gov/api/xbrl/companyfacts/CIK0001565381.json,2026-07-20T14:40:02,2026-07-20T14:40:02,0.61
DMC,0001047340,success,25213.0,data\facts\0001047340.parquet,,,2026-07-20T14:40:03,2026-07-20T14:40:04,1.462
DMII,0002040475,success,290.0,data\facts\0002040475.parquet,,,2026-07-20T14:40:04,2026-07-20T14:40:05,0.72
DMLP,0001172358,success,6250.0,data\facts\0001172358.parquet,,,2026-07-20T14:40:05,2026-07-20T14:40:06,1.101
DMO,0001478102,failed,,,ValueError,Company Facts에서 facts 데이터를 찾지 못했습니다.,2026-07-20T14:40:07,2026-07-20T14:40:07,0.559
DMRA,0001800315,success,5202.0,data\facts\0001800315.parquet,,,2026-07-20T14:40:07,2026-07-20T14:40:08,0.607
DMRC,0002119322,success,9.0,data\facts\0002119322.parquet,,,2026-07-20T14:40:08,2026-07-20T14:40:09,0.686
DMXCF,0001839586,failed,,,HTTPError,404 Client Error: Not Found for url: https://data.sec.gov/api/xbrl/companyfacts/CIK0001839586.json,2026-07-20T14:40:09,2026-07-20T14:40:10,0.69
DNA,0001830214,success,7938.0,data\facts\0001830214.parquet,,,2026-07-20T14:40:10,2026-07-20T14:40:11,0.8
DNCLY,0002065660,failed,,,HTTPError,404 Client Error: Not Found for url: https://data.sec.gov/api/xbrl/companyfacts/CIK0002065660.json,2026-07-20T14:40:11,2026-07-20T14:40:12,0.663
DNLI,0001714899,success,9214.0,data\facts\0001714899.parquet,,,2026-07-20T14:40:12,2026-07-20T14:40:13,1.091
DNMX,0002081125,success,138.0,data\facts\0002081125.parquet,,,2026-07-20T14:40:13,2026-07-20T14:40:14,0.717
DNN,0001063259,success,2827.0,data\facts\0001063259.parquet,,,2026-07-20T14:40:14,2026-07-20T14:40:15,1.032
DNOPF,0001796026,failed,,,HTTPError,404 Client Error: Not Found for url: https://data.sec.gov/api/xbrl/companyfacts/CIK0001796026.json,2026-07-20T14:40:16,2026-07-20T14:40:16,0.602
DNOW,0001599617,success,13495.0,data\facts\0001599617.parquet,,,2026-07-20T14:40:16,2026-07-20T14:40:18,1.067
DNP,0000806628,failed,,,ValueError,Company Facts에서 facts 데이터를 찾지 못했습니다.,2026-07-20T14:40:18,2026-07-20T14:40:19,0.802
DNTH,0001690585,success,7998.0,data\facts\0001690585.parquet,,,2026-07-20T14:40:19,2026-07-20T14:40:20,0.94
DNUT,0001857154,success,8983.0,data\facts\0001857154.parquet,,,2026-07-20T14:40:20,2026-07-20T14:40:21,1.266
DOC,0000765880,success,31695.0,data\facts\0000765880.parquet,,,2026-07-20T14:40:21,2026-07-20T14:40:23,1.563
DOCN,0001582961,success,9113.0,data\facts\0001582961.parquet,,,2026-07-20T14:40:23,2026-07-20T14:40:24,1.092
DOCS,0001516513,success,8779.0,data\facts\0001516513.parquet,,,2026-07-20T14:40:25,2026-07-20T14:40:26,1.104
DOCU,0001261333,success,12279.0,data\facts\0001261333.parquet,,,2026-07-20T14:40:26,2026-07-20T14:40:27,1.416
DOGP,0001360442,success,11452.0,data\facts\0001360442.parquet,,,2026-07-20T14:40:28,2026-07-20T14:40:29,1.363
DOGZ,0001707303,success,4699.0,data\facts\0001707303.parquet,,,2026-07-20T14:40:29,2026-07-20T14:40:30,1.028
DOLE,0001857475,success,8335.0,data\facts\0001857475.parquet,,,2026-07-20T14:40:31,2026-07-20T14:40:32,1.269
DOMH,0000012239,success,12197.0,data\facts\0000012239.parquet,,,2026-07-20T14:40:32,2026-07-20T14:40:33,1.336
DOMO,0001505952,success,11236.0,data\facts\0001505952.parquet,,,2026-07-20T14:40:34,2026-07-20T14:40:35,1.16
DOO,0001748797,success,3053.0,data\facts\0001748797.parquet,,,2026-07-20T14:40:35,2026-07-20T14:40:36,1.005
DORM,0000868780,success,15812.0,data\facts\0000868780.parquet,,,2026-07-20T14:40:36,2026-07-20T14:40:38,1.312
DOUG,0001878897,success,7015.0,data\facts\0001878897.parquet,,,2026-07-20T14:40:38,2026-07-20T14:40:39,0.952
DOV,0000029905,success,32328.0,data\facts\0000029905.parquet,,,2026-07-20T14:40:39,2026-07-20T14:40:41,1.56
DOW,0001751788,success,16965.0,data\facts\0001751788.parquet,,,2026-07-20T14:40:41,2026-07-20T14:40:42,1.243
DOX,0001062579,success,8616.0,data\facts\0001062579.parquet,,,2026-07-20T14:40:42,2026-07-20T14:40:43,0.938
DOYU,0001762417,success,3399.0,data\facts\0001762417.parquet,,,2026-07-20T14:40:44,2026-07-20T14:40:44,0.818
DPC,0002107018,success,14.0,data\facts\0002107018.parquet,,,2026-07-20T14:40:45,2026-07-20T14:40:45,0.867
DPDSY,0002094201,failed,,,HTTPError,404 Client Error: Not Found for url: https://data.sec.gov/api/xbrl/companyfacts/CIK0002094201.json,2026-07-20T14:40:46,2026-07-20T14:40:46,0.604
DPG,0001515671,failed,,,ValueError,Company Facts에서 facts 데이터를 찾지 못했습니다.,2026-07-20T14:40:47,2026-07-20T14:40:47,0.773
DPLMF,0001529906,failed,,,HTTPError,404 Client Error: Not Found for url: https://data.sec.gov/api/xbrl/companyfacts/CIK0001529906.json,2026-07-20T14:40:48,2026-07-20T14:40:48,0.68
DPLS,0000866439,success,15333.0,data\facts\0000866439.parquet,,,2026-07-20T14:40:49,2026-07-20T14:40:50,1.259
DPRO,0001786286,success,5350.0,data\facts\0001786286.parquet,,,2026-07-20T14:40:50,2026-07-20T14:40:51,0.793
DPUI,0001791929,failed,,,HTTPError,404 Client Error: Not Found for url: https://data.sec.gov/api/xbrl/companyfacts/CIK0001791929.json,2026-07-20T14:40:51,2026-07-20T14:40:52,0.632
DPZ,0001286681,success,19308.0,data\facts\0001286681.parquet,,,2026-07-20T14:40:52,2026-07-20T14:40:53,1.048
DQ,0001477641,success,6890.0,data\facts\0001477641.parquet,,,2026-07-20T14:40:53,2026-07-20T14:40:54,1.06
DQJCF,0001446597,failed,,,HTTPError,404 Client Error: Not Found for url: https://data.sec.gov/api/xbrl/companyfacts/CIK0001446597.json,2026-07-20T14:40:55,2026-07-20T14:40:55,0.731
DQWS,0001652561,success,8270.0,data\facts\0001652561.parquet,,,2026-07-20T14:40:55,2026-07-20T14:40:56,0.937
DRCT,0001880613,success,4852.0,data\facts\0001880613.parquet,,,2026-07-20T14:40:57,2026-07-20T14:40:58,0.935
DRD,0001023512,success,3123.0,data\facts\0001023512.parquet,,,2026-07-20T14:40:58,2026-07-20T14:40:59,0.955
DRDB,0002032528,success,489.0,data\facts\0002032528.parquet,,,2026-07-20T14:40:59,2026-07-20T14:41:00,1.107
DRH,0001298946,success,18570.0,data\facts\0001298946.parquet,,,2026-07-20T14:41:00,2026-07-20T14:41:02,1.334
DRI,0000940944,success,27194.0,data\facts\0000940944.parquet,,,2026-07-20T14:41:02,2026-07-20T14:41:03,1.311
DRIO,0001533998,success,12335.0,data\facts\0001533998.parquet,,,2026-07-20T14:41:04,2026-07-20T14:41:05,1.288
DRMA,0001853816,success,2618.0,data\facts\0001853816.parquet,,,2026-07-20T14:41:05,2026-07-20T14:41:06,0.842
DROR,0001282980,success,3393.0,data\facts\0001282980.parquet,,,2026-07-20T14:41:06,2026-07-20T14:41:07,1.107
DRRKF,0001705969,failed,,,HTTPError,404 Client Error: Not Found for url: https://data.sec.gov/api/xbrl/companyfacts/CIK0001705969.json,2026-07-20T14:41:07,2026-07-20T14:41:08,0.741
DRS,0001833756,success,8312.0,data\facts\0001833756.parquet,,,2026-07-20T14:41:08,2026-07-20T14:41:09,0.818
DRSHF,0001671541,failed,,,ValueError,Company Facts에서 facts 데이터를 찾지 못했습니다.,2026-07-20T14:41:10,2026-07-20T14:41:10,0.613
DRTS,0001871321,success,2038.0,data\facts\0001871321.parquet,,,2026-07-20T14:41:10,2026-07-20T14:41:11,0.768
DRTTF,0001340476,success,8310.0,data\facts\0001340476.parquet,,,2026-07-20T14:41:11,2026-07-20T14:41:12,0.806
DRUG,0001827401,success,625.0,data\facts\0001827401.parquet,,,2026-07-20T14:41:12,2026-07-20T14:41:13,0.689
DRVN,0001804745,success,10078.0,data\facts\0001804745.parquet,,,2026-07-20T14:41:13,2026-07-20T14:41:14,0.67
DRYGF,0002006413,failed,,,HTTPError,404 Client Error: Not Found for url: https://data.sec.gov/api/xbrl/companyfacts/CIK0002006413.json,2026-07-20T14:41:14,2026-07-20T14:41:15,0.585
DSAC,0002082149,success,147.0,data\facts\0002082149.parquet,,,2026-07-20T14:41:15,2026-07-20T14:41:16,0.573
DSC,0001966041,success,9.0,data\facts\0001966041.parquet,,,2026-07-20T14:41:16,2026-07-20T14:41:16,0.674
DSEEY,0001481045,failed,,,HTTPError,404 Client Error: Not Found for url: https://data.sec.gov/api/xbrl/companyfacts/CIK0001481045.json,2026-07-20T14:41:17,2026-07-20T14:41:17,0.752
DSGN,0001807120,success,4354.0,data\facts\0001807120.parquet,,,2026-07-20T14:41:18,2026-07-20T14:41:18,0.761
DSGR,0000703604,success,19690.0,data\facts\0000703604.parquet,,,2026-07-20T14:41:19,2026-07-20T14:41:20,1.169
DSGT,0001413909,success,9605.0,data\facts\0001413909.parquet,,,2026-07-20T14:41:20,2026-07-20T14:41:21,0.912
DSGX,0001050140,success,8065.0,data\facts\0001050140.parquet,,,2026-07-20T14:41:21,2026-07-20T14:41:22,0.814
DSL,0001566388,failed,,,ValueError,Company Facts에서 facts 데이터를 찾지 못했습니다.,2026-07-20T14:41:22,2026-07-20T14:41:23,0.609
DSM,0000855887,failed,,,HTTPError,404 Client Error: Not Found for url: https://data.sec.gov/api/xbrl/companyfacts/CIK0000855887.json,2026-07-20T14:41:23,2026-07-20T14:41:24,0.557
DSNY,0001099369,success,11302.0,data\facts\0001099369.parquet,,,2026-07-20T14:41:24,2026-07-20T14:41:25,0.954
DSP,0001828791,success,6151.0,data\facts\0001828791.parquet,,,2026-07-20T14:41:25,2026-07-20T14:41:26,0.823
DSRNY,0001544088,failed,,,HTTPError,404 Client Error: Not Found for url: https://data.sec.gov/api/xbrl/companyfacts/CIK0001544088.json,2026-07-20T14:41:26,2026-07-20T14:41:27,0.689
DSS,0000771999,success,16445.0,data\facts\0000771999.parquet,,,2026-07-20T14:41:27,2026-07-20T14:41:28,0.937
DSU,0001051003,failed,,,ValueError,Company Facts에서 facts 데이터를 찾지 못했습니다.,2026-07-20T14:41:28,2026-07-20T14:41:29,0.693
DSWL,0000946936,success,4967.0,data\facts\0000946936.parquet,,,2026-07-20T14:41:29,2026-07-20T14:41:30,0.725
DSX,0001318885,success,7372.0,data\facts\0001318885.parquet,,,2026-07-20T14:41:30,2026-07-20T14:41:31,0.693
DSY,0001999297,success,1000.0,data\facts\0001999297.parquet,,,2026-07-20T14:41:31,2026-07-20T14:41:32,0.629
DT,0001773383,success,9703.0,data\facts\0001773383.parquet,,,2026-07-20T14:41:32,2026-07-20T14:41:33,0.816
DTCKF,0001949478,success,1019.0,data\facts\0001949478.parquet,,,2026-07-20T14:41:33,2026-07-20T14:41:34,0.617
DTCX,0001853825,success,3090.0,data\facts\0001853825.parquet,,,2026-07-20T14:41:34,2026-07-20T14:41:34,0.626
DTE,0000936340,success,33184.0,data\facts\0000936340.parquet,,,2026-07-20T14:41:35,2026-07-20T14:41:36,1.217
DTEGY,0000946770,failed,,,HTTPError,404 Client Error: Not Found for url: https://data.sec.gov/api/xbrl/companyfacts/CIK0000946770.json,2026-07-20T14:41:36,2026-07-20T14:41:37,0.521
DTF,0000879535,failed,,,ValueError,Company Facts에서 facts 데이터를 찾지 못했습니다.,2026-07-20T14:41:37,2026-07-20T14:41:37,0.575
DTGI,0001014052,success,7276.0,data\facts\0001014052.parquet,,,2026-07-20T14:41:38,2026-07-20T14:41:38,0.737
DTI,0001884516,success,5095.0,data\facts\0001884516.parquet,,,2026-07-20T14:41:39,2026-07-20T14:41:39,0.811
DTII,0001533357,success,8739.0,data\facts\0001533357.parquet,,,2026-07-20T14:41:40,2026-07-20T14:41:40,0.768
DTIL,0001357874,success,7446.0,data\facts\0001357874.parquet,,,2026-07-20T14:41:41,2026-07-20T14:41:42,0.85
DTM,0001842022,success,6932.0,data\facts\0001842022.parquet,,,2026-07-20T14:41:42,2026-07-20T14:41:43,0.745
DTRSY,0002127860,failed,,,HTTPError,404 Client Error: Not Found for url: https://data.sec.gov/api/xbrl/companyfacts/CIK0002127860.json,2026-07-20T14:41:43,2026-07-20T14:41:43,0.703
DTSQ,0002017950,success,894.0,data\facts\0002017950.parquet,,,2026-07-20T14:41:44,2026-07-20T14:41:44,0.586
DTSS,0002110423,failed,,,HTTPError,404 Client Error: Not Found for url: https://data.sec.gov/api/xbrl/companyfacts/CIK0002110423.json,2026-07-20T14:41:45,2026-07-20T14:41:45,0.647
DTST,0001419951,success,14435.0,data\facts\0001419951.parquet,,,2026-07-20T14:41:45,2026-07-20T14:41:46,0.932
DUK,0001326160,success,35095.0,data\facts\0001326160.parquet,,,2026-07-20T14:41:47,2026-07-20T14:41:48,1.027
DUKR,0001638911,success,6741.0,data\facts\0001638911.parquet,,,2026-07-20T14:41:48,2026-07-20T14:41:49,0.704
DUNNF,0001533546,failed,,,HTTPError,404 Client Error: Not Found for url: https://data.sec.gov/api/xbrl/companyfacts/CIK0001533546.json,2026-07-20T14:41:49,2026-07-20T14:41:49,0.514
DUO,0001750593,success,6260.0,data\facts\0001750593.parquet,,,2026-07-20T14:41:50,2026-07-20T14:41:50,0.771
DUOL,0001562088,success,5863.0,data\facts\0001562088.parquet,,,2026-07-20T14:41:51,2026-07-20T14:41:51,0.628
DUOT,0001396536,success,14519.0,data\facts\0001396536.parquet,,,2026-07-20T14:41:51,2026-07-20T14:41:52,0.828
DV,0001819928,success,7699.0,data\facts\0001819928.parquet,,,2026-07-20T14:41:52,2026-07-20T14:41:53,0.785
DVA,0000927066,success,29581.0,data\facts\0000927066.parquet,,,2026-07-20T14:41:53,2026-07-20T14:41:55,1.176
DVLT,0001682149,success,8350.0,data\facts\0001682149.parquet,,,2026-07-20T14:41:55,2026-07-20T14:41:56,0.71
DVN,0001090012,success,32864.0,data\facts\0001090012.parquet,,,2026-07-20T14:41:56,2026-07-20T14:41:57,1.179
DWAY,0001394638,success,13793.0,data\facts\0001394638.parquet,,,2026-07-20T14:41:57,2026-07-20T14:41:58,0.8
DWNX,0000927719,failed,,,ValueError,Company Facts에서 facts 데이터를 찾지 못했습니다.,2026-07-20T14:41:58,2026-07-20T14:41:59,0.591
DWSN,0000799165,success,16002.0,data\facts\0000799165.parquet,,,2026-07-20T14:41:59,2026-07-20T14:42:00,0.924
DWTX,0001818844,success,3714.0,data\facts\0001818844.parquet,,,2026-07-20T14:42:00,2026-07-20T14:42:01,0.548
DX,0000826675,success,18996.0,data\facts\0000826675.parquet,,,2026-07-20T14:42:01,2026-07-20T14:42:02,0.927
DXC,0001688568,success,20110.0,data\facts\0001688568.parquet,,,2026-07-20T14:42:02,2026-07-20T14:42:03,0.715
DXCM,0001093557,success,20007.0,data\facts\0001093557.parquet,,,2026-07-20T14:42:03,2026-07-20T14:42:04,0.849
DXF,0001499494,success,2147.0,data\facts\0001499494.parquet,,,2026-07-20T14:42:04,2026-07-20T14:42:05,0.722
DXLG,0000813298,success,15736.0,data\facts\0000813298.parquet,,,2026-07-20T14:42:05,2026-07-20T14:42:06,0.91
DXPE,0001020710,success,20136.0,data\facts\0001020710.parquet,,,2026-07-20T14:42:06,2026-07-20T14:42:07,0.875
DXR,0000027367,success,621.0,data\facts\0000027367.parquet,,,2026-07-20T14:42:07,2026-07-20T14:42:08,0.829
DXST,0001958133,success,1031.0,data\facts\0001958133.parquet,,,2026-07-20T14:42:08,2026-07-20T14:42:09,0.578
DXYN,0000029332,success,28235.0,data\facts\0000029332.parquet,,,2026-07-20T14:42:09,2026-07-20T14:42:10,1.141
DXYZ,0001843974,success,23.0,data\facts\0001843974.parquet,,,2026-07-20T14:42:11,2026-07-20T14:42:11,0.533
DY,0000067215,success,23258.0,data\facts\0000067215.parquet,,,2026-07-20T14:42:11,2026-07-20T14:42:12,0.966
DYAI,0001213809,success,7060.0,data\facts\0001213809.parquet,,,2026-07-20T14:42:13,2026-07-20T14:42:14,0.978
DYBTY,0002085208,failed,,,HTTPError,404 Client Error: Not Found for url: https://data.sec.gov/api/xbrl/companyfacts/CIK0002085208.json,2026-07-20T14:42:14,2026-07-20T14:42:15,1.012
DYN,0001818794,success,5210.0,data\facts\0001818794.parquet,,,2026-07-20T14:42:15,2026-07-20T14:42:16,0.984
DYNC,0002028699,success,488.0,data\facts\0002028699.parquet,,,2026-07-20T14:42:16,2026-07-20T14:42:17,1.009
DYNR,0001111741,success,16085.0,data\facts\0001111741.parquet,,,2026-07-20T14:42:18,2026-07-20T14:42:19,1.201
DYOR,0002079292,success,128.0,data\facts\0002079292.parquet,,,2026-07-20T14:42:19,2026-07-20T14:42:20,0.966
E,0001002242,success,6593.0,data\facts\0001002242.parquet,,,2026-07-20T14:42:20,2026-07-20T14:42:21,0.999
EA,0000712515,success,24734.0,data\facts\0000712515.parquet,,,2026-07-20T14:42:21,2026-07-20T14:42:23,1.401
EACO,0000784539,success,12793.0,data\facts\0000784539.parquet,,,2026-07-20T14:42:23,2026-07-20T14:42:24,1.373
EAD,0001210123,failed,,,HTTPError,404 Client Error: Not Found for url: https://data.sec.gov/api/xbrl/companyfacts/CIK0001210123.json,2026-07-20T14:42:25,2026-07-20T14:42:26,1.026
EAF,0000931148,success,23504.0,data\facts\0000931148.parquet,,,2026-07-20T14:42:26,2026-07-20T14:42:27,1.448
EAI,0000007323,failed,,,HTTPError,404 Client Error: Not Found for url: https://data.sec.gov/api/xbrl/companyfacts/CIK0000007323.json,2026-07-20T14:42:28,2026-07-20T14:42:28,0.653
EARN,0001560672,success,10906.0,data\facts\0001560672.parquet,,,2026-07-20T14:42:29,2026-07-20T14:42:29,0.683
EAT,0000703351,success,23545.0,data\facts\0000703351.parquet,,,2026-07-20T14:42:30,2026-07-20T14:42:30,0.877
EAXR,0000832370,success,4.0,data\facts\0000832370.parquet,,,2026-07-20T14:42:31,2026-07-20T14:42:31,0.642
EBAY,0001065088,success,26824.0,data\facts\0001065088.parquet,,,2026-07-20T14:42:31,2026-07-20T14:42:33,1.193
EBC,0001810546,success,16747.0,data\facts\0001810546.parquet,,,2026-07-20T14:42:33,2026-07-20T14:42:34,0.823
EBCRY,0001969796,failed,,,HTTPError,404 Client Error: Not Found for url: https://data.sec.gov/api/xbrl/companyfacts/CIK0001969796.json,2026-07-20T14:42:34,2026-07-20T14:42:35,1.147
EBF,0000033002,success,21985.0,data\facts\0000033002.parquet,,,2026-07-20T14:42:35,2026-07-20T14:42:37,1.568
EBGCY,0002123531,failed,,,HTTPError,404 Client Error: Not Found for url: https://data.sec.gov/api/xbrl/companyfacts/CIK0002123531.json,2026-07-20T14:42:37,2026-07-20T14:42:38,0.785
EBMT,0001478454,success,28015.0,data\facts\0001478454.parquet,,,2026-07-20T14:42:38,2026-07-20T14:42:40,1.592
EBON,0001799290,success,2969.0,data\facts\0001799290.parquet,,,2026-07-20T14:42:40,2026-07-20T14:42:41,1.149
EBOSY,0001533082,failed,,,HTTPError,404 Client Error: Not Found for url: https://data.sec.gov/api/xbrl/companyfacts/CIK0001533082.json,2026-07-20T14:42:41,2026-07-20T14:42:42,0.802
EBRCZ,0001347123,success,2329.0,data\facts\0001347123.parquet,,,2026-07-20T14:42:43,2026-07-20T14:42:44,1.23
EBS,0001367644,success,21595.0,data\facts\0001367644.parquet,,,2026-07-20T14:42:44,2026-07-20T14:42:46,1.626
EBZT,0001730869,success,4457.0,data\facts\0001730869.parquet,,,2026-07-20T14:42:46,2026-07-20T14:42:47,1.292
EC,0001444406,success,6379.0,data\facts\0001444406.parquet,,,2026-07-20T14:42:47,2026-07-20T14:42:49,1.212
ECAT,0001864843,failed,,,ValueError,Company Facts에서 facts 데이터를 찾지 못했습니다.,2026-07-20T14:42:49,2026-07-20T14:42:50,0.99
ECBK,0001914605,success,7665.0,data\facts\0001914605.parquet,,,2026-07-20T14:42:50,2026-07-20T14:42:52,1.375
ECC,0001604174,failed,,,ValueError,Company Facts에서 facts 데이터를 찾지 못했습니다.,2026-07-20T14:42:52,2026-07-20T14:42:53,1.021
ECF,0000793040,failed,,,HTTPError,404 Client Error: Not Found for url: https://data.sec.gov/api/xbrl/companyfacts/CIK0000793040.json,2026-07-20T14:42:53,2026-07-20T14:42:54,0.981
ECG,0002015845,success,2647.0,data\facts\0002015845.parquet,,,2026-07-20T14:42:54,2026-07-20T14:42:55,1.065
ECHO,0001415404,success,27428.0,data\facts\0001415404.parquet,,,2026-07-20T14:42:56,2026-07-20T14:42:57,1.688
ECIA,0000930775,success,12424.0,data\facts\0000930775.parquet,,,2026-07-20T14:42:58,2026-07-20T14:42:59,1.115
ECL,0000031462,success,29509.0,data\facts\0000031462.parquet,,,2026-07-20T14:42:59,2026-07-20T14:43:01,1.894
ECO,0001964954,success,1162.0,data\facts\0001964954.parquet,,,2026-07-20T14:43:01,2026-07-20T14:43:02,1.048
ECOR,0001560258,success,8381.0,data\facts\0001560258.parquet,,,2026-07-20T14:43:02,2026-07-20T14:43:04,1.142
ECPG,0001084961,success,24326.0,data\facts\0001084961.parquet,,,2026-07-20T14:43:04,2026-07-20T14:43:05,1.423
ECPL,0001356914,failed,,,HTTPError,404 Client Error: Not Found for url: https://data.sec.gov/api/xbrl/companyfacts/CIK0001356914.json,2026-07-20T14:43:06,2026-07-20T14:43:07,0.989
ECTM,0001487798,failed,,,HTTPError,404 Client Error: Not Found for url: https://data.sec.gov/api/xbrl/companyfacts/CIK0001487798.json,2026-07-20T14:43:07,2026-07-20T14:43:08,0.891
ECVT,0001708035,success,15967.0,data\facts\0001708035.parquet,,,2026-07-20T14:43:08,2026-07-20T14:43:09,1.32
ECX,0001861974,success,3202.0,data\facts\0001861974.parquet,,,2026-07-20T14:43:10,2026-07-20T14:43:11,1.08
ECXJ,0001823635,success,5769.0,data\facts\0001823635.parquet,,,2026-07-20T14:43:11,2026-07-20T14:43:12,1.107
ED,0001047862,success,27529.0,data\facts\0001047862.parquet,,,2026-07-20T14:43:12,2026-07-20T14:43:14,1.624
EDBL,0001809750,success,3971.0,data\facts\0001809750.parquet,,,2026-07-20T14:43:14,2026-07-20T14:43:15,1.107
EDD,0001388141,failed,,,HTTPError,404 Client Error: Not Found for url: https://data.sec.gov/api/xbrl/companyfacts/CIK0001388141.json,2026-07-20T14:43:15,2026-07-20T14:43:16,0.81
EDF,0001501103,failed,,,ValueError,Company Facts에서 facts 데이터를 찾지 못했습니다.,2026-07-20T14:43:17,2026-07-20T14:43:17,0.887
EDGM,0001652958,success,6131.0,data\facts\0001652958.parquet,,,2026-07-20T14:43:18,2026-07-20T14:43:19,1.125
EDHL,0002024876,success,557.0,data\facts\0002024876.parquet,,,2026-07-20T14:43:19,2026-07-20T14:43:20,0.916
EDIT,0001650664,success,10122.0,data\facts\0001650664.parquet,,,2026-07-20T14:43:20,2026-07-20T14:43:21,1.268
EDN,0001395213,success,2822.0,data\facts\0001395213.parquet,,,2026-07-20T14:43:22,2026-07-20T14:43:23,1.081
EDPFY,0001039610,failed,,,HTTPError,404 Client Error: Not Found for url: https://data.sec.gov/api/xbrl/companyfacts/CIK0001039610.json,2026-07-20T14:43:23,2026-07-20T14:43:24,0.862
EDRVY,0001516534,failed,,,HTTPError,404 Client Error: Not Found for url: https://data.sec.gov/api/xbrl/companyfacts/CIK0001516534.json,2026-07-20T14:43:24,2026-07-20T14:43:25,0.959
EDRY,0001731388,success,3279.0,data\facts\0001731388.parquet,,,2026-07-20T14:43:25,2026-07-20T14:43:26,1.1
EDSA,0001540159,success,9954.0,data\facts\0001540159.parquet,,,2026-07-20T14:43:27,2026-07-20T14:43:28,1.398
EDTK,0001782309,success,4071.0,data\facts\0001782309.parquet,,,2026-07-20T14:43:28,2026-07-20T14:43:29,1.071
EDU,0001372920,success,7410.0,data\facts\0001372920.parquet,,,2026-07-20T14:43:30,2026-07-20T14:43:31,1.165
EDUC,0000031667,success,15371.0,data\facts\0000031667.parquet,,,2026-07-20T14:43:31,2026-07-20T14:43:32,1.28
EDVR,0001917599,failed,,,HTTPError,404 Client Error: Not Found for url: https://data.sec.gov/api/xbrl/companyfacts/CIK0001917599.json,2026-07-20T14:43:33,2026-07-20T14:43:34,1.016
EE,0001888447,success,6881.0,data\facts\0001888447.parquet,,,2026-07-20T14:43:34,2026-07-20T14:43:35,1.175
EEA,0000791718,failed,,,HTTPError,404 Client Error: Not Found for url: https://data.sec.gov/api/xbrl/companyfacts/CIK0000791718.json,2026-07-20T14:43:35,2026-07-20T14:43:36,0.937
EEFT,0001029199,success,25265.0,data\facts\0001029199.parquet,,,2026-07-20T14:43:37,2026-07-20T14:43:38,1.603
EEGI,0001043150,success,1557.0,data\facts\0001043150.parquet,,,2026-07-20T14:43:38,2026-07-20T14:43:39,1.071
EEIQ,0001781397,success,1822.0,data\facts\0001781397.parquet,,,2026-07-20T14:43:40,2026-07-20T14:43:41,0.868
EESH,0001138867,success,506.0,data\facts\0001138867.parquet,,,2026-07-20T14:43:41,2026-07-20T14:43:42,1.05
EEX,0001579214,success,12526.0,data\facts\0001579214.parquet,,,2026-07-20T14:43:42,2026-07-20T14:43:43,1.211
EFC,0001411342,success,20878.0,data\facts\0001411342.parquet,,,2026-07-20T14:43:44,2026-07-20T14:43:45,1.374
EFGH,0002104943,success,5.0,data\facts\0002104943.parquet,,,2026-07-20T14:43:45,2026-07-20T14:43:46,0.982
EFOI,0000924168,success,19854.0,data\facts\0000924168.parquet,,,2026-07-20T14:43:47,2026-07-20T14:43:48,1.728
EFOR,0000890564,success,21362.0,data\facts\0000890564.parquet,,,2026-07-20T14:43:49,2026-07-20T14:43:50,1.26
EFR,0001258623,success,10.0,data\facts\0001258623.parquet,,,2026-07-20T14:43:50,2026-07-20T14:43:51,0.913
EFSC,0001025835,success,29751.0,data\facts\0001025835.parquet,,,2026-07-20T14:43:51,2026-07-20T14:43:54,3.156
EFSI,0000880641,success,30154.0,data\facts\0000880641.parquet,,,2026-07-20T14:43:55,2026-07-20T14:43:56,1.506
EFT,0001288992,failed,,,ValueError,Company Facts에서 facts 데이터를 찾지 못했습니다.,2026-07-20T14:43:56,2026-07-20T14:43:57,0.937
EFTY,0002058349,success,234.0,data\facts\0002058349.parquet,,,2026-07-20T14:43:58,2026-07-20T14:43:59,0.987
EFX,0000033185,success,24291.0,data\facts\0000033185.parquet,,,2026-07-20T14:43:59,2026-07-20T14:44:00,1.416
EFXT,0001904856,success,1518.0,data\facts\0001904856.parquet,,,2026-07-20T14:44:00,2026-07-20T14:44:01,0.823
EG,0001095073,success,30482.0,data\facts\0001095073.parquet,,,2026-07-20T14:44:02,2026-07-20T14:44:03,1.721
EGAN,0001066194,success,17690.0,data\facts\0001066194.parquet,,,2026-07-20T14:44:04,2026-07-20T14:44:05,1.452
EGBN,0001050441,success,35159.0,data\facts\0001050441.parquet,,,2026-07-20T14:44:05,2026-07-20T14:44:07,1.889
EGG,0001982961,success,275.0,data\facts\0001982961.parquet,,,2026-07-20T14:44:07,2026-07-20T14:44:08,0.835
EGHA,0002052547,success,290.0,data\facts\0002052547.parquet,,,2026-07-20T14:44:08,2026-07-20T14:44:09,1.058
EGHT,0001023731,success,22649.0,data\facts\0001023731.parquet,,,2026-07-20T14:44:10,2026-07-20T14:44:11,1.545
EGLXF,0001854233,success,690.0,data\facts\0001854233.parquet,,,2026-07-20T14:44:12,2026-07-20T14:44:13,1.048
EGMCF,0001199392,success,134.0,data\facts\0001199392.parquet,,,2026-07-20T14:44:13,2026-07-20T14:44:14,1.062
EGO,0000918608,success,2973.0,data\facts\0000918608.parquet,,,2026-07-20T14:44:14,2026-07-20T14:44:15,0.902
EGP,0000049600,success,19971.0,data\facts\0000049600.parquet,,,2026-07-20T14:44:15,2026-07-20T14:44:17,2.171
EGTYF,0001629632,failed,,,HTTPError,404 Client Error: Not Found for url: https://data.sec.gov/api/xbrl/companyfacts/CIK0001629632.json,2026-07-20T14:44:18,2026-07-20T14:44:19,0.975
EGY,0000894627,success,20894.0,data\facts\0000894627.parquet,,,2026-07-20T14:44:19,2026-07-20T14:44:20,1.5
EH,0001759783,success,4514.0,data\facts\0001759783.parquet,,,2026-07-20T14:44:21,2026-07-20T14:44:22,1.091
EHC,0000785161,success,29804.0,data\facts\0000785161.parquet,,,2026-07-20T14:44:22,2026-07-20T14:44:24,1.826
EHGO,0001879754,success,3212.0,data\facts\0001879754.parquet,,,2026-07-20T14:44:24,2026-07-20T14:44:25,0.981
EHI,0001228509,failed,,,ValueError,Company Facts에서 facts 데이터를 찾지 못했습니다.,2026-07-20T14:44:25,2026-07-20T14:44:26,0.919
EHLD,0002032779,success,381.0,data\facts\0002032779.parquet,,,2026-07-20T14:44:27,2026-07-20T14:44:27,0.724
EHSI,0001089815,success,10383.0,data\facts\0001089815.parquet,,,2026-07-20T14:44:27,2026-07-20T14:44:29,1.277
EHTH,0001333493,success,19230.0,data\facts\0001333493.parquet,,,2026-07-20T14:44:29,2026-07-20T14:44:30,1.359
EHVVF,0001653606,success,1654.0,data\facts\0001653606.parquet,,,2026-07-20T14:44:31,2026-07-20T14:44:32,0.994
EIC,0001754836,failed,,,ValueError,Company Facts에서 facts 데이터를 찾지 못했습니다.,2026-07-20T14:44:32,2026-07-20T14:44:33,1.034
EIG,0001379041,success,28620.0,data\facts\0001379041.parquet,,,2026-07-20T14:44:33,2026-07-20T14:44:35,1.683
EIIA,0001896036,success,33.0,data\facts\0001896036.parquet,,,2026-07-20T14:44:35,2026-07-20T14:44:36,0.997
EIKN,0001861123,success,198.0,data\facts\0001861123.parquet,,,2026-07-20T14:44:36,2026-07-20T14:44:37,1.058
EIM,0001176984,failed,,,ValueError,Company Facts에서 facts 데이터를 찾지 못했습니다.,2026-07-20T14:44:38,2026-07-20T14:44:39,0.949
EIX,0000827052,success,26702.0,data\facts\0000827052.parquet,,,2026-07-20T14:44:39,2026-07-20T14:44:40,1.537
EJH,0001769768,success,3649.0,data\facts\0001769768.parquet,,,2026-07-20T14:44:41,2026-07-20T14:44:42,1.139
EL,0001001250,success,25012.0,data\facts\0001001250.parquet,,,2026-07-20T14:44:42,2026-07-20T14:44:43,1.263
ELA,0000701719,success,13635.0,data\facts\0000701719.parquet,,,2026-07-20T14:44:44,2026-07-20T14:44:45,1.369
ELAB,0001840563,success,3191.0,data\facts\0001840563.parquet,,,2026-07-20T14:44:45,2026-07-20T14:44:46,1.093
ELAN,0001739104,success,10139.0,data\facts\0001739104.parquet,,,2026-07-20T14:44:47,2026-07-20T14:44:48,1.184
ELBM,0001907184,success,1980.0,data\facts\0001907184.parquet,,,2026-07-20T14:44:48,2026-07-20T14:44:49,1.029
ELC,0001348952,failed,,,ValueError,Company Facts에서 facts 데이터를 찾지 못했습니다.,2026-07-20T14:44:49,2026-07-20T14:44:50,0.889
ELDN,0001404281,success,9179.0,data\facts\0001404281.parquet,,,2026-07-20T14:44:50,2026-07-20T14:44:52,1.179
ELE,0002086771,success,262.0,data\facts\0002086771.parquet,,,2026-07-20T14:44:52,2026-07-20T14:44:53,0.978
ELECF,0001817083,failed,,,HTTPError,404 Client Error: Not Found for url: https://data.sec.gov/api/xbrl/companyfacts/CIK0001817083.json,2026-07-20T14:44:53,2026-07-20T14:44:54,0.855
ELF,0001600033,success,14485.0,data\facts\0001600033.parquet,,,2026-07-20T14:44:54,2026-07-20T14:44:56,1.347
ELFTY,0002073615,failed,,,HTTPError,404 Client Error: Not Found for url: https://data.sec.gov/api/xbrl/companyfacts/CIK0002073615.json,2026-07-20T14:44:56,2026-07-20T14:44:57,0.847
ELLO,0000946394,success,6667.0,data\facts\0000946394.parquet,,,2026-07-20T14:44:57,2026-07-20T14:44:58,1.225
ELMD,0001488917,success,12523.0,data\facts\0001488917.parquet,,,2026-07-20T14:44:58,2026-07-20T14:45:00,1.137
ELME,0000104894,success,20545.0,data\facts\0000104894.parquet,,,2026-07-20T14:45:00,2026-07-20T14:45:01,1.436
ELMT,0002101698,success,385.0,data\facts\0002101698.parquet,,,2026-07-20T14:45:01,2026-07-20T14:45:03,1.064
ELOG,0002013320,failed,,,HTTPError,404 Client Error: Not Found for url: https://data.sec.gov/api/xbrl/companyfacts/CIK0002013320.json,2026-07-20T14:45:03,2026-07-20T14:45:04,0.799
ELOX,0001035354,success,13462.0,data\facts\0001035354.parquet,,,2026-07-20T14:45:04,2026-07-20T14:45:05,1.295
ELPC,0001041792,success,4148.0,data\facts\0001041792.parquet,,,2026-07-20T14:45:05,2026-07-20T14:45:06,1.023
ELPW,0002015691,success,1100.0,data\facts\0002015691.parquet,,,2026-07-20T14:45:07,2026-07-20T14:45:08,0.94
ELRE,0001438461,success,5690.0,data\facts\0001438461.parquet,,,2026-07-20T14:45:08,2026-07-20T14:45:09,0.923
ELS,0000895417,success,26627.0,data\facts\0000895417.parquet,,,2026-07-20T14:45:09,2026-07-20T14:45:11,1.541
ELSE,0000351789,success,13422.0,data\facts\0000351789.parquet,,,2026-07-20T14:45:11,2026-07-20T14:45:12,1.292
ELSSF,0002127861,failed,,,HTTPError,404 Client Error: Not Found for url: https://data.sec.gov/api/xbrl/companyfacts/CIK0002127861.json,2026-07-20T14:45:12,2026-07-20T14:45:13,0.765
ELTK,0001024672,success,7151.0,data\facts\0001024672.parquet,,,2026-07-20T14:45:13,2026-07-20T14:45:14,1.178
ELTP,0001053369,success,16788.0,data\facts\0001053369.parquet,,,2026-07-20T14:45:15,2026-07-20T14:45:16,1.243
ELTX,0001601485,success,6014.0,data\facts\0001601485.parquet,,,2026-07-20T14:45:16,2026-07-20T14:45:17,1.001
ELUT,0001708527,success,5682.0,data\facts\0001708527.parquet,,,2026-07-20T14:45:18,2026-07-20T14:45:19,1.245
ELV,0001156039,success,40102.0,data\facts\0001156039.parquet,,,2026-07-20T14:45:19,2026-07-20T14:45:21,1.721
ELVA,0001844450,success,627.0,data\facts\0001844450.parquet,,,2026-07-20T14:45:21,2026-07-20T14:45:22,1.021
ELVG,0001741489,success,5035.0,data\facts\0001741489.parquet,,,2026-07-20T14:45:22,2026-07-20T14:45:23,1.154
ELVN,0001672619,success,6015.0,data\facts\0001672619.parquet,,,2026-07-20T14:45:24,2026-07-20T14:45:25,1.373
ELVR,0001739016,success,461.0,data\facts\0001739016.parquet,,,2026-07-20T14:45:25,2026-07-20T14:45:26,0.95
ELWT,0002063863,success,1516.0,data\facts\0002063863.parquet,,,2026-07-20T14:45:27,2026-07-20T14:45:28,0.968
EMA,0001127248,success,6257.0,data\facts\0001127248.parquet,,,2026-07-20T14:45:28,2026-07-20T14:45:29,1.23
EMAT,0001866226,success,2728.0,data\facts\0001866226.parquet,,,2026-07-20T14:45:29,2026-07-20T14:45:30,1.206
EMBC,0001872789,success,5772.0,data\facts\0001872789.parquet,,,2026-07-20T14:45:31,2026-07-20T14:45:32,1.171
EMBJ,0001355444,success,4208.0,data\facts\0001355444.parquet,,,2026-07-20T14:45:32,2026-07-20T14:45:33,1.274
EMBYF,0001487615,failed,,,HTTPError,404 Client Error: Not Found for url: https://data.sec.gov/api/xbrl/companyfacts/CIK0001487615.json,2026-07-20T14:45:34,2026-07-20T14:45:34,0.835
EMCGF,0001869601,success,1597.0,data\facts\0001869601.parquet,,,2026-07-20T14:45:35,2026-07-20T14:45:36,1.123
EMD,0001227862,success,5.0,data\facts\0001227862.parquet,,,2026-07-20T14:45:36,2026-07-20T14:45:37,1.059
EME,0000105634,success,24251.0,data\facts\0000105634.parquet,,,2026-07-20T14:45:37,2026-07-20T14:45:39,1.542
EMED,0001715819,success,4461.0,data\facts\0001715819.parquet,,,2026-07-20T14:45:39,2026-07-20T14:45:40,1.076
EMF,0000809708,failed,,,HTTPError,404 Client Error: Not Found for url: https://data.sec.gov/api/xbrl/companyfacts/CIK0000809708.json,2026-07-20T14:45:41,2026-07-20T14:45:42,1.027
EMGDF,0001790607,failed,,,HTTPError,404 Client Error: Not Found for url: https://data.sec.gov/api/xbrl/companyfacts/CIK0001790607.json,2026-07-20T14:45:42,2026-07-20T14:45:43,0.869
EMI,0001838003,success,5.0,data\facts\0001838003.parquet,,,2026-07-20T14:45:43,2026-07-20T14:45:44,1.023
EMIS,0002075816,success,181.0,data\facts\0002075816.parquet,,,2026-07-20T14:45:44,2026-07-20T14:45:45,0.984
EML,0000031107,success,17176.0,data\facts\0000031107.parquet,,,2026-07-20T14:45:46,2026-07-20T14:45:47,1.288
EMMA,0000822370,success,16720.0,data\facts\0000822370.parquet,,,2026-07-20T14:45:47,2026-07-20T14:45:49,1.415
EMN,0000915389,success,29051.0,data\facts\0000915389.parquet,,,2026-07-20T14:45:49,2026-07-20T14:45:50,1.634
EMO,0001517518,failed,,,HTTPError,404 Client Error: Not Found for url: https://data.sec.gov/api/xbrl/companyfacts/CIK0001517518.json,2026-07-20T14:45:51,2026-07-20T14:45:52,0.895
EMP,0000066901,failed,,,ValueError,Company Facts에서 facts 데이터를 찾지 못했습니다.,2026-07-20T14:45:52,2026-07-20T14:45:53,0.844
EMPD,0001829794,success,6073.0,data\facts\0001829794.parquet,,,2026-07-20T14:45:53,2026-07-20T14:45:54,1.196
EMPG,0002005569,failed,,,ValueError,Company Facts에서 facts 데이터를 찾지 못했습니다.,2026-07-20T14:45:54,2026-07-20T14:45:55,0.852
EMR,0000032604,success,24208.0,data\facts\0000032604.parquet,,,2026-07-20T14:45:55,2026-07-20T14:45:57,1.445
EMRH,0001300306,failed,,,HTTPError,404 Client Error: Not Found for url: https://data.sec.gov/api/xbrl/companyfacts/CIK0001300306.json,2026-07-20T14:45:57,2026-07-20T14:45:58,0.917
EMYB,0001449794,success,24179.0,data\facts\0001449794.parquet,,,2026-07-20T14:45:58,2026-07-20T14:46:00,1.447
ENB,0000895728,success,20872.0,data\facts\0000895728.parquet,,,2026-07-20T14:46:00,2026-07-20T14:46:01,1.233
ENBP,0001437479,success,27389.0,data\facts\0001437479.parquet,,,2026-07-20T14:46:02,2026-07-20T14:46:03,1.597
ENDI,0001908984,success,1760.0,data\facts\0001908984.parquet,,,2026-07-20T14:46:03,2026-07-20T14:46:04,1.031
ENDMF,0001524326,failed,,,HTTPError,404 Client Error: Not Found for url: https://data.sec.gov/api/xbrl/companyfacts/CIK0001524326.json,2026-07-20T14:46:05,2026-07-20T14:46:05,0.74
ENDV,0001528172,success,8257.0,data\facts\0001528172.parquet,,,2026-07-20T14:46:06,2026-07-20T14:46:07,1.208
ENGN,0001980845,success,2927.0,data\facts\0001980845.parquet,,,2026-07-20T14:46:07,2026-07-20T14:46:08,0.86
ENGS,0001971828,success,487.0,data\facts\0001971828.parquet,,,2026-07-20T14:46:08,2026-07-20T14:46:09,0.966
ENHA,0001956439,success,787.0,data\facts\0001956439.parquet,,,2026-07-20T14:46:09,2026-07-20T14:46:10,0.686
ENIC,0001659939,success,5347.0,data\facts\0001659939.parquet,,,2026-07-20T14:46:10,2026-07-20T14:46:11,0.814
ENJ,0000071508,failed,,,HTTPError,404 Client Error: Not Found for url: https://data.sec.gov/api/xbrl/companyfacts/CIK0000071508.json,2026-07-20T14:46:11,2026-07-20T14:46:12,0.498
ENLT,0001922641,success,2097.0,data\facts\0001922641.parquet,,,2026-07-20T14:46:12,2026-07-20T14:46:13,0.656
ENLV,0001596812,success,4937.0,data\facts\0001596812.parquet,,,2026-07-20T14:46:13,2026-07-20T14:46:14,0.747
ENOV,0001420800,success,25801.0,data\facts\0001420800.parquet,,,2026-07-20T14:46:14,2026-07-20T14:46:15,0.903
ENPH,0001463101,success,20630.0,data\facts\0001463101.parquet,,,2026-07-20T14:46:15,2026-07-20T14:46:16,0.796
ENR,0001632790,success,18164.0,data\facts\0001632790.parquet,,,2026-07-20T14:46:16,2026-07-20T14:46:17,0.934
ENRD,0002095096,success,10.0,data\facts\0002095096.parquet,,,2026-07-20T14:46:17,2026-07-20T14:46:18,0.573
ENRT,0001346022,success,12253.0,data\facts\0001346022.parquet,,,2026-07-20T14:46:18,2026-07-20T14:46:19,0.856
ENS,0001289308,success,26843.0,data\facts\0001289308.parquet,,,2026-07-20T14:46:19,2026-07-20T14:46:20,0.966
ENSC,0001716947,success,6905.0,data\facts\0001716947.parquet,,,2026-07-20T14:46:20,2026-07-20T14:46:21,0.634
ENSG,0001125376,success,25394.0,data\facts\0001125376.parquet,,,2026-07-20T14:46:21,2026-07-20T14:46:22,0.845
ENT,0002028464,failed,,,ValueError,변환된 Fact Store가 비어 있습니다.,2026-07-20T14:46:22,2026-07-20T14:46:23,0.63
ENTA,0001177648,success,15117.0,data\facts\0001177648.parquet,,,2026-07-20T14:46:23,2026-07-20T14:46:24,0.956
ENTG,0001101302,success,23843.0,data\facts\0001101302.parquet,,,2026-07-20T14:46:24,2026-07-20T14:46:25,0.846
ENTX,0001638097,success,4361.0,data\facts\0001638097.parquet,,,2026-07-20T14:46:26,2026-07-20T14:46:26,0.703
ENVA,0001529864,success,15453.0,data\facts\0001529864.parquet,,,2026-07-20T14:46:26,2026-07-20T14:46:27,0.73
ENVB,0000890821,success,11211.0,data\facts\0000890821.parquet,,,2026-07-20T14:46:27,2026-07-20T14:46:28,0.805
ENVX,0001828318,success,7075.0,data\facts\0001828318.parquet,,,2026-07-20T14:46:28,2026-07-20T14:46:29,0.684
ENZN,0000727510,success,10365.0,data\facts\0000727510.parquet,,,2026-07-20T14:46:29,2026-07-20T14:46:30,0.721
EOD,0001386067,failed,,,HTTPError,404 Client Error: Not Found for url: https://data.sec.gov/api/xbrl/companyfacts/CIK0001386067.json,2026-07-20T14:46:30,2026-07-20T14:46:31,0.679
EOG,0000821189,success,23051.0,data\facts\0000821189.parquet,,,2026-07-20T14:46:31,2026-07-20T14:46:32,0.807
EOI,0001300391,success,2.0,data\facts\0001300391.parquet,,,2026-07-20T14:46:32,2026-07-20T14:46:33,0.641
EOLS,0001570562,success,10245.0,data\facts\0001570562.parquet,,,2026-07-20T14:46:33,2026-07-20T14:46:34,0.688
EONGY,0001136808,failed,,,HTTPError,404 Client Error: Not Found for url: https://data.sec.gov/api/xbrl/companyfacts/CIK0001136808.json,2026-07-20T14:46:34,2026-07-20T14:46:35,0.655
EONR,0001842556,success,3647.0,data\facts\0001842556.parquet,,,2026-07-20T14:46:35,2026-07-20T14:46:36,0.594
EOS,0001308335,failed,,,ValueError,Company Facts에서 facts 데이터를 찾지 못했습니다.,2026-07-20T14:46:36,2026-07-20T14:46:36,0.544
EOSE,0001805077,success,8559.0,data\facts\0001805077.parquet,,,2026-07-20T14:46:37,2026-07-20T14:46:37,0.739
EOT,0001454741,failed,,,ValueError,Company Facts에서 facts 데이터를 찾지 못했습니다.,2026-07-20T14:46:38,2026-07-20T14:46:38,0.544
EP,0000887396,success,9205.0,data\facts\0000887396.parquet,,,2026-07-20T14:46:38,2026-07-20T14:46:39,0.872
EPAC,0000006955,success,21633.0,data\facts\0000006955.parquet,,,2026-07-20T14:46:39,2026-07-20T14:46:40,1.068
EPAM,0001352010,success,19005.0,data\facts\0001352010.parquet,,,2026-07-20T14:46:41,2026-07-20T14:46:42,1.138
EPC,0001096752,success,25212.0,data\facts\0001096752.parquet,,,2026-07-20T14:46:42,2026-07-20T14:46:43,1.367
EPD,0001061219,success,29652.0,data\facts\0001061219.parquet,,,2026-07-20T14:46:44,2026-07-20T14:46:45,1.382
EPM,0001006655,success,16268.0,data\facts\0001006655.parquet,,,2026-07-20T14:46:45,2026-07-20T14:46:47,1.348
EPOW,0001780731,success,4883.0,data\facts\0001780731.parquet,,,2026-07-20T14:46:47,2026-07-20T14:46:48,1.027
EPR,0001045450,success,26521.0,data\facts\0001045450.parquet,,,2026-07-20T14:46:48,2026-07-20T14:46:50,1.304
EPRT,0001728951,success,12707.0,data\facts\0001728951.parquet,,,2026-07-20T14:46:50,2026-07-20T14:46:51,1.041
EPRX,0001581178,success,856.0,data\facts\0001581178.parquet,,,2026-07-20T14:46:51,2026-07-20T14:46:52,0.966
EPSM,0001883437,success,773.0,data\facts\0001883437.parquet,,,2026-07-20T14:46:52,2026-07-20T14:46:53,0.756
EPSN,0001726126,success,9169.0,data\facts\0001726126.parquet,,,2026-07-20T14:46:53,2026-07-20T14:46:54,1.059
EPWKF,0001900720,success,942.0,data\facts\0001900720.parquet,,,2026-07-20T14:46:55,2026-07-20T14:46:55,0.783
EQ,0001746466,success,6668.0,data\facts\0001746466.parquet,,,2026-07-20T14:46:56,2026-07-20T14:46:57,0.966
EQBK,0001227500,success,24613.0,data\facts\0001227500.parquet,,,2026-07-20T14:46:57,2026-07-20T14:46:58,1.33
EQH,0001333986,success,21666.0,data\facts\0001333986.parquet,,,2026-07-20T14:46:59,2026-07-20T14:47:00,1.217
EQIX,0001101239,success,31833.0,data\facts\0001101239.parquet,,,2026-07-20T14:47:00,2026-07-20T14:47:01,1.489
EQNR,0001140625,success,9167.0,data\facts\0001140625.parquet,,,2026-07-20T14:47:02,2026-07-20T14:47:03,1.108
EQPT,0001693736,success,840.0,data\facts\0001693736.parquet,,,2026-07-20T14:47:03,2026-07-20T14:47:04,0.766
EQR,0000906107,success,31657.0,data\facts\0000906107.parquet,,,2026-07-20T14:47:04,2026-07-20T14:47:06,1.511
EQS,0000878932,success,3121.0,data\facts\0000878932.parquet,,,2026-07-20T14:47:06,2026-07-20T14:47:07,0.911
EQT,0000033213,success,25929.0,data\facts\0000033213.parquet,,,2026-07-20T14:47:07,2026-07-20T14:47:08,1.148
EQTRF,0001635729,failed,,,HTTPError,404 Client Error: Not Found for url: https://data.sec.gov/api/xbrl/companyfacts/CIK0001635729.json,2026-07-20T14:47:08,2026-07-20T14:47:09,0.895
EQX,0001756607,success,2290.0,data\facts\0001756607.parquet,,,2026-07-20T14:47:10,2026-07-20T14:47:10,0.668
ERAS,0001761918,success,5083.0,data\facts\0001761918.parquet,,,2026-07-20T14:47:10,2026-07-20T14:47:12,1.084
ERC,0001227073,failed,,,HTTPError,404 Client Error: Not Found for url: https://data.sec.gov/api/xbrl/companyfacts/CIK0001227073.json,2026-07-20T14:47:12,2026-07-20T14:47:13,0.698
ERELY,0001454144,failed,,,HTTPError,404 Client Error: Not Found for url: https://data.sec.gov/api/xbrl/companyfacts/CIK0001454144.json,2026-07-20T14:47:13,2026-07-20T14:47:14,0.862
ERH,0001279014,failed,,,HTTPError,404 Client Error: Not Found for url: https://data.sec.gov/api/xbrl/companyfacts/CIK0001279014.json,2026-07-20T14:47:14,2026-07-20T14:47:15,0.819
ERIC,0000717826,success,5589.0,data\facts\0000717826.parquet,,,2026-07-20T14:47:15,2026-07-20T14:47:16,1.077
ERIE,0000922621,success,17373.0,data\facts\0000922621.parquet,,,2026-07-20T14:47:16,2026-07-20T14:47:17,1.201
ERII,0001421517,success,21512.0,data\facts\0001421517.parquet,,,2026-07-20T14:47:18,2026-07-20T14:47:19,1.189
ERLFF,0001271554,success,7968.0,data\facts\0001271554.parquet,,,2026-07-20T14:47:19,2026-07-20T14:47:20,0.934
ERNA,0000748592,success,16037.0,data\facts\0000748592.parquet,,,2026-07-20T14:47:20,2026-07-20T14:47:22,1.209
ERO,0001853860,success,1433.0,data\facts\0001853860.parquet,,,2026-07-20T14:47:22,2026-07-20T14:47:23,0.766
EROC,0002110029,success,10.0,data\facts\0002110029.parquet,,,2026-07-20T14:47:23,2026-07-20T14:47:24,0.838
EROK,0002104882,success,23.0,data\facts\0002104882.parquet,,,2026-07-20T14:47:24,2026-07-20T14:47:25,0.774
ES,0000072741,success,24831.0,data\facts\0000072741.parquet,,,2026-07-20T14:47:25,2026-07-20T14:47:26,1.478
ESAB,0001877322,success,7363.0,data\facts\0001877322.parquet,,,2026-07-20T14:47:27,2026-07-20T14:47:28,1.044
ESAUF,0001657800,failed,,,HTTPError,404 Client Error: Not Found for url: https://data.sec.gov/api/xbrl/companyfacts/CIK0001657800.json,2026-07-20T14:47:28,2026-07-20T14:47:29,0.701
ESBA,0001553079,success,16978.0,data\facts\0001553079.parquet,,,2026-07-20T14:47:29,2026-07-20T14:47:30,1.17
ESCA,0000033488,success,19513.0,data\facts\0000033488.parquet,,,2026-07-20T14:47:30,2026-07-20T14:47:32,1.182
ESE,0000866706,success,21706.0,data\facts\0000866706.parquet,,,2026-07-20T14:47:32,2026-07-20T14:47:33,1.276
ESEA,0001341170,success,8471.0,data\facts\0001341170.parquet,,,2026-07-20T14:47:33,2026-07-20T14:47:34,1.066
ESGH,0001883835,success,3102.0,data\facts\0001883835.parquet,,,2026-07-20T14:47:35,2026-07-20T14:47:36,0.972
ESI,0001590714,success,20622.0,data\facts\0001590714.parquet,,,2026-07-20T14:47:36,2026-07-20T14:47:37,1.229
ESLA,0001844417,success,2981.0,data\facts\0001844417.parquet,,,2026-07-20T14:47:37,2026-07-20T14:47:38,0.955
ESLT,0001027664,success,10825.0,data\facts\0001027664.parquet,,,2026-07-20T14:47:39,2026-07-20T14:47:40,1.083
ESMC,0000862668,success,14803.0,data\facts\0000862668.parquet,,,2026-07-20T14:47:40,2026-07-20T14:47:41,1.17
ESMR,0001995920,success,1092.0,data\facts\0001995920.parquet,,,2026-07-20T14:47:41,2026-07-20T14:47:42,0.809
ESNT,0001448893,success,17405.0,data\facts\0001448893.parquet,,,2026-07-20T14:47:42,2026-07-20T14:47:44,1.203
ESOA,0001357971,success,15848.0,data\facts\0001357971.parquet,,,2026-07-20T14:47:44,2026-07-20T14:47:45,1.19
ESP,0000033533,success,15811.0,data\facts\0000033533.parquet,,,2026-07-20T14:47:45,2026-07-20T14:47:47,1.237
ESPR,0001434868,success,12453.0,data\facts\0001434868.parquet,,,2026-07-20T14:47:47,2026-07-20T14:47:48,1.232
ESQ,0001531031,success,13662.0,data\facts\0001531031.parquet,,,2026-07-20T14:47:48,2026-07-20T14:47:49,0.72
ESRT,0001541401,success,18866.0,data\facts\0001541401.parquet,,,2026-07-20T14:47:49,2026-07-20T14:47:50,0.914
ESS,0000920522,success,23828.0,data\facts\0000920522.parquet,,,2026-07-20T14:47:50,2026-07-20T14:47:52,1.254
ESSI,0001490873,success,7652.0,data\facts\0001490873.parquet,,,2026-07-20T14:47:52,2026-07-20T14:47:53,1.165
ESTA,0001688757,success,11831.0,data\facts\0001688757.parquet,,,2026-07-20T14:47:53,2026-07-20T14:47:54,1.208
ESTC,0001707753,success,11876.0,data\facts\0001707753.parquet,,,2026-07-20T14:47:55,2026-07-20T14:47:56,1.119
ESYJY,0001470419,failed,,,HTTPError,404 Client Error: Not Found for url: https://data.sec.gov/api/xbrl/companyfacts/CIK0001470419.json,2026-07-20T14:47:56,2026-07-20T14:47:57,0.97
ET,0001276187,success,33077.0,data\facts\0001276187.parquet,,,2026-07-20T14:47:57,2026-07-20T14:47:59,1.824
ETB,0001308927,failed,,,ValueError,Company Facts에서 facts 데이터를 찾지 못했습니다.,2026-07-20T14:47:59,2026-07-20T14:48:00,0.956
ETCG,0001705181,success,1992.0,data\facts\0001705181.parquet,,,2026-07-20T14:48:01,2026-07-20T14:48:02,1.111
ETD,0000896156,success,20451.0,data\facts\0000896156.parquet,,,2026-07-20T14:48:02,2026-07-20T14:48:04,1.567
ETG,0001270523,failed,,,ValueError,Company Facts에서 facts 데이터를 찾지 못했습니다.,2026-07-20T14:48:04,2026-07-20T14:48:05,0.932
ETH,0002020455,success,656.0,data\facts\0002020455.parquet,,,2026-07-20T14:48:05,2026-07-20T14:48:06,1.001
ETHA,0002000638,success,664.0,data\facts\0002000638.parquet,,,2026-07-20T14:48:06,2026-07-20T14:48:07,1.076
ETHB,0002099103,success,58.0,data\facts\0002099103.parquet,,,2026-07-20T14:48:08,2026-07-20T14:48:08,0.837
ETHE,0001725210,success,2595.0,data\facts\0001725210.parquet,,,2026-07-20T14:48:09,2026-07-20T14:48:10,1.094
ETHV,0001860788,success,549.0,data\facts\0001860788.parquet,,,2026-07-20T14:48:10,2026-07-20T14:48:11,0.772
ETHW,0002013744,success,619.0,data\facts\0002013744.parquet,,,2026-07-20T14:48:11,2026-07-20T14:48:12,1.03
ETI-P,0001427437,success,36.0,data\facts\0001427437.parquet,,,2026-07-20T14:48:12,2026-07-20T14:48:13,0.846
ETJ,0001395325,failed,,,ValueError,Company Facts에서 facts 데이터를 찾지 못했습니다.,2026-07-20T14:48:13,2026-07-20T14:48:14,0.944
ETN,0001551182,success,19190.0,data\facts\0001551182.parquet,,,2026-07-20T14:48:15,2026-07-20T14:48:16,1.222
ETO,0001281926,failed,,,ValueError,Company Facts에서 facts 데이터를 찾지 못했습니다.,2026-07-20T14:48:16,2026-07-20T14:48:17,0.956
ETON,0001710340,success,7369.0,data\facts\0001710340.parquet,,,2026-07-20T14:48:17,2026-07-20T14:48:18,1.178
ETOR,0001493318,success,321.0,data\facts\0001493318.parquet,,,2026-07-20T14:48:19,2026-07-20T14:48:20,0.874
ETR,0000065984,success,32324.0,data\facts\0000065984.parquet,,,2026-07-20T14:48:20,2026-07-20T14:48:21,1.617
ETS,0002053641,success,851.0,data\facts\0002053641.parquet,,,2026-07-20T14:48:22,2026-07-20T14:48:23,0.933
ETSS,0002085932,success,53.0,data\facts\0002085932.parquet,,,2026-07-20T14:48:23,2026-07-20T14:48:24,0.818
ETST,0001538495,success,9847.0,data\facts\0001538495.parquet,,,2026-07-20T14:48:24,2026-07-20T14:48:25,1.32
ETSY,0001370637,success,16520.0,data\facts\0001370637.parquet,,,2026-07-20T14:48:26,2026-07-20T14:48:27,1.269
ETUGF,0001877430,failed,,,HTTPError,404 Client Error: Not Found for url: https://data.sec.gov/api/xbrl/companyfacts/CIK0001877430.json,2026-07-20T14:48:27,2026-07-20T14:48:28,0.855
ETV,0001322436,failed,,,ValueError,Company Facts에서 facts 데이터를 찾지 못했습니다.,2026-07-20T14:48:28,2026-07-20T14:48:29,0.759
ETW,0001322435,failed,,,ValueError,Company Facts에서 facts 데이터를 찾지 못했습니다.,2026-07-20T14:48:29,2026-07-20T14:48:30,0.903
ETX,0001563696,failed,,,ValueError,Company Facts에서 facts 데이터를 찾지 못했습니다.,2026-07-20T14:48:30,2026-07-20T14:48:31,0.845
ETY,0001340736,success,1.0,data\facts\0001340736.parquet,,,2026-07-20T14:48:32,2026-07-20T14:48:32,0.962
EU,0001500881,success,2884.0,data\facts\0001500881.parquet,,,2026-07-20T14:48:33,2026-07-20T14:48:34,0.927
EUBG,0001171326,success,4027.0,data\facts\0001171326.parquet,,,2026-07-20T14:48:34,2026-07-20T14:48:35,0.909
EUDA,0001847846,success,3355.0,data\facts\0001847846.parquet,,,2026-07-20T14:48:35,2026-07-20T14:48:36,1.076
EUEMF,0001993599,failed,,,HTTPError,404 Client Error: Not Found for url: https://data.sec.gov/api/xbrl/companyfacts/CIK0001993599.json,2026-07-20T14:48:36,2026-07-20T14:48:37,0.791
EULLY,0002127859,failed,,,HTTPError,404 Client Error: Not Found for url: https://data.sec.gov/api/xbrl/companyfacts/CIK0002127859.json,2026-07-20T14:48:37,2026-07-20T14:48:38,1.008
EURBF,0002106126,failed,,,HTTPError,404 Client Error: Not Found for url: https://data.sec.gov/api/xbrl/companyfacts/CIK0002106126.json,2026-07-20T14:48:39,2026-07-20T14:48:40,0.832
EURK,0002000410,success,892.0,data\facts\0002000410.parquet,,,2026-07-20T14:48:40,2026-07-20T14:48:41,1.072
EVAC,0002042902,success,252.0,data\facts\0002042902.parquet,,,2026-07-20T14:48:41,2026-07-20T14:48:42,0.825
EVAX,0001828253,success,3186.0,data\facts\0001828253.parquet,,,2026-07-20T14:48:42,2026-07-20T14:48:43,1.047
EVC,0001109116,success,17061.0,data\facts\0001109116.parquet,,,2026-07-20T14:48:43,2026-07-20T14:48:45,1.493
EVCM,0001853145,success,8134.0,data\facts\0001853145.parquet,,,2026-07-20T14:48:45,2026-07-20T14:48:46,1.179
EVER,0001640428,success,8223.0,data\facts\0001640428.parquet,,,2026-07-20T14:48:47,2026-07-20T14:48:48,1.05
EVEX,0001823652,success,5029.0,data\facts\0001823652.parquet,,,2026-07-20T14:48:48,2026-07-20T14:48:49,1.063
EVF,0001070732,success,10.0,data\facts\0001070732.parquet,,,2026-07-20T14:48:49,2026-07-20T14:48:50,0.761
EVFM,0001618835,success,11558.0,data\facts\0001618835.parquet,,,2026-07-20T14:48:50,2026-07-20T14:48:52,1.271
EVG,0001287498,failed,,,ValueError,Company Facts에서 facts 데이터를 찾지 못했습니다.,2026-07-20T14:48:52,2026-07-20T14:48:53,0.68
EVGN,0001574565,success,3529.0,data\facts\0001574565.parquet,,,2026-07-20T14:48:53,2026-07-20T14:48:54,0.795
EVGO,0001821159,success,6261.0,data\facts\0001821159.parquet,,,2026-07-20T14:48:54,2026-07-20T14:48:55,0.85
EVH,0001628908,success,19137.0,data\facts\0001628908.parquet,,,2026-07-20T14:48:55,2026-07-20T14:48:56,1.061
EVI,0000065312,success,13514.0,data\facts\0000065312.parquet,,,2026-07-20T14:48:56,2026-07-20T14:48:57,1.204
EVLV,0001805385,success,9061.0,data\facts\0001805385.parquet,,,2026-07-20T14:48:58,2026-07-20T14:48:59,1.009
EVMN,0002044725,success,870.0,data\facts\0002044725.parquet,,,2026-07-20T14:48:59,2026-07-20T14:49:00,1.045
EVN,0001074540,failed,,,ValueError,Company Facts에서 facts 데이터를 찾지 못했습니다.,2026-07-20T14:49:00,2026-07-20T14:49:01,0.77
EVO,0001412558,success,1826.0,data\facts\0001412558.parquet,,,2026-07-20T14:49:01,2026-07-20T14:49:02,1.0
EVOH,0001700844,success,5056.0,data\facts\0001700844.parquet,,,2026-07-20T14:49:03,2026-07-20T14:49:04,1.177
EVON,0002075036,success,5.0,data\facts\0002075036.parquet,,,2026-07-20T14:49:04,2026-07-20T14:49:05,0.856
EVOX,0002077954,success,154.0,data\facts\0002077954.parquet,,,2026-07-20T14:49:05,2026-07-20T14:49:06,1.081
EVR,0001360901,success,26981.0,data\facts\0001360901.parquet,,,2026-07-20T14:49:06,2026-07-20T14:49:08,1.443
EVRG,0001711269,success,13763.0,data\facts\0001711269.parquet,,,2026-07-20T14:49:08,2026-07-20T14:49:09,1.255
EVT,0001253327,failed,,,ValueError,Company Facts에서 facts 데이터를 찾지 못했습니다.,2026-07-20T14:49:10,2026-07-20T14:49:11,0.947
EVTC,0001559865,success,20913.0,data\facts\0001559865.parquet,,,2026-07-20T14:49:11,2026-07-20T14:49:12,1.377
EVTK,0001816554,success,2140.0,data\facts\0001816554.parquet,,,2026-07-20T14:49:12,2026-07-20T14:49:13,0.965
EVTL,0001867102,success,2147.0,data\facts\0001867102.parquet,,,2026-07-20T14:49:14,2026-07-20T14:49:15,1.051
EVTV,0001563568,success,8996.0,data\facts\0001563568.parquet,,,2026-07-20T14:49:15,2026-07-20T14:49:16,1.086
EVV,0001222922,success,10.0,data\facts\0001222922.parquet,,,2026-07-20T14:49:16,2026-07-20T14:49:17,0.992
EW,0001099800,success,26521.0,data\facts\0001099800.parquet,,,2026-07-20T14:49:18,2026-07-20T14:49:19,1.475
EWAV,0002100704,success,18.0,data\facts\0002100704.parquet,,,2026-07-20T14:49:19,2026-07-20T14:49:20,1.056
EWBC,0001069157,success,34657.0,data\facts\0001069157.parquet,,,2026-07-20T14:49:21,2026-07-20T14:49:22,1.689
EWSB,0002013792,success,3233.0,data\facts\0002013792.parquet,,,2026-07-20T14:49:23,2026-07-20T14:49:24,1.2
EWTX,0001710072,success,4117.0,data\facts\0001710072.parquet,,,2026-07-20T14:49:24,2026-07-20T14:49:25,1.182
EXC,0001109357,success,35294.0,data\facts\0001109357.parquet,,,2026-07-20T14:49:26,2026-07-20T14:49:27,1.919
EXCBF,0002088688,failed,,,HTTPError,404 Client Error: Not Found for url: https://data.sec.gov/api/xbrl/companyfacts/CIK0002088688.json,2026-07-20T14:49:28,2026-07-20T14:49:29,0.914
EXE,0000895126,success,31551.0,data\facts\0000895126.parquet,,,2026-07-20T14:49:29,2026-07-20T14:49:31,1.842
EXEL,0000939767,success,19144.0,data\facts\0000939767.parquet,,,2026-07-20T14:49:31,2026-07-20T14:49:33,1.556
EXFY,0001476840,success,6974.0,data\facts\0001476840.parquet,,,2026-07-20T14:49:33,2026-07-20T14:49:34,1.122
EXG,0001379438,failed,,,ValueError,Company Facts에서 facts 데이터를 찾지 못했습니다.,2026-07-20T14:49:34,2026-07-20T14:49:35,1.035
EXK,0001277866,success,2964.0,data\facts\0001277866.parquet,,,2026-07-20T14:49:35,2026-07-20T14:49:37,1.227
EXLS,0001297989,success,31368.0,data\facts\0001297989.parquet,,,2026-07-20T14:49:37,2026-07-20T14:49:39,1.807
EXOD,0001821534,success,1909.0,data\facts\0001821534.parquet,,,2026-07-20T14:49:39,2026-07-20T14:49:40,1.076
EXOSF,0002109666,failed,,,HTTPError,404 Client Error: Not Found for url: https://data.sec.gov/api/xbrl/companyfacts/CIK0002109666.json,2026-07-20T14:49:40,2026-07-20T14:49:41,1.006
EXOZ,0002010788,success,1471.0,data\facts\0002010788.parquet,,,2026-07-20T14:49:42,2026-07-20T14:49:43,1.179
EXP,0000918646,success,24961.0,data\facts\0000918646.parquet,,,2026-07-20T14:49:43,2026-07-20T14:49:45,1.647
EXPD,0000746515,success,20969.0,data\facts\0000746515.parquet,,,2026-07-20T14:49:45,2026-07-20T14:49:47,1.917
EXPE,0001324424,success,22575.0,data\facts\0001324424.parquet,,,2026-07-20T14:49:47,2026-07-20T14:49:49,1.541
EXPO,0000851520,success,17936.0,data\facts\0000851520.parquet,,,2026-07-20T14:49:49,2026-07-20T14:49:51,1.52
EXR,0001289490,success,22476.0,data\facts\0001289490.parquet,,,2026-07-20T14:49:51,2026-07-20T14:49:52,1.628
EXTR,0001078271,success,22372.0,data\facts\0001078271.parquet,,,2026-07-20T14:49:53,2026-07-20T14:49:54,1.556
EXYN,0001960355,success,747.0,data\facts\0001960355.parquet,,,2026-07-20T14:49:55,2026-07-20T14:49:56,1.238
EYE,0001710155,success,12976.0,data\facts\0001710155.parquet,,,2026-07-20T14:49:56,2026-07-20T14:49:58,1.659
EYPT,0001314102,success,15397.0,data\facts\0001314102.parquet,,,2026-07-20T14:49:58,2026-07-20T14:49:59,1.282
EYUBY,0001562294,failed,,,HTTPError,404 Client Error: Not Found for url: https://data.sec.gov/api/xbrl/companyfacts/CIK0001562294.json,2026-07-20T14:50:00,2026-07-20T14:50:00,0.926
EZBC,0001992870,success,942.0,data\facts\0001992870.parquet,,,2026-07-20T14:50:01,2026-07-20T14:50:02,0.941
EZET,0002011535,success,676.0,data\facts\0002011535.parquet,,,2026-07-20T14:50:02,2026-07-20T14:50:03,1.066
EZGO,0001806904,success,5063.0,data\facts\0001806904.parquet,,,2026-07-20T14:50:03,2026-07-20T14:50:05,1.318
EZPW,0000876523,success,28662.0,data\facts\0000876523.parquet,,,2026-07-20T14:50:05,2026-07-20T14:50:06,1.658
EZPZ,0002033807,success,359.0,data\facts\0002033807.parquet,,,2026-07-20T14:50:07,2026-07-20T14:50:08,1.098
EZRA,0001812727,success,7359.0,data\facts\0001812727.parquet,,,2026-07-20T14:50:08,2026-07-20T14:50:09,1.196
F,0000037996,success,24139.0,data\facts\0000037996.parquet,,,2026-07-20T14:50:10,2026-07-20T14:50:11,1.632
FA,0001210677,success,6923.0,data\facts\0001210677.parquet,,,2026-07-20T14:50:11,2026-07-20T14:50:13,1.246
FABC,0001086745,success,16760.0,data\facts\0001086745.parquet,,,2026-07-20T14:50:13,2026-07-20T14:50:14,1.516
FAC,0002049662,success,846.0,data\facts\0002049662.parquet,,,2026-07-20T14:50:15,2026-07-20T14:50:16,1.073
FACT,0002028935,success,670.0,data\facts\0002028935.parquet,,,2026-07-20T14:50:16,2026-07-20T14:50:17,0.953
FAF,0001472787,success,30889.0,data\facts\0001472787.parquet,,,2026-07-20T14:50:17,2026-07-20T14:50:19,1.842
FAMI,0001701261,success,4831.0,data\facts\0001701261.parquet,,,2026-07-20T14:50:19,2026-07-20T14:50:21,1.195
FANG,0001539838,success,23414.0,data\facts\0001539838.parquet,,,2026-07-20T14:50:21,2026-07-20T14:50:22,1.474
FASLF,0001731854,failed,,,HTTPError,404 Client Error: Not Found for url: https://data.sec.gov/api/xbrl/companyfacts/CIK0001731854.json,2026-07-20T14:50:23,2026-07-20T14:50:24,0.953
FAST,0000815556,success,18182.0,data\facts\0000815556.parquet,,,2026-07-20T14:50:24,2026-07-20T14:50:25,1.443
FATAQ,0001705012,success,8970.0,data\facts\0001705012.parquet,,,2026-07-20T14:50:26,2026-07-20T14:50:27,1.172
FATE,0001434316,success,11246.0,data\facts\0001434316.parquet,,,2026-07-20T14:50:27,2026-07-20T14:50:28,1.315
FATN,0001993400,success,1433.0,data\facts\0001993400.parquet,,,2026-07-20T14:50:29,2026-07-20T14:50:30,1.167
FAX,0000790500,failed,,,HTTPError,404 Client Error: Not Found for url: https://data.sec.gov/api/xbrl/companyfacts/CIK0000790500.json,2026-07-20T14:50:30,2026-07-20T14:50:31,1.025
FBCD,0001370816,success,1382.0,data\facts\0001370816.parquet,,,2026-07-20T14:50:31,2026-07-20T14:50:32,1.051
FBDT,0001892704,success,10.0,data\facts\0001892704.parquet,,,2026-07-20T14:50:33,2026-07-20T14:50:34,0.966
FBGL,0001938534,success,1979.0,data\facts\0001938534.parquet,,,2026-07-20T14:50:34,2026-07-20T14:50:35,1.123
FBIN,0001519751,success,22201.0,data\facts\0001519751.parquet,,,2026-07-20T14:50:35,2026-07-20T14:50:37,1.369
FBIO,0001429260,success,19409.0,data\facts\0001429260.parquet,,,2026-07-20T14:50:37,2026-07-20T14:50:38,1.333
FBIZ,0001521951,success,35592.0,data\facts\0001521951.parquet,,,2026-07-20T14:50:38,2026-07-20T14:50:40,1.755
FBK,0001649749,success,25511.0,data\facts\0001649749.parquet,,,2026-07-20T14:50:40,2026-07-20T14:50:42,1.612
FBLA,0002013639,success,3272.0,data\facts\0002013639.parquet,,,2026-07-20T14:50:42,2026-07-20T14:50:43,1.121
FBLG,0001958777,success,2093.0,data\facts\0001958777.parquet,,,2026-07-20T14:50:44,2026-07-20T14:50:45,1.196
FBNC,0000811589,success,31126.0,data\facts\0000811589.parquet,,,2026-07-20T14:50:45,2026-07-20T14:50:47,1.679
FBP,0001057706,success,38558.0,data\facts\0001057706.parquet,,,2026-07-20T14:50:47,2026-07-20T14:50:49,1.933
FBRT,0001562528,success,18175.0,data\facts\0001562528.parquet,,,2026-07-20T14:50:49,2026-07-20T14:50:51,1.361
FBRX,0001419041,success,7017.0,data\facts\0001419041.parquet,,,2026-07-20T14:50:51,2026-07-20T14:50:52,1.213
FBSI,0000912967,success,724.0,data\facts\0000912967.parquet,,,2026-07-20T14:50:52,2026-07-20T14:50:54,1.085
FBTC,0001852317,success,1164.0,data\facts\0001852317.parquet,,,2026-07-20T14:50:54,2026-07-20T14:50:55,0.914
FBYD,0001937987,success,3090.0,data\facts\0001937987.parquet,,,2026-07-20T14:50:55,2026-07-20T14:50:56,0.938
FC,0000886206,success,16584.0,data\facts\0000886206.parquet,,,2026-07-20T14:50:56,2026-07-20T14:50:57,1.206
FCAP,0001070296,success,30111.0,data\facts\0001070296.parquet,,,2026-07-20T14:50:58,2026-07-20T14:50:59,1.681
FCBC,0000859070,success,34931.0,data\facts\0000859070.parquet,,,2026-07-20T14:51:00,2026-07-20T14:51:01,1.769
FCBM,0001531193,success,5.0,data\facts\0001531193.parquet,,,2026-07-20T14:51:02,2026-07-20T14:51:03,0.893
FCCI,0001807689,success,458.0,data\facts\0001807689.parquet,,,2026-07-20T14:51:03,2026-07-20T14:51:04,1.088
FCCN,0001131903,success,8461.0,data\facts\0001131903.parquet,,,2026-07-20T14:51:04,2026-07-20T14:51:05,1.32
FCCO,0000932781,success,28643.0,data\facts\0000932781.parquet,,,2026-07-20T14:51:06,2026-07-20T14:51:08,1.897
FCEL,0000886128,success,20721.0,data\facts\0000886128.parquet,,,2026-07-20T14:51:08,2026-07-20T14:51:09,1.569
FCF,0000712537,success,38579.0,data\facts\0000712537.parquet,,,2026-07-20T14:51:10,2026-07-20T14:51:12,1.992
FCFS,0000840489,success,20783.0,data\facts\0000840489.parquet,,,2026-07-20T14:51:12,2026-07-20T14:51:14,1.582
FCHDF,0002048847,failed,,,HTTPError,404 Client Error: Not Found for url: https://data.sec.gov/api/xbrl/companyfacts/CIK0002048847.json,2026-07-20T14:51:14,2026-07-20T14:51:15,1.066
FCHL,0002023796,success,889.0,data\facts\0002023796.parquet,,,2026-07-20T14:51:15,2026-07-20T14:51:16,1.256
FCHS,0001416876,success,9079.0,data\facts\0001416876.parquet,,,2026-07-20T14:51:17,2026-07-20T14:51:18,1.307
FCN,0000887936,success,23252.0,data\facts\0000887936.parquet,,,2026-07-20T14:51:18,2026-07-20T14:51:20,1.485
FCNCA,0000798941,success,36006.0,data\facts\0000798941.parquet,,,2026-07-20T14:51:20,2026-07-20T14:51:22,1.768
FCPT,0001650132,success,15462.0,data\facts\0001650132.parquet,,,2026-07-20T14:51:22,2026-07-20T14:51:23,1.352
FCRS,0002074697,success,150.0,data\facts\0002074697.parquet,,,2026-07-20T14:51:24,2026-07-20T14:51:25,0.942
FCT,0001282850,failed,,,HTTPError,404 Client Error: Not Found for url: https://data.sec.gov/api/xbrl/companyfacts/CIK0001282850.json,2026-07-20T14:51:25,2026-07-20T14:51:26,0.999
FCUV,0001590418,success,10900.0,data\facts\0001590418.parquet,,,2026-07-20T14:51:26,2026-07-20T14:51:27,1.298
FCX,0000831259,success,28750.0,data\facts\0000831259.parquet,,,2026-07-20T14:51:28,2026-07-20T14:51:29,1.791
FDBC,0001098151,success,29112.0,data\facts\0001098151.parquet,,,2026-07-20T14:51:30,2026-07-20T14:51:32,1.856
FDCTD,0001722731,success,10471.0,data\facts\0001722731.parquet,,,2026-07-20T14:51:32,2026-07-20T14:51:33,1.316
FDMM,0002129659,success,14.0,data\facts\0002129659.parquet,,,2026-07-20T14:51:33,2026-07-20T14:51:34,1.026
FDMT,0001650648,success,6234.0,data\facts\0001650648.parquet,,,2026-07-20T14:51:35,2026-07-20T14:51:36,1.197
FDS,0001013237,success,25806.0,data\facts\0001013237.parquet,,,2026-07-20T14:51:36,2026-07-20T14:51:38,1.558
FDSB,0002012726,success,3337.0,data\facts\0002012726.parquet,,,2026-07-20T14:51:38,2026-07-20T14:51:39,1.111
FDUS,0001513363,success,5051.0,data\facts\0001513363.parquet,,,2026-07-20T14:51:39,2026-07-20T14:51:41,1.222
FDX,0001048911,success,22607.0,data\facts\0001048911.parquet,,,2026-07-20T14:51:41,2026-07-20T14:51:42,1.542
FDXF,0002082247,failed,,,ValueError,변환된 Fact Store가 비어 있습니다.,2026-07-20T14:51:43,2026-07-20T14:51:44,0.997
FDXTF,0001970125,failed,,,HTTPError,404 Client Error: Not Found for url: https://data.sec.gov/api/xbrl/companyfacts/CIK0001970125.json,2026-07-20T14:51:44,2026-07-20T14:51:45,0.877
FE,0001031296,success,29735.0,data\facts\0001031296.parquet,,,2026-07-20T14:51:45,2026-07-20T14:51:47,1.667
FEAM,0001888654,success,4441.0,data\facts\0001888654.parquet,,,2026-07-20T14:51:47,2026-07-20T14:51:48,1.091
FEBO,0001957001,success,1140.0,data\facts\0001957001.parquet,,,2026-07-20T14:51:48,2026-07-20T14:51:49,0.99
FECOF,0000849997,success,415.0,data\facts\0000849997.parquet,,,2026-07-20T14:51:50,2026-07-20T14:51:51,0.941
FEDU,0001709819,success,5043.0,data\facts\0001709819.parquet,,,2026-07-20T14:51:51,2026-07-20T14:51:52,1.142
FEED,0001326706,success,8980.0,data\facts\0001326706.parquet,,,2026-07-20T14:51:52,2026-07-20T14:51:53,1.203
FEIM,0000039020,success,16851.0,data\facts\0000039020.parquet,,,2026-07-20T14:51:54,2026-07-20T14:51:55,1.209
FELE,0000038725,success,25747.0,data\facts\0000038725.parquet,,,2026-07-20T14:51:55,2026-07-20T14:51:57,1.492
FEMY,0001339005,success,5868.0,data\facts\0001339005.parquet,,,2026-07-20T14:51:57,2026-07-20T14:51:58,1.438
FENC,0001211583,success,11737.0,data\facts\0001211583.parquet,,,2026-07-20T14:51:59,2026-07-20T14:52:00,1.252
FENG,0001509646,success,7168.0,data\facts\0001509646.parquet,,,2026-07-20T14:52:00,2026-07-20T14:52:01,1.147
FEOVF,0000936801,failed,,,HTTPError,404 Client Error: Not Found for url: https://data.sec.gov/api/xbrl/companyfacts/CIK0000936801.json,2026-07-20T14:52:02,2026-07-20T14:52:02,0.932
FER,0001468522,success,729.0,data\facts\0001468522.parquet,,,2026-07-20T14:52:03,2026-07-20T14:52:04,1.003
FERA,0002025401,success,364.0,data\facts\0002025401.parquet,,,2026-07-20T14:52:04,2026-07-20T14:52:05,0.93
FERG,0002011641,success,3257.0,data\facts\0002011641.parquet,,,2026-07-20T14:52:05,2026-07-20T14:52:07,1.362
FET,0001401257,success,21221.0,data\facts\0001401257.parquet,,,2026-07-20T14:52:07,2026-07-20T14:52:08,1.495
FETH,0002000046,success,815.0,data\facts\0002000046.parquet,,,2026-07-20T14:52:09,2026-07-20T14:52:10,1.09
FF,0001337298,success,23024.0,data\facts\0001337298.parquet,,,2026-07-20T14:52:10,2026-07-20T14:52:11,1.448
FFA,0001291334,failed,,,ValueError,Company Facts에서 facts 데이터를 찾지 못했습니다.,2026-07-20T14:52:12,2026-07-20T14:52:13,0.925
FFAI,0001805521,success,6688.0,data\facts\0001805521.parquet,,,2026-07-20T14:52:13,2026-07-20T14:52:14,1.154
FFBC,0000708955,success,42541.0,data\facts\0000708955.parquet,,,2026-07-20T14:52:14,2026-07-20T14:52:16,1.895
FFC,0001174164,failed,,,HTTPError,404 Client Error: Not Found for url: https://data.sec.gov/api/xbrl/companyfacts/CIK0001174164.json,2026-07-20T14:52:16,2026-07-20T14:52:17,0.976
FFGG,0002102972,success,10.0,data\facts\0002102972.parquet,,,2026-07-20T14:52:18,2026-07-20T14:52:19,1.029
FFIN,0000036029,success,29884.0,data\facts\0000036029.parquet,,,2026-07-20T14:52:19,2026-07-20T14:52:21,1.592
FFIV,0001048695,success,23579.0,data\facts\0001048695.parquet,,,2026-07-20T14:52:21,2026-07-20T14:52:22,1.509
FFLO,0001543652,success,7102.0,data\facts\0001543652.parquet,,,2026-07-20T14:52:23,2026-07-20T14:52:24,1.282
FFMGF,0001641229,success,1701.0,data\facts\0001641229.parquet,,,2026-07-20T14:52:24,2026-07-20T14:52:25,1.062
FG,0001934850,success,7782.0,data\facts\0001934850.parquet,,,2026-07-20T14:52:25,2026-07-20T14:52:27,1.053
FGBI,0001408534,success,27673.0,data\facts\0001408534.parquet,,,2026-07-20T14:52:27,2026-07-20T14:52:28,1.605
FGCO,0001377167,success,8049.0,data\facts\0001377167.parquet,,,2026-07-20T14:52:29,2026-07-20T14:52:30,1.191
FGDL,0001858258,success,2015.0,data\facts\0001858258.parquet,,,2026-07-20T14:52:30,2026-07-20T14:52:31,0.945
FGFH,0000786298,failed,,,HTTPError,404 Client Error: Not Found for url: https://data.sec.gov/api/xbrl/companyfacts/CIK0000786298.json,2026-07-20T14:52:31,2026-07-20T14:52:32,0.967
FGI,0001864943,success,6000.0,data\facts\0001864943.parquet,,,2026-07-20T14:52:32,2026-07-20T14:52:34,1.104
FGII,0002090452,success,99.0,data\facts\0002090452.parquet,,,2026-07-20T14:52:34,2026-07-20T14:52:35,0.973
FGL,0001989930,success,928.0,data\facts\0001989930.parquet,,,2026-07-20T14:52:35,2026-07-20T14:52:36,1.155
FGMC,0001906364,success,767.0,data\facts\0001906364.parquet,,,2026-07-20T14:52:36,2026-07-20T14:52:37,0.937
FGNV,0001687919,success,5053.0,data\facts\0001687919.parquet,,,2026-07-20T14:52:38,2026-07-20T14:52:39,1.232
FGNX,0001591890,success,16170.0,data\facts\0001591890.parquet,,,2026-07-20T14:52:39,2026-07-20T14:52:40,1.32
FGOVF,0001064052,failed,,,HTTPError,404 Client Error: Not Found for url: https://data.sec.gov/api/xbrl/companyfacts/CIK0001064052.json,2026-07-20T14:52:41,2026-07-20T14:52:42,0.86
FGPR,0000922358,success,22107.0,data\facts\0000922358.parquet,,,2026-07-20T14:52:42,2026-07-20T14:52:43,1.516
FHB,0000036377,success,21461.0,data\facts\0000036377.parquet,,,2026-07-20T14:52:44,2026-07-20T14:52:45,1.465
FHFFY,0002082876,failed,,,HTTPError,404 Client Error: Not Found for url: https://data.sec.gov/api/xbrl/companyfacts/CIK0002082876.json,2026-07-20T14:52:45,2026-07-20T14:52:46,0.949
FHI,0001056288,success,22490.0,data\facts\0001056288.parquet,,,2026-07-20T14:52:47,2026-07-20T14:52:48,1.475
FHN,0000036966,success,42226.0,data\facts\0000036966.parquet,,,2026-07-20T14:52:48,2026-07-20T14:52:50,1.814
FHTX,0001822462,success,5815.0,data\facts\0001822462.parquet,,,2026-07-20T14:52:50,2026-07-20T14:52:52,1.063
FIBK,0000860413,success,37768.0,data\facts\0000860413.parquet,,,2026-07-20T14:52:52,2026-07-20T14:52:54,1.806
FICO,0000814547,success,22231.0,data\facts\0000814547.parquet,,,2026-07-20T14:52:54,2026-07-20T14:52:55,1.355
FIEE,0001467761,success,13361.0,data\facts\0001467761.parquet,,,2026-07-20T14:52:55,2026-07-20T14:52:57,1.213
FIG,0001579878,success,1598.0,data\facts\0001579878.parquet,,,2026-07-20T14:52:57,2026-07-20T14:52:58,0.998
FIGP,0001846702,failed,,,HTTPError,404 Client Error: Not Found for url: https://data.sec.gov/api/xbrl/companyfacts/CIK0001846702.json,2026-07-20T14:52:58,2026-07-20T14:52:59,0.969
FIGR,0002064124,success,1119.0,data\facts\0002064124.parquet,,,2026-07-20T14:52:59,2026-07-20T14:53:00,0.959
FIGS,0001846576,success,5857.0,data\facts\0001846576.parquet,,,2026-07-20T14:53:01,2026-07-20T14:53:02,1.248
FIGX,0002059033,success,258.0,data\facts\0002059033.parquet,,,2026-07-20T14:53:02,2026-07-20T14:53:03,1.07
FILG,0001852039,failed,,,HTTPError,404 Client Error: Not Found for url: https://data.sec.gov/api/xbrl/companyfacts/CIK0001852039.json,2026-07-20T14:53:03,2026-07-20T14:53:04,0.851
FINS,0001745059,success,34.0,data\facts\0001745059.parquet,,,2026-07-20T14:53:05,2026-07-20T14:53:06,1.106
FINV,0001691445,success,4398.0,data\facts\0001691445.parquet,,,2026-07-20T14:53:06,2026-07-20T14:53:07,1.068
FINW,0001856365,success,7658.0,data\facts\0001856365.parquet,,,2026-07-20T14:53:07,2026-07-20T14:53:08,1.089
FIP,0001899883,success,7089.0,data\facts\0001899883.parquet,,,2026-07-20T14:53:09,2026-07-20T14:53:10,1.221
FIRY,0001801661,success,8262.0,data\facts\0001801661.parquet,,,2026-07-20T14:53:10,2026-07-20T14:53:11,1.164
FIS,0001136893,success,29379.0,data\facts\0001136893.parquet,,,2026-07-20T14:53:12,2026-07-20T14:53:13,1.62
FISI,0000862831,success,33488.0,data\facts\0000862831.parquet,,,2026-07-20T14:53:13,2026-07-20T14:53:15,1.739
FISN,0001918102,success,2163.0,data\facts\0001918102.parquet,,,2026-07-20T14:53:15,2026-07-20T14:53:16,1.032
FISV,0000798354,success,25077.0,data\facts\0000798354.parquet,,,2026-07-20T14:53:17,2026-07-20T14:53:18,1.564
FITB,0000035527,success,48301.0,data\facts\0000035527.parquet,,,2026-07-20T14:53:19,2026-07-20T14:53:21,2.083
FIVE,0001177609,success,16231.0,data\facts\0001177609.parquet,,,2026-07-20T14:53:21,2026-07-20T14:53:22,1.356
FIVN,0001288847,success,19330.0,data\facts\0001288847.parquet,,,2026-07-20T14:53:23,2026-07-20T14:53:24,1.604
FIX,0001035983,success,21188.0,data\facts\0001035983.parquet,,,2026-07-20T14:53:24,2026-07-20T14:53:26,1.461
FIZZ,0000069891,success,15383.0,data\facts\0000069891.parquet,,,2026-07-20T14:53:26,2026-07-20T14:53:27,1.309
FJET,0001947016,success,819.0,data\facts\0001947016.parquet,,,2026-07-20T14:53:28,2026-07-20T14:53:29,1.067
FKURF,0002043424,failed,,,HTTPError,404 Client Error: Not Found for url: https://data.sec.gov/api/xbrl/companyfacts/CIK0002043424.json,2026-07-20T14:53:29,2026-07-20T14:53:30,0.944
FKWL,0000722572,success,17189.0,data\facts\0000722572.parquet,,,2026-07-20T14:53:30,2026-07-20T14:53:32,1.447
FKYS,0000737875,success,30181.0,data\facts\0000737875.parquet,,,2026-07-20T14:53:32,2026-07-20T14:53:34,1.805
FLC,0001245648,failed,,,ValueError,Company Facts에서 facts 데이터를 찾지 못했습니다.,2026-07-20T14:53:34,2026-07-20T14:53:35,0.974
FLD,0001889123,success,2759.0,data\facts\0001889123.parquet,,,2026-07-20T14:53:35,2026-07-20T14:53:36,1.093
FLEX,0000866374,success,21814.0,data\facts\0000866374.parquet,,,2026-07-20T14:53:37,2026-07-20T14:53:38,1.432
FLG,0000910073,success,34212.0,data\facts\0000910073.parquet,,,2026-07-20T14:53:38,2026-07-20T14:53:40,1.786
FLGT,0001674930,success,13520.0,data\facts\0001674930.parquet,,,2026-07-20T14:53:40,2026-07-20T14:53:42,1.341
FLL,0000891482,success,16436.0,data\facts\0000891482.parquet,,,2026-07-20T14:53:42,2026-07-20T14:53:43,1.344
FLNA,0001069530,success,9891.0,data\facts\0001069530.parquet,,,2026-07-20T14:53:44,2026-07-20T14:53:45,1.366
FLNC,0001868941,success,6653.0,data\facts\0001868941.parquet,,,2026-07-20T14:53:45,2026-07-20T14:53:46,1.085
FLNG,0001772253,success,3549.0,data\facts\0001772253.parquet,,,2026-07-20T14:53:47,2026-07-20T14:53:48,1.143
FLNT,0001460329,success,14694.0,data\facts\0001460329.parquet,,,2026-07-20T14:53:48,2026-07-20T14:53:49,1.247
FLO,0001128928,success,28522.0,data\facts\0001128928.parquet,,,2026-07-20T14:53:49,2026-07-20T14:53:51,1.638
FLOC,0002035149,success,2285.0,data\facts\0002035149.parquet,,,2026-07-20T14:53:51,2026-07-20T14:53:52,0.993
FLR,0001124198,success,25055.0,data\facts\0001124198.parquet,,,2026-07-20T14:53:53,2026-07-20T14:53:54,1.582
FLS,0000030625,success,27079.0,data\facts\0000030625.parquet,,,2026-07-20T14:53:54,2026-07-20T14:53:56,1.667
FLUT,0001635327,success,4999.0,data\facts\0001635327.parquet,,,2026-07-20T14:53:56,2026-07-20T14:53:57,1.032
FLUX,0001083743,success,13606.0,data\facts\0001083743.parquet,,,2026-07-20T14:53:58,2026-07-20T14:53:59,1.435
FLWS,0001084869,success,17898.0,data\facts\0001084869.parquet,,,2026-07-20T14:53:59,2026-07-20T14:54:01,1.449
FLX,0001858724,success,839.0,data\facts\0001858724.parquet,,,2026-07-20T14:54:01,2026-07-20T14:54:02,0.95
FLXS,0000037472,success,17369.0,data\facts\0000037472.parquet,,,2026-07-20T14:54:02,2026-07-20T14:54:04,1.282
FLY,0001860160,success,1507.0,data\facts\0001860160.parquet,,,2026-07-20T14:54:04,2026-07-20T14:54:05,1.088
FLYE,0001975940,success,2775.0,data\facts\0001975940.parquet,,,2026-07-20T14:54:05,2026-07-20T14:54:06,1.044
FLYW,0001580560,success,7718.0,data\facts\0001580560.parquet,,,2026-07-20T14:54:07,2026-07-20T14:54:08,1.095
FLYX,0001843973,success,5494.0,data\facts\0001843973.parquet,,,2026-07-20T14:54:08,2026-07-20T14:54:09,1.173
FLZH,0001706524,success,9631.0,data\facts\0001706524.parquet,,,2026-07-20T14:54:09,2026-07-20T14:54:10,1.114
FMAC,0002099232,success,78.0,data\facts\0002099232.parquet,,,2026-07-20T14:54:11,2026-07-20T14:54:12,0.994
FMAO,0000792966,success,26161.0,data\facts\0000792966.parquet,,,2026-07-20T14:54:12,2026-07-20T14:54:13,1.506
FMBH,0000700565,success,36203.0,data\facts\0000700565.parquet,,,2026-07-20T14:54:14,2026-07-20T14:54:15,1.729
FMBM,0000740806,success,23794.0,data\facts\0000740806.parquet,,,2026-07-20T14:54:16,2026-07-20T14:54:17,1.495
FMC,0000037785,success,37122.0,data\facts\0000037785.parquet,,,2026-07-20T14:54:17,2026-07-20T14:54:19,1.767
FMCB,0001085913,success,28495.0,data\facts\0001085913.parquet,,,2026-07-20T14:54:20,2026-07-20T14:54:21,1.76
FMCC,0001026214,success,25946.0,data\facts\0001026214.parquet,,,2026-07-20T14:54:22,2026-07-20T14:54:23,1.575
FMFC,0002024656,success,297.0,data\facts\0002024656.parquet,,,2026-07-20T14:54:23,2026-07-20T14:54:24,1.025
FMFG,0001698022,success,16714.0,data\facts\0001698022.parquet,,,2026-07-20T14:54:25,2026-07-20T14:54:26,1.373
FMHS,0001811999,success,3720.0,data\facts\0001811999.parquet,,,2026-07-20T14:54:26,2026-07-20T14:54:27,1.124
FMN,0001199004,failed,,,HTTPError,404 Client Error: Not Found for url: https://data.sec.gov/api/xbrl/companyfacts/CIK0001199004.json,2026-07-20T14:54:28,2026-07-20T14:54:29,1.149
FMNB,0000709337,success,29738.0,data\facts\0000709337.parquet,,,2026-07-20T14:54:29,2026-07-20T14:54:31,1.792
FMS,0001333141,success,25629.0,data\facts\0001333141.parquet,,,2026-07-20T14:54:31,2026-07-20T14:54:33,1.58
FMST,0001935418,success,1138.0,data\facts\0001935418.parquet,,,2026-07-20T14:54:33,2026-07-20T14:54:34,0.983
FMTOF,0001888151,success,3478.0,data\facts\0001888151.parquet,,,2026-07-20T14:54:34,2026-07-20T14:54:35,1.159
FMX,0001061736,success,5991.0,data\facts\0001061736.parquet,,,2026-07-20T14:54:36,2026-07-20T14:54:37,1.213
FMY,0001319183,success,4.0,data\facts\0001319183.parquet,,,2026-07-20T14:54:37,2026-07-20T14:54:38,0.859
FN,0001408710,success,22369.0,data\facts\0001408710.parquet,,,2026-07-20T14:54:38,2026-07-20T14:54:40,1.554
FNB,0000037808,success,39658.0,data\facts\0000037808.parquet,,,2026-07-20T14:54:40,2026-07-20T14:54:42,1.835
FNCTF,0001038143,success,5218.0,data\facts\0001038143.parquet,,,2026-07-20T14:54:42,2026-07-20T14:54:43,1.182
FND,0001507079,success,11794.0,data\facts\0001507079.parquet,,,2026-07-20T14:54:44,2026-07-20T14:54:45,1.222
FNF,0001331875,success,31268.0,data\facts\0001331875.parquet,,,2026-07-20T14:54:45,2026-07-20T14:54:47,1.716
FNFI,0001065823,failed,,,HTTPError,404 Client Error: Not Found for url: https://data.sec.gov/api/xbrl/companyfacts/CIK0001065823.json,2026-07-20T14:54:47,2026-07-20T14:54:48,0.832
FNGR,0001602409,success,9252.0,data\facts\0001602409.parquet,,,2026-07-20T14:54:48,2026-07-20T14:54:49,1.163
FNIGY,0002073638,failed,,,HTTPError,404 Client Error: Not Found for url: https://data.sec.gov/api/xbrl/companyfacts/CIK0002073638.json,2026-07-20T14:54:50,2026-07-20T14:54:51,0.854
FNKO,0001704711,success,10466.0,data\facts\0001704711.parquet,,,2026-07-20T14:54:51,2026-07-20T14:54:52,1.323
FNLC,0000765207,success,38509.0,data\facts\0000765207.parquet,,,2026-07-20T14:54:52,2026-07-20T14:54:54,1.966
FNMA,0000310522,success,33382.0,data\facts\0000310522.parquet,,,2026-07-20T14:54:55,2026-07-20T14:54:56,1.856
FNRN,0001114927,success,25453.0,data\facts\0001114927.parquet,,,2026-07-20T14:54:57,2026-07-20T14:54:58,1.612
FNUC,0001769697,success,2217.0,data\facts\0001769697.parquet,,,2026-07-20T14:54:59,2026-07-20T14:55:00,1.185
FNV,0001456346,success,7429.0,data\facts\0001456346.parquet,,,2026-07-20T14:55:00,2026-07-20T14:55:01,1.028
FNWB,0001556727,success,25819.0,data\facts\0001556727.parquet,,,2026-07-20T14:55:01,2026-07-20T14:55:03,1.915
FNWD,0000919864,success,27026.0,data\facts\0000919864.parquet,,,2026-07-20T14:55:03,2026-07-20T14:55:06,2.121
FOA,0001828937,success,8886.0,data\facts\0001828937.parquet,,,2026-07-20T14:55:06,2026-07-20T14:55:07,1.531
FOCL,0001041934,success,8285.0,data\facts\0001041934.parquet,,,2026-07-20T14:55:08,2026-07-20T14:55:09,1.624
FOF,0001375340,failed,,,HTTPError,404 Client Error: Not Found for url: https://data.sec.gov/api/xbrl/companyfacts/CIK0001375340.json,2026-07-20T14:55:10,2026-07-20T14:55:11,1.045
FOFA,0001871181,success,2357.0,data\facts\0001871181.parquet,,,2026-07-20T14:55:11,2026-07-20T14:55:12,1.151
FOFO,0002060083,success,227.0,data\facts\0002060083.parquet,,,2026-07-20T14:55:12,2026-07-20T14:55:13,1.115
FOR,0001406587,success,20254.0,data\facts\0001406587.parquet,,,2026-07-20T14:55:14,2026-07-20T14:55:15,1.587
FORM,0001039399,success,23707.0,data\facts\0001039399.parquet,,,2026-07-20T14:55:16,2026-07-20T14:55:17,1.656
FORR,0001023313,success,21209.0,data\facts\0001023313.parquet,,,2026-07-20T14:55:17,2026-07-20T14:55:19,1.766
FORTY,0001045986,success,7378.0,data\facts\0001045986.parquet,,,2026-07-20T14:55:19,2026-07-20T14:55:21,1.266
FOSL,0000883569,success,25502.0,data\facts\0000883569.parquet,,,2026-07-20T14:55:21,2026-07-20T14:55:22,1.47
FOTB,0001099668,success,925.0,data\facts\0001099668.parquet,,,2026-07-20T14:55:23,2026-07-20T14:55:24,0.998
FOUR,0001794669,success,10160.0,data\facts\0001794669.parquet,,,2026-07-20T14:55:24,2026-07-20T14:55:25,1.235
FOXA,0001754301,success,9122.0,data\facts\0001754301.parquet,,,2026-07-20T14:55:26,2026-07-20T14:55:27,1.278
FOXF,0001424929,success,20216.0,data\facts\0001424929.parquet,,,2026-07-20T14:55:27,2026-07-20T14:55:28,1.345
FOXO,0001812360,success,4785.0,data\facts\0001812360.parquet,,,2026-07-20T14:55:29,2026-07-20T14:55:30,1.133
FOXX,0002013807,success,2437.0,data\facts\0002013807.parquet,,,2026-07-20T14:55:30,2026-07-20T14:55:31,1.12
FPF,0001567569,success,4.0,data\facts\0001567569.parquet,,,2026-07-20T14:55:31,2026-07-20T14:55:33,1.014
FPH,0001574197,success,10043.0,data\facts\0001574197.parquet,,,2026-07-20T14:55:33,2026-07-20T14:55:34,1.407
FPHOY,0001490078,success,131.0,data\facts\0001490078.parquet,,,2026-07-20T14:55:34,2026-07-20T14:55:35,0.949
FPI,0001591670,success,16120.0,data\facts\0001591670.parquet,,,2026-07-20T14:55:36,2026-07-20T14:55:37,1.409
FPRGF,0001555980,failed,,,HTTPError,404 Client Error: Not Found for url: https://data.sec.gov/api/xbrl/companyfacts/CIK0001555980.json,2026-07-20T14:55:37,2026-07-20T14:55:38,0.899
FPS,0002080126,success,1203.0,data\facts\0002080126.parquet,,,2026-07-20T14:55:38,2026-07-20T14:55:40,1.224
FR,0000921825,success,22180.0,data\facts\0000921825.parquet,,,2026-07-20T14:55:40,2026-07-20T14:55:41,1.431
FRA,0001259708,failed,,,HTTPError,404 Client Error: Not Found for url: https://data.sec.gov/api/xbrl/companyfacts/CIK0001259708.json,2026-07-20T14:55:42,2026-07-20T14:55:43,0.986
FRAF,0000723646,success,30609.0,data\facts\0000723646.parquet,,,2026-07-20T14:55:43,2026-07-20T14:55:45,1.888
FRBP,0001825248,success,4903.0,data\facts\0001825248.parquet,,,2026-07-20T14:55:45,2026-07-20T14:55:46,1.077
FRBT,0001925062,success,10.0,data\facts\0001925062.parquet,,,2026-07-20T14:55:46,2026-07-20T14:55:47,1.024
FRD,0000039092,success,12265.0,data\facts\0000039092.parquet,,,2026-07-20T14:55:48,2026-07-20T14:55:49,1.318
FRECF,0001816133,failed,,,HTTPError,404 Client Error: Not Found for url: https://data.sec.gov/api/xbrl/companyfacts/CIK0001816133.json,2026-07-20T14:55:49,2026-07-20T14:55:50,1.06
FREVS,0000036840,success,16796.0,data\facts\0000036840.parquet,,,2026-07-20T14:55:51,2026-07-20T14:55:52,1.396
FRFAF,0001894942,failed,,,HTTPError,404 Client Error: Not Found for url: https://data.sec.gov/api/xbrl/companyfacts/CIK0001894942.json,2026-07-20T14:55:52,2026-07-20T14:55:53,0.994
FRFHF,0000915191,success,3059.0,data\facts\0000915191.parquet,,,2026-07-20T14:55:54,2026-07-20T14:55:55,1.036
FRGT,0001687542,success,3213.0,data\facts\0001687542.parquet,,,2026-07-20T14:55:55,2026-07-20T14:55:56,1.114
FRHC,0000924805,success,17451.0,data\facts\0000924805.parquet,,,2026-07-20T14:55:56,2026-07-20T14:55:58,1.432
FRLCY,0002065932,failed,,,HTTPError,404 Client Error: Not Found for url: https://data.sec.gov/api/xbrl/companyfacts/CIK0002065932.json,2026-07-20T14:55:58,2026-07-20T14:55:59,1.032
FRME,0000712534,success,38581.0,data\facts\0000712534.parquet,,,2026-07-20T14:55:59,2026-07-20T14:56:01,1.794
FRMI,0002071778,success,455.0,data\facts\0002071778.parquet,,,2026-07-20T14:56:01,2026-07-20T14:56:02,1.006
FRMM,0001690080,success,8238.0,data\facts\0001690080.parquet,,,2026-07-20T14:56:03,2026-07-20T14:56:04,1.235
FRO,0000913290,success,9388.0,data\facts\0000913290.parquet,,,2026-07-20T14:56:04,2026-07-20T14:56:05,1.187
FROG,0001800667,success,8497.0,data\facts\0001800667.parquet,,,2026-07-20T14:56:06,2026-07-20T14:56:07,1.188
FRPH,0000844059,success,20810.0,data\facts\0000844059.parquet,,,2026-07-20T14:56:07,2026-07-20T14:56:08,1.403
FRPT,0001611647,success,12904.0,data\facts\0001611647.parquet,,,2026-07-20T14:56:09,2026-07-20T14:56:10,1.253
FRQND,0001624517,success,4644.0,data\facts\0001624517.parquet,,,2026-07-20T14:56:10,2026-07-20T14:56:11,1.156
FRSH,0001544522,success,7379.0,data\facts\0001544522.parquet,,,2026-07-20T14:56:12,2026-07-20T14:56:13,1.06
FRST,0001325670,success,28845.0,data\facts\0001325670.parquet,,,2026-07-20T14:56:13,2026-07-20T14:56:15,1.681
FRSX,0001691221,success,3698.0,data\facts\0001691221.parquet,,,2026-07-20T14:56:15,2026-07-20T14:56:16,1.07
FRT,0000034903,success,21278.0,data\facts\0000034903.parquet,,,2026-07-20T14:56:16,2026-07-20T14:56:17,1.298
FRTRY,0002098710,failed,,,HTTPError,404 Client Error: Not Found for url: https://data.sec.gov/api/xbrl/companyfacts/CIK0002098710.json,2026-07-20T14:56:18,2026-07-20T14:56:19,0.99
FRTT,0002092967,failed,,,HTTPError,404 Client Error: Not Found for url: https://data.sec.gov/api/xbrl/companyfacts/CIK0002092967.json,2026-07-20T14:56:19,2026-07-20T14:56:20,0.936
FRVO,0001853868,success,256.0,data\facts\0001853868.parquet,,,2026-07-20T14:56:20,2026-07-20T14:56:21,0.935
FSBC,0001275168,success,9512.0,data\facts\0001275168.parquet,,,2026-07-20T14:56:21,2026-07-20T14:56:22,0.754
FSBW,0001530249,success,28626.0,data\facts\0001530249.parquet,,,2026-07-20T14:56:22,2026-07-20T14:56:24,1.327
FSCO,0001568194,failed,,,ValueError,Company Facts에서 facts 데이터를 찾지 못했습니다.,2026-07-20T14:56:24,2026-07-20T14:56:25,0.799
FSEA,0001943802,success,7758.0,data\facts\0001943802.parquet,,,2026-07-20T14:56:25,2026-07-20T14:56:26,1.261
FSHP,0001850059,success,812.0,data\facts\0001850059.parquet,,,2026-07-20T14:56:27,2026-07-20T14:56:28,1.061
FSI,0001069394,success,19352.0,data\facts\0001069394.parquet,,,2026-07-20T14:56:28,2026-07-20T14:56:29,1.474
FSK,0001422183,success,5474.0,data\facts\0001422183.parquet,,,2026-07-20T14:56:30,2026-07-20T14:56:31,1.169
FSLR,0001274494,success,31343.0,data\facts\0001274494.parquet,,,2026-07-20T14:56:31,2026-07-20T14:56:33,1.578
FSLY,0001517413,success,11864.0,data\facts\0001517413.parquet,,,2026-07-20T14:56:33,2026-07-20T14:56:34,1.151
FSM,0001341335,success,2791.0,data\facts\0001341335.parquet,,,2026-07-20T14:56:34,2026-07-20T14:56:35,0.892
FSNUY,0000904868,failed,,,HTTPError,404 Client Error: Not Found for url: https://data.sec.gov/api/xbrl/companyfacts/CIK0000904868.json,2026-07-20T14:56:35,2026-07-20T14:56:36,0.961
FSOL,0002063380,success,190.0,data\facts\0002063380.parquet,,,2026-07-20T14:56:37,2026-07-20T14:56:38,0.876
FSP,0001031316,success,17270.0,data\facts\0001031316.parquet,,,2026-07-20T14:56:38,2026-07-20T14:56:39,1.408
FSS,0000277509,success,22746.0,data\facts\0000277509.parquet,,,2026-07-20T14:56:40,2026-07-20T14:56:41,1.4
FSSL,0002065812,failed,,,ValueError,Company Facts에서 facts 데이터를 찾지 못했습니다.,2026-07-20T14:56:41,2026-07-20T14:56:42,0.871
FSTJ,0001525306,success,6747.0,data\facts\0001525306.parquet,,,2026-07-20T14:56:42,2026-07-20T14:56:43,1.176
FSTR,0000352825,success,24306.0,data\facts\0000352825.parquet,,,2026-07-20T14:56:44,2026-07-20T14:56:45,1.543
FSUN,0001709442,success,11920.0,data\facts\0001709442.parquet,,,2026-07-20T14:56:46,2026-07-20T14:56:47,1.237
FSV,0001637810,success,4099.0,data\facts\0001637810.parquet,,,2026-07-20T14:56:47,2026-07-20T14:56:48,0.88
FT,0000833040,failed,,,HTTPError,404 Client Error: Not Found for url: https://data.sec.gov/api/xbrl/companyfacts/CIK0000833040.json,2026-07-20T14:56:48,2026-07-20T14:56:49,0.981
FTAI,0001590364,success,17909.0,data\facts\0001590364.parquet,,,2026-07-20T14:56:49,2026-07-20T14:56:51,1.297
FTCI,0001828161,success,7431.0,data\facts\0001828161.parquet,,,2026-07-20T14:56:51,2026-07-20T14:56:52,0.98
FTCO,0001828377,success,5532.0,data\facts\0001828377.parquet,,,2026-07-20T14:56:52,2026-07-20T14:56:53,1.087
FTDR,0001727263,success,9838.0,data\facts\0001727263.parquet,,,2026-07-20T14:56:54,2026-07-20T14:56:55,1.108
FTEK,0000846913,success,19037.0,data\facts\0000846913.parquet,,,2026-07-20T14:56:55,2026-07-20T14:56:56,1.015
FTF,0001233087,failed,,,ValueError,Company Facts에서 facts 데이터를 찾지 못했습니다.,2026-07-20T14:56:56,2026-07-20T14:56:57,0.575
FTFT,0001066923,success,17486.0,data\facts\0001066923.parquet,,,2026-07-20T14:56:57,2026-07-20T14:56:58,1.482
FTH,0001829802,success,5400.0,data\facts\0001829802.parquet,,,2026-07-20T14:56:59,2026-07-20T14:57:00,1.217
FTHA,0002097986,success,38.0,data\facts\0002097986.parquet,,,2026-07-20T14:57:00,2026-07-20T14:57:01,0.871
FTHM,0001753162,success,6650.0,data\facts\0001753162.parquet,,,2026-07-20T14:57:01,2026-07-20T14:57:02,1.146
FTHY,0001810523,failed,,,HTTPError,404 Client Error: Not Found for url: https://data.sec.gov/api/xbrl/companyfacts/CIK0001810523.json,2026-07-20T14:57:03,2026-07-20T14:57:03,0.76
FTI,0001681459,success,18597.0,data\facts\0001681459.parquet,,,2026-07-20T14:57:04,2026-07-20T14:57:05,1.595
FTK,0000928054,success,25752.0,data\facts\0000928054.parquet,,,2026-07-20T14:57:06,2026-07-20T14:57:07,1.425
FTLF,0001374328,success,14784.0,data\facts\0001374328.parquet,,,2026-07-20T14:57:07,2026-07-20T14:57:08,1.111
FTNT,0001262039,success,22923.0,data\facts\0001262039.parquet,,,2026-07-20T14:57:09,2026-07-20T14:57:10,1.684
FTRA,0002131853,success,6.0,data\facts\0002131853.parquet,,,2026-07-20T14:57:11,2026-07-20T14:57:12,0.97
FTRE,0001965040,success,4764.0,data\facts\0001965040.parquet,,,2026-07-20T14:57:12,2026-07-20T14:57:13,0.992
FTRK,0002027262,success,778.0,data\facts\0002027262.parquet,,,2026-07-20T14:57:13,2026-07-20T14:57:14,1.152
FTS,0001666175,success,8683.0,data\facts\0001666175.parquet,,,2026-07-20T14:57:14,2026-07-20T14:57:16,1.249
FTV,0001659166,success,16163.0,data\facts\0001659166.parquet,,,2026-07-20T14:57:16,2026-07-20T14:57:17,1.297
FTW,0002083125,success,43.0,data\facts\0002083125.parquet,,,2026-07-20T14:57:18,2026-07-20T14:57:19,0.919
FTZFF,0001819258,failed,,,HTTPError,404 Client Error: Not Found for url: https://data.sec.gov/api/xbrl/companyfacts/CIK0001819258.json,2026-07-20T14:57:19,2026-07-20T14:57:20,1.038
FUBO,0001484769,success,17248.0,data\facts\0001484769.parquet,,,2026-07-20T14:57:20,2026-07-20T14:57:22,1.533
FUFU,0001921158,success,1420.0,data\facts\0001921158.parquet,,,2026-07-20T14:57:22,2026-07-20T14:57:23,0.954
FUL,0000039368,success,28512.0,data\facts\0000039368.parquet,,,2026-07-20T14:57:23,2026-07-20T14:57:25,1.741
FULC,0001680581,success,6775.0,data\facts\0001680581.parquet,,,2026-07-20T14:57:25,2026-07-20T14:57:26,1.249
FULO,0001092570,success,9940.0,data\facts\0001092570.parquet,,,2026-07-20T14:57:27,2026-07-20T14:57:28,1.295
FULT,0000700564,success,34489.0,data\facts\0000700564.parquet,,,2026-07-20T14:57:28,2026-07-20T14:57:30,1.983
FUN,0001999001,success,3622.0,data\facts\0001999001.parquet,,,2026-07-20T14:57:31,2026-07-20T14:57:32,1.12
FUNC,0000763907,success,30100.0,data\facts\0000763907.parquet,,,2026-07-20T14:57:32,2026-07-20T14:57:34,1.841
FUND,0000825202,failed,,,HTTPError,404 Client Error: Not Found for url: https://data.sec.gov/api/xbrl/companyfacts/CIK0000825202.json,2026-07-20T14:57:34,2026-07-20T14:57:35,0.909
FUNI,0001502966,success,12509.0,data\facts\0001502966.parquet,,,2026-07-20T14:57:35,2026-07-20T14:57:36,1.323
FURY,0001514597,success,2703.0,data\facts\0001514597.parquet,,,2026-07-20T14:57:37,2026-07-20T14:57:38,0.997
FUSB,0000717806,success,27151.0,data\facts\0000717806.parquet,,,2026-07-20T14:57:38,2026-07-20T14:57:40,1.596
FUSE,0002033383,success,1686.0,data\facts\0002033383.parquet,,,2026-07-20T14:57:40,2026-07-20T14:57:41,1.114
FUST,0001636051,success,7829.0,data\facts\0001636051.parquet,,,2026-07-20T14:57:41,2026-07-20T14:57:42,1.178
FUTU,0001754581,success,4480.0,data\facts\0001754581.parquet,,,2026-07-20T14:57:43,2026-07-20T14:57:44,0.915
FUUFF,0001703118,failed,,,HTTPError,404 Client Error: Not Found for url: https://data.sec.gov/api/xbrl/companyfacts/CIK0001703118.json,2026-07-20T14:57:44,2026-07-20T14:57:45,1.061
FVAV,0001850733,success,53.0,data\facts\0001850733.parquet,,,2026-07-20T14:57:45,2026-07-20T14:57:46,0.96
FVCB,0001675644,success,12810.0,data\facts\0001675644.parquet,,,2026-07-20T14:57:46,2026-07-20T14:57:48,1.201
FVN,0002010653,success,647.0,data\facts\0002010653.parquet,,,2026-07-20T14:57:48,2026-07-20T14:57:49,0.918
FVR,0001988494,success,1497.0,data\facts\0001988494.parquet,,,2026-07-20T14:57:49,2026-07-20T14:57:50,0.87
FVRR,0001762301,success,3226.0,data\facts\0001762301.parquet,,,2026-07-20T14:57:50,2026-07-20T14:57:51,1.104
FVTI,0001626745,success,6460.0,data\facts\0001626745.parquet,,,2026-07-20T14:57:52,2026-07-20T14:57:52,0.914
FWAC,0002116105,success,10.0,data\facts\0002116105.parquet,,,2026-07-20T14:57:53,2026-07-20T14:57:54,1.077
FWDI,0000038264,success,14945.0,data\facts\0000038264.parquet,,,2026-07-20T14:57:54,2026-07-20T14:57:55,1.267
FWFW,0001492617,success,4697.0,data\facts\0001492617.parquet,,,2026-07-20T14:57:56,2026-07-20T14:57:57,0.955
FWONA,0001560385,success,16058.0,data\facts\0001560385.parquet,,,2026-07-20T14:57:57,2026-07-20T14:57:58,1.456
FWRD,0000912728,success,20601.0,data\facts\0000912728.parquet,,,2026-07-20T14:57:58,2026-07-20T14:58:00,1.515
FWRG,0001789940,success,7539.0,data\facts\0001789940.parquet,,,2026-07-20T14:58:00,2026-07-20T14:58:01,1.103
FXA,0001353614,success,6483.0,data\facts\0001353614.parquet,,,2026-07-20T14:58:02,2026-07-20T14:58:03,1.062
FXAC,0002121703,success,10.0,data\facts\0002121703.parquet,,,2026-07-20T14:58:03,2026-07-20T14:58:04,1.062
FXB,0001353611,success,5983.0,data\facts\0001353611.parquet,,,2026-07-20T14:58:04,2026-07-20T14:58:05,1.118
FXBY,0001068897,failed,,,HTTPError,404 Client Error: Not Found for url: https://data.sec.gov/api/xbrl/companyfacts/CIK0001068897.json,2026-07-20T14:58:06,2026-07-20T14:58:06,0.814
FXC,0001353612,success,6538.0,data\facts\0001353612.parquet,,,2026-07-20T14:58:07,2026-07-20T14:58:08,1.161
FXCNY,0001164009,failed,,,HTTPError,404 Client Error: Not Found for url: https://data.sec.gov/api/xbrl/companyfacts/CIK0001164009.json,2026-07-20T14:58:08,2026-07-20T14:58:09,0.938
FXE,0001328598,success,6519.0,data\facts\0001328598.parquet,,,2026-07-20T14:58:09,2026-07-20T14:58:11,1.239
FXF,0001353615,success,6063.0,data\facts\0001353615.parquet,,,2026-07-20T14:58:11,2026-07-20T14:58:12,1.135
FXHO,0001789299,success,3725.0,data\facts\0001789299.parquet,,,2026-07-20T14:58:12,2026-07-20T14:58:13,1.145
FXNC,0000719402,success,28792.0,data\facts\0000719402.parquet,,,2026-07-20T14:58:14,2026-07-20T14:58:15,1.546
FXY,0001353613,success,6106.0,data\facts\0001353613.parquet,,,2026-07-20T14:58:15,2026-07-20T14:58:17,1.155
FYNN,0001497230,success,1497.0,data\facts\0001497230.parquet,,,2026-07-20T14:58:17,2026-07-20T14:58:18,0.938
FZMD,0000319016,success,9309.0,data\facts\0000319016.parquet,,,2026-07-20T14:58:18,2026-07-20T14:58:19,1.19
G,0001398659,success,34629.0,data\facts\0001398659.parquet,,,2026-07-20T14:58:20,2026-07-20T14:58:21,1.853
GAB,0000794685,failed,,,HTTPError,404 Client Error: Not Found for url: https://data.sec.gov/api/xbrl/companyfacts/CIK0000794685.json,2026-07-20T14:58:22,2026-07-20T14:58:22,0.828
GABC,0000714395,success,31069.0,data\facts\0000714395.parquet,,,2026-07-20T14:58:23,2026-07-20T14:58:24,1.664
GAFC,0001989788,success,1113.0,data\facts\0001989788.parquet,,,2026-07-20T14:58:25,2026-07-20T14:58:26,1.157
GAIA,0001089872,success,12929.0,data\facts\0001089872.parquet,,,2026-07-20T14:58:26,2026-07-20T14:58:27,1.255
GAIN,0001321741,success,5248.0,data\facts\0001321741.parquet,,,2026-07-20T14:58:28,2026-07-20T14:58:29,1.042
GALDY,0002021390,failed,,,HTTPError,404 Client Error: Not Found for url: https://data.sec.gov/api/xbrl/companyfacts/CIK0002021390.json,2026-07-20T14:58:29,2026-07-20T14:58:30,1.008
GALT,0001133416,success,11066.0,data\facts\0001133416.parquet,,,2026-07-20T14:58:30,2026-07-20T14:58:31,1.2
GAM,0000040417,failed,,,HTTPError,404 Client Error: Not Found for url: https://data.sec.gov/api/xbrl/companyfacts/CIK0000040417.json,2026-07-20T14:58:32,2026-07-20T14:58:33,0.878
GAMB,0001839799,success,2997.0,data\facts\0001839799.parquet,,,2026-07-20T14:58:33,2026-07-20T14:58:34,1.083
GAME,0001714562,success,6152.0,data\facts\0001714562.parquet,,,2026-07-20T14:58:34,2026-07-20T14:58:35,1.037
GAMG,0000055234,success,2508.0,data\facts\0000055234.parquet,,,2026-07-20T14:58:35,2026-07-20T14:58:37,1.04
GANX,0001819411,success,5311.0,data\facts\0001819411.parquet,,,2026-07-20T14:58:37,2026-07-20T14:58:38,1.104
GAP,0000039911,success,25709.0,data\facts\0000039911.parquet,,,2026-07-20T14:58:38,2026-07-20T14:58:40,1.446
GARLF,0001725569,failed,,,HTTPError,404 Client Error: Not Found for url: https://data.sec.gov/api/xbrl/companyfacts/CIK0001725569.json,2026-07-20T14:58:40,2026-07-20T14:58:41,1.016
GARWF,0001403870,failed,,,HTTPError,404 Client Error: Not Found for url: https://data.sec.gov/api/xbrl/companyfacts/CIK0001403870.json,2026-07-20T14:58:41,2026-07-20T14:58:42,0.852
GASS,0001328919,success,5834.0,data\facts\0001328919.parquet,,,2026-07-20T14:58:42,2026-07-20T14:58:43,1.218
GATX,0000040211,success,23572.0,data\facts\0000040211.parquet,,,2026-07-20T14:58:44,2026-07-20T14:58:45,1.55
GAU,0001377757,success,2097.0,data\facts\0001377757.parquet,,,2026-07-20T14:58:46,2026-07-20T14:58:47,1.087
GAUZ,0001781446,success,1167.0,data\facts\0001781446.parquet,,,2026-07-20T14:58:47,2026-07-20T14:58:48,1.019
GAVA,0002035053,success,83.0,data\facts\0002035053.parquet,,,2026-07-20T14:58:48,2026-07-20T14:58:49,1.009
GBAB,0001495825,failed,,,ValueError,Company Facts에서 facts 데이터를 찾지 못했습니다.,2026-07-20T14:58:49,2026-07-20T14:58:50,0.875
GBAT,0001852040,failed,,,HTTPError,404 Client Error: Not Found for url: https://data.sec.gov/api/xbrl/companyfacts/CIK0001852040.json,2026-07-20T14:58:51,2026-07-20T14:58:52,0.992
GBCI,0000868671,success,36823.0,data\facts\0000868671.parquet,,,2026-07-20T14:58:52,2026-07-20T14:58:54,1.735
GBCMD,0001454475,failed,,,HTTPError,404 Client Error: Not Found for url: https://data.sec.gov/api/xbrl/companyfacts/CIK0001454475.json,2026-07-20T14:58:54,2026-07-20T14:58:55,0.915
GBCS,0000727346,success,12173.0,data\facts\0000727346.parquet,,,2026-07-20T14:58:55,2026-07-20T14:58:56,1.368
GBDC,0001476765,success,5385.0,data\facts\0001476765.parquet,,,2026-07-20T14:58:57,2026-07-20T14:58:58,1.188
GBFH,0001791145,success,1916.0,data\facts\0001791145.parquet,,,2026-07-20T14:58:58,2026-07-20T14:58:59,1.01
GBLI,0001494904,success,26093.0,data\facts\0001494904.parquet,,,2026-07-20T14:58:59,2026-07-20T14:59:01,1.533
GBNB,0002106762,failed,,,HTTPError,404 Client Error: Not Found for url: https://data.sec.gov/api/xbrl/companyfacts/CIK0002106762.json,2026-07-20T14:59:01,2026-07-20T14:59:02,0.925
GBNXY,0002071913,failed,,,HTTPError,404 Client Error: Not Found for url: https://data.sec.gov/api/xbrl/companyfacts/CIK0002071913.json,2026-07-20T14:59:02,2026-07-20T14:59:03,0.857
GBNY,0001823365,success,8034.0,data\facts\0001823365.parquet,,,2026-07-20T14:59:03,2026-07-20T14:59:05,1.163
GBR,0000105744,success,9221.0,data\facts\0000105744.parquet,,,2026-07-20T14:59:05,2026-07-20T14:59:06,1.27
GBTC,0001588489,success,2796.0,data\facts\0001588489.parquet,,,2026-07-20T14:59:06,2026-07-20T14:59:07,1.019
GBTG,0001820872,success,6915.0,data\facts\0001820872.parquet,,,2026-07-20T14:59:08,2026-07-20T14:59:09,1.133
GBUX,0001169138,success,2219.0,data\facts\0001169138.parquet,,,2026-07-20T14:59:09,2026-07-20T14:59:10,1.039
GBX,0000923120,success,20588.0,data\facts\0000923120.parquet,,,2026-07-20T14:59:10,2026-07-20T14:59:12,1.518
GCAN,0001695473,success,5283.0,data\facts\0001695473.parquet,,,2026-07-20T14:59:12,2026-07-20T14:59:13,1.145
GCBC,0001070524,success,27026.0,data\facts\0001070524.parquet,,,2026-07-20T14:59:14,2026-07-20T14:59:15,1.504
GCDT,0001926293,success,190.0,data\facts\0001926293.parquet,,,2026-07-20T14:59:15,2026-07-20T14:59:16,0.934
GCGJ,0001765048,success,2572.0,data\facts\0001765048.parquet,,,2026-07-20T14:59:17,2026-07-20T14:59:18,1.112
GCGR,0002108962,success,9.0,data\facts\0002108962.parquet,,,2026-07-20T14:59:18,2026-07-20T14:59:19,0.941
GCL,0002002045,success,1379.0,data\facts\0002002045.parquet,,,2026-07-20T14:59:19,2026-07-20T14:59:20,1.071
GCMG,0001819796,success,8252.0,data\facts\0001819796.parquet,,,2026-07-20T14:59:21,2026-07-20T14:59:22,1.204
GCO,0000018498,success,26659.0,data\facts\0000018498.parquet,,,2026-07-20T14:59:22,2026-07-20T14:59:23,1.472
GCT,0001857816,success,4115.0,data\facts\0001857816.parquet,,,2026-07-20T14:59:24,2026-07-20T14:59:25,1.014
GCTK,0001506983,success,11225.0,data\facts\0001506983.parquet,,,2026-07-20T14:59:25,2026-07-20T14:59:26,1.259
GCTS,0001851961,success,3866.0,data\facts\0001851961.parquet,,,2026-07-20T14:59:27,2026-07-20T14:59:28,1.164
GCUMF,0001514860,failed,,,HTTPError,404 Client Error: Not Found for url: https://data.sec.gov/api/xbrl/companyfacts/CIK0001514860.json,2026-07-20T14:59:28,2026-07-20T14:59:29,0.861
GCV,0000845611,failed,,,ValueError,Company Facts에서 facts 데이터를 찾지 못했습니다.,2026-07-20T14:59:29,2026-07-20T14:59:30,1.04
GD,0000040533,success,23927.0,data\facts\0000040533.parquet,,,2026-07-20T14:59:30,2026-07-20T14:59:32,1.718
GDC,0001641398,success,10228.0,data\facts\0001641398.parquet,,,2026-07-20T14:59:32,2026-07-20T14:59:34,1.319
GDDY,0001609711,success,15173.0,data\facts\0001609711.parquet,,,2026-07-20T14:59:34,2026-07-20T14:59:35,1.315
GDEV,0001848739,success,3495.0,data\facts\0001848739.parquet,,,2026-07-20T14:59:36,2026-07-20T14:59:37,1.119
GDGIF,0002027037,failed,,,HTTPError,404 Client Error: Not Found for url: https://data.sec.gov/api/xbrl/companyfacts/CIK0002027037.json,2026-07-20T14:59:37,2026-07-20T14:59:38,0.933
GDHG,0001928340,success,1228.0,data\facts\0001928340.parquet,,,2026-07-20T14:59:38,2026-07-20T14:59:39,1.069
GDHRY,0002129466,failed,,,HTTPError,404 Client Error: Not Found for url: https://data.sec.gov/api/xbrl/companyfacts/CIK0002129466.json,2026-07-20T14:59:39,2026-07-20T14:59:40,0.896
GDL,0001378701,failed,,,ValueError,Company Facts에서 facts 데이터를 찾지 못했습니다.,2026-07-20T14:59:41,2026-07-20T14:59:42,1.017
GDLC,0001729997,success,2006.0,data\facts\0001729997.parquet,,,2026-07-20T14:59:42,2026-07-20T14:59:43,0.988
GDLG,0001848672,success,2319.0,data\facts\0001848672.parquet,,,2026-07-20T14:59:43,2026-07-20T14:59:44,1.113
GDMT,0002105318,success,5.0,data\facts\0002105318.parquet,,,2026-07-20T14:59:45,2026-07-20T14:59:45,0.863
GDO,0001472341,failed,,,ValueError,Company Facts에서 facts 데이터를 찾지 못했습니다.,2026-07-20T14:59:46,2026-07-20T14:59:47,0.953
GDOG,0002055510,success,166.0,data\facts\0002055510.parquet,,,2026-07-20T14:59:47,2026-07-20T14:59:48,0.821
GDOT,0001386278,success,23824.0,data\facts\0001386278.parquet,,,2026-07-20T14:59:48,2026-07-20T14:59:50,1.577
GDRX,0001809519,success,6543.0,data\facts\0001809519.parquet,,,2026-07-20T14:59:50,2026-07-20T14:59:51,1.187
GDRZF,0001072725,success,8881.0,data\facts\0001072725.parquet,,,2026-07-20T14:59:51,2026-07-20T14:59:53,1.24
GDS,0001526125,success,6985.0,data\facts\0001526125.parquet,,,2026-07-20T14:59:53,2026-07-20T14:59:54,1.164
GDSRF,0001427901,failed,,,HTTPError,404 Client Error: Not Found for url: https://data.sec.gov/api/xbrl/companyfacts/CIK0001427901.json,2026-07-20T14:59:54,2026-07-20T14:59:56,1.327
GDST,0001858007,success,2689.0,data\facts\0001858007.parquet,,,2026-07-20T14:59:56,2026-07-20T14:59:57,1.452
GDTC,0001873093,success,1782.0,data\facts\0001873093.parquet,,,2026-07-20T14:59:58,2026-07-20T14:59:59,1.065
GDV,0001260729,failed,,,HTTPError,404 Client Error: Not Found for url: https://data.sec.gov/api/xbrl/companyfacts/CIK0001260729.json,2026-07-20T14:59:59,2026-07-20T15:00:00,0.914
GDYN,0001743725,success,8307.0,data\facts\0001743725.parquet,,,2026-07-20T15:00:00,2026-07-20T15:00:01,1.265
GE,0000040545,success,40427.0,data\facts\0000040545.parquet,,,2026-07-20T15:00:02,2026-07-20T15:00:04,1.915
GEBRF,0001570843,success,988.0,data\facts\0001570843.parquet,,,2026-07-20T15:00:04,2026-07-20T15:00:05,1.142
GECC,0001675033,success,4131.0,data\facts\0001675033.parquet,,,2026-07-20T15:00:05,2026-07-20T15:00:06,1.103
GEDC,0001174891,success,9438.0,data\facts\0001174891.parquet,,,2026-07-20T15:00:07,2026-07-20T15:00:08,1.172
GEF,0000043920,success,25755.0,data\facts\0000043920.parquet,,,2026-07-20T15:00:08,2026-07-20T15:00:10,1.643
GEG,0001831096,success,7633.0,data\facts\0001831096.parquet,,,2026-07-20T15:00:10,2026-07-20T15:00:11,1.254
GEHC,0001932393,success,6995.0,data\facts\0001932393.parquet,,,2026-07-20T15:00:11,2026-07-20T15:00:13,1.172
GEHDF,0001291313,failed,,,HTTPError,404 Client Error: Not Found for url: https://data.sec.gov/api/xbrl/companyfacts/CIK0001291313.json,2026-07-20T15:00:13,2026-07-20T15:00:14,0.97
GEL,0001022321,success,22830.0,data\facts\0001022321.parquet,,,2026-07-20T15:00:14,2026-07-20T15:00:16,1.411
GELHY,0001474968,failed,,,HTTPError,404 Client Error: Not Found for url: https://data.sec.gov/api/xbrl/companyfacts/CIK0001474968.json,2026-07-20T15:00:16,2026-07-20T15:00:17,0.947
GELS,0001920092,success,644.0,data\facts\0001920092.parquet,,,2026-07-20T15:00:17,2026-07-20T15:00:18,0.981
GEMI,0002055592,success,1242.0,data\facts\0002055592.parquet,,,2026-07-20T15:00:18,2026-07-20T15:00:19,0.993
GEN,0000849399,success,27137.0,data\facts\0000849399.parquet,,,2026-07-20T15:00:20,2026-07-20T15:00:21,1.565
GENB,0002100782,success,228.0,data\facts\0002100782.parquet,,,2026-07-20T15:00:21,2026-07-20T15:00:22,0.947
GENC,0000064472,success,12393.0,data\facts\0000064472.parquet,,,2026-07-20T15:00:23,2026-07-20T15:00:24,1.321
GENI,0001834489,success,3655.0,data\facts\0001834489.parquet,,,2026-07-20T15:00:24,2026-07-20T15:00:25,1.089
GENK,0001891856,success,3366.0,data\facts\0001891856.parquet,,,2026-07-20T15:00:26,2026-07-20T15:00:27,1.183
GENN,0001745621,success,5.0,data\facts\0001745621.parquet,,,2026-07-20T15:00:27,2026-07-20T15:00:28,0.887
GEO,0000923796,success,28407.0,data\facts\0000923796.parquet,,,2026-07-20T15:00:28,2026-07-20T15:00:30,1.664
GEOS,0001001115,success,18383.0,data\facts\0001001115.parquet,,,2026-07-20T15:00:30,2026-07-20T15:00:32,1.437
GERN,0000886744,success,13027.0,data\facts\0000886744.parquet,,,2026-07-20T15:00:32,2026-07-20T15:00:33,1.313
GETY,0001898496,success,6146.0,data\facts\0001898496.parquet,,,2026-07-20T15:00:33,2026-07-20T15:00:34,1.05
GEV,0001996810,success,3767.0,data\facts\0001996810.parquet,,,2026-07-20T15:00:35,2026-07-20T15:00:36,1.095
GEVO,0001392380,success,17085.0,data\facts\0001392380.parquet,,,2026-07-20T15:00:36,2026-07-20T15:00:37,1.334
GF,0000858706,failed,,,HTTPError,404 Client Error: Not Found for url: https://data.sec.gov/api/xbrl/companyfacts/CIK0000858706.json,2026-07-20T15:00:38,2026-07-20T15:00:39,0.951
GFAI,0001804469,success,3763.0,data\facts\0001804469.parquet,,,2026-07-20T15:00:39,2026-07-20T15:00:40,1.095
GFASY,0001389207,failed,,,HTTPError,404 Client Error: Not Found for url: https://data.sec.gov/api/xbrl/companyfacts/CIK0001389207.json,2026-07-20T15:00:40,2026-07-20T15:00:41,0.943
GFF,0000050725,success,28848.0,data\facts\0000050725.parquet,,,2026-07-20T15:00:41,2026-07-20T15:00:43,1.661
GFI,0001172724,success,7597.0,data\facts\0001172724.parquet,,,2026-07-20T15:00:43,2026-07-20T15:00:45,1.13
GFL,0001780232,success,1889.0,data\facts\0001780232.parquet,,,2026-07-20T15:00:45,2026-07-20T15:00:46,1.124
GFLT,0001796949,success,4335.0,data\facts\0001796949.parquet,,,2026-07-20T15:00:46,2026-07-20T15:00:47,1.067
GFMH,0000820771,success,5858.0,data\facts\0000820771.parquet,,,2026-07-20T15:00:47,2026-07-20T15:00:49,1.117
GFR,0001966287,success,1019.0,data\facts\0001966287.parquet,,,2026-07-20T15:00:49,2026-07-20T15:00:50,0.844
GFS,0001709048,success,5225.0,data\facts\0001709048.parquet,,,2026-07-20T15:00:50,2026-07-20T15:00:51,1.233
GFTFF,0002103596,failed,,,HTTPError,404 Client Error: Not Found for url: https://data.sec.gov/api/xbrl/companyfacts/CIK0002103596.json,2026-07-20T15:00:51,2026-07-20T15:00:52,0.946
GGAL,0001114700,success,4505.0,data\facts\0001114700.parquet,,,2026-07-20T15:00:53,2026-07-20T15:00:54,1.196
GGAZF,0001515964,failed,,,HTTPError,404 Client Error: Not Found for url: https://data.sec.gov/api/xbrl/companyfacts/CIK0001515964.json,2026-07-20T15:00:54,2026-07-20T15:00:55,0.92
GGB,0001073404,success,4331.0,data\facts\0001073404.parquet,,,2026-07-20T15:00:55,2026-07-20T15:00:56,1.025
GGBY,0001616736,success,6151.0,data\facts\0001616736.parquet,,,2026-07-20T15:00:57,2026-07-20T15:00:58,1.154
GGG,0000042888,success,23343.0,data\facts\0000042888.parquet,,,2026-07-20T15:00:58,2026-07-20T15:01:00,1.556
GGLXF,0000800523,failed,,,HTTPError,404 Client Error: Not Found for url: https://data.sec.gov/api/xbrl/companyfacts/CIK0000800523.json,2026-07-20T15:01:00,2026-07-20T15:01:01,0.891
GGN,0001313510,failed,,,ValueError,Company Facts에서 facts 데이터를 찾지 못했습니다.,2026-07-20T15:01:01,2026-07-20T15:01:02,0.98
GGOXF,0000877019,failed,,,HTTPError,404 Client Error: Not Found for url: https://data.sec.gov/api/xbrl/companyfacts/CIK0000877019.json,2026-07-20T15:01:02,2026-07-20T15:01:03,0.927
GGR,0001886190,success,2299.0,data\facts\0001886190.parquet,,,2026-07-20T15:01:04,2026-07-20T15:01:05,1.112
GGROU,0001489874,success,8686.0,data\facts\0001489874.parquet,,,2026-07-20T15:01:05,2026-07-20T15:01:06,1.368
GGRP,0001854445,success,5325.0,data\facts\0001854445.parquet,,,2026-07-20T15:01:07,2026-07-20T15:01:08,1.275
GGRPY,0002075474,failed,,,HTTPError,404 Client Error: Not Found for url: https://data.sec.gov/api/xbrl/companyfacts/CIK0002075474.json,2026-07-20T15:01:08,2026-07-20T15:01:09,0.925
GGT,0000921671,failed,,,ValueError,Company Facts에서 facts 데이터를 찾지 못했습니다.,2026-07-20T15:01:09,2026-07-20T15:01:10,1.072
GGTKY,0002059690,failed,,,HTTPError,404 Client Error: Not Found for url: https://data.sec.gov/api/xbrl/companyfacts/CIK0002059690.json,2026-07-20T15:01:11,2026-07-20T15:01:12,0.974
GGZ,0001585855,failed,,,ValueError,Company Facts에서 facts 데이터를 찾지 못했습니다.,2026-07-20T15:01:12,2026-07-20T15:01:13,0.839
GH,0001576280,success,11901.0,data\facts\0001576280.parquet,,,2026-07-20T15:01:13,2026-07-20T15:01:14,1.522
GHC,0000104889,success,35143.0,data\facts\0000104889.parquet,,,2026-07-20T15:01:15,2026-07-20T15:01:17,2.154
GHG,0001724755,success,5475.0,data\facts\0001724755.parquet,,,2026-07-20T15:01:17,2026-07-20T15:01:18,1.269
GHI,0001059142,success,17494.0,data\facts\0001059142.parquet,,,2026-07-20T15:01:19,2026-07-20T15:01:20,1.618
GHM,0000716314,success,19920.0,data\facts\0000716314.parquet,,,2026-07-20T15:01:21,2026-07-20T15:01:22,1.56
GHRS,0001855129,success,3419.0,data\facts\0001855129.parquet,,,2026-07-20T15:01:22,2026-07-20T15:01:24,1.187
GHRTF,0002045434,failed,,,HTTPError,404 Client Error: Not Found for url: https://data.sec.gov/api/xbrl/companyfacts/CIK0002045434.json,2026-07-20T15:01:24,2026-07-20T15:01:25,1.002
GHST,0001121795,success,2377.0,data\facts\0001121795.parquet,,,2026-07-20T15:01:25,2026-07-20T15:01:26,1.019
GHXI,0002086438,failed,,,ValueError,변환된 Fact Store가 비어 있습니다.,2026-07-20T15:01:26,2026-07-20T15:01:27,0.952
GHY,0001554697,failed,,,HTTPError,404 Client Error: Not Found for url: https://data.sec.gov/api/xbrl/companyfacts/CIK0001554697.json,2026-07-20T15:01:28,2026-07-20T15:01:29,1.043
GIB,0001061574,success,2809.0,data\facts\0001061574.parquet,,,2026-07-20T15:01:29,2026-07-20T15:01:30,1.038
GIBO,0002034520,success,177.0,data\facts\0002034520.parquet,,,2026-07-20T15:01:30,2026-07-20T15:01:31,1.039
GIC,0000945114,success,16737.0,data\facts\0000945114.parquet,,,2026-07-20T15:01:32,2026-07-20T15:01:33,1.456
GIDHF,0002109547,failed,,,HTTPError,404 Client Error: Not Found for url: https://data.sec.gov/api/xbrl/companyfacts/CIK0002109547.json,2026-07-20T15:01:33,2026-07-20T15:01:34,0.863
GIFT,0001760233,success,4566.0,data\facts\0001760233.parquet,,,2026-07-20T15:01:34,2026-07-20T15:01:36,1.279
GIGGF,0001336364,success,808.0,data\facts\0001336364.parquet,,,2026-07-20T15:01:36,2026-07-20T15:01:37,0.958
GIGM,0001105101,success,6826.0,data\facts\0001105101.parquet,,,2026-07-20T15:01:37,2026-07-20T15:01:39,1.336
GIII,0000821002,success,19378.0,data\facts\0000821002.parquet,,,2026-07-20T15:01:39,2026-07-20T15:01:40,1.596
GIL,0001061894,success,2984.0,data\facts\0001061894.parquet,,,2026-07-20T15:01:41,2026-07-20T15:01:42,1.21
GILD,0000882095,success,30495.0,data\facts\0000882095.parquet,,,2026-07-20T15:01:42,2026-07-20T15:01:44,1.62
GILT,0000897322,success,10127.0,data\facts\0000897322.parquet,,,2026-07-20T15:01:44,2026-07-20T15:01:45,1.272
GIPL,0001837774,success,3005.0,data\facts\0001837774.parquet,,,2026-07-20T15:01:46,2026-07-20T15:01:47,1.182
GIPR,0001651721,success,5064.0,data\facts\0001651721.parquet,,,2026-07-20T15:01:47,2026-07-20T15:01:48,1.245
GIS,0000040704,success,29613.0,data\facts\0000040704.parquet,,,2026-07-20T15:01:49,2026-07-20T15:01:50,1.852
GITS,0001911545,success,3209.0,data\facts\0001911545.parquet,,,2026-07-20T15:01:51,2026-07-20T15:01:52,1.206
GIVE,0002074158,failed,,,HTTPError,404 Client Error: Not Found for url: https://data.sec.gov/api/xbrl/companyfacts/CIK0002074158.json,2026-07-20T15:01:52,2026-07-20T15:01:53,0.576
GIW,0002080019,success,149.0,data\facts\0002080019.parquet,,,2026-07-20T15:01:53,2026-07-20T15:01:54,0.642
GIX,0002098712,success,104.0,data\facts\0002098712.parquet,,,2026-07-20T15:01:54,2026-07-20T15:01:54,0.602
GIXI,0001782265,failed,,,HTTPError,404 Client Error: Not Found for url: https://data.sec.gov/api/xbrl/companyfacts/CIK0001782265.json,2026-07-20T15:01:55,2026-07-20T15:01:55,0.506
GJH,0001286405,failed,,,HTTPError,404 Client Error: Not Found for url: https://data.sec.gov/api/xbrl/companyfacts/CIK0001286405.json,2026-07-20T15:01:55,2026-07-20T15:01:56,0.571
GJO,0001340909,failed,,,HTTPError,404 Client Error: Not Found for url: https://data.sec.gov/api/xbrl/companyfacts/CIK0001340909.json,2026-07-20T15:01:56,2026-07-20T15:01:57,0.61
GJP,0001343491,failed,,,HTTPError,404 Client Error: Not Found for url: https://data.sec.gov/api/xbrl/companyfacts/CIK0001343491.json,2026-07-20T15:01:57,2026-07-20T15:01:58,0.558
GJR,0001353226,failed,,,HTTPError,404 Client Error: Not Found for url: https://data.sec.gov/api/xbrl/companyfacts/CIK0001353226.json,2026-07-20T15:01:58,2026-07-20T15:01:59,0.804
GJS,0001356284,failed,,,HTTPError,404 Client Error: Not Found for url: https://data.sec.gov/api/xbrl/companyfacts/CIK0001356284.json,2026-07-20T15:01:59,2026-07-20T15:02:00,0.767
GJT,0001357660,failed,,,HTTPError,404 Client Error: Not Found for url: https://data.sec.gov/api/xbrl/companyfacts/CIK0001357660.json,2026-07-20T15:02:00,2026-07-20T15:02:01,0.859
GKOS,0001192448,success,15034.0,data\facts\0001192448.parquet,,,2026-07-20T15:02:01,2026-07-20T15:02:02,1.1
GL,0000320335,success,31681.0,data\facts\0000320335.parquet,,,2026-07-20T15:02:02,2026-07-20T15:02:04,1.433
GLAD,0001143513,success,4979.0,data\facts\0001143513.parquet,,,2026-07-20T15:02:04,2026-07-20T15:02:05,0.871
GLAI,0001473490,success,6688.0,data\facts\0001473490.parquet,,,2026-07-20T15:02:05,2026-07-20T15:02:06,0.724
GLAS,0001848731,success,2646.0,data\facts\0001848731.parquet,,,2026-07-20T15:02:06,2026-07-20T15:02:07,0.718
GLATF,0001716410,failed,,,HTTPError,404 Client Error: Not Found for url: https://data.sec.gov/api/xbrl/companyfacts/CIK0001716410.json,2026-07-20T15:02:07,2026-07-20T15:02:08,0.501
GLBE,0001835963,success,2042.0,data\facts\0001835963.parquet,,,2026-07-20T15:02:08,2026-07-20T15:02:09,0.635
GLBS,0001499780,success,4307.0,data\facts\0001499780.parquet,,,2026-07-20T15:02:09,2026-07-20T15:02:10,0.733
GLBZ,0000890066,success,21032.0,data\facts\0000890066.parquet,,,2026-07-20T15:02:10,2026-07-20T15:02:11,1.03
GLCNF,0001524684,failed,,,HTTPError,404 Client Error: Not Found for url: https://data.sec.gov/api/xbrl/companyfacts/CIK0001524684.json,2026-07-20T15:02:11,2026-07-20T15:02:12,0.487
GLD,0001222333,success,8931.0,data\facts\0001222333.parquet,,,2026-07-20T15:02:12,2026-07-20T15:02:13,0.763
GLDG,0001538847,success,1292.0,data\facts\0001538847.parquet,,,2026-07-20T15:02:13,2026-07-20T15:02:14,0.697
GLDI,0001053092,success,4997.0,data\facts\0001053092.parquet,,,2026-07-20T15:02:14,2026-07-20T15:02:15,0.69
GLDM,0001618181,success,4570.0,data\facts\0001618181.parquet,,,2026-07-20T15:02:15,2026-07-20T15:02:16,0.814
GLE,0001908705,success,923.0,data\facts\0001908705.parquet,,,2026-07-20T15:02:16,2026-07-20T15:02:16,0.61
GLED,0002091484,success,74.0,data\facts\0002091484.parquet,,,2026-07-20T15:02:17,2026-07-20T15:02:17,0.711
GLEI,0001871890,success,1528.0,data\facts\0001871890.parquet,,,2026-07-20T15:02:18,2026-07-20T15:02:18,0.69
GLGI,0001088413,success,13634.0,data\facts\0001088413.parquet,,,2026-07-20T15:02:19,2026-07-20T15:02:20,0.957
GLIBA,0002057463,success,853.0,data\facts\0002057463.parquet,,,2026-07-20T15:02:20,2026-07-20T15:02:20,0.671
GLIV,0001852024,failed,,,HTTPError,404 Client Error: Not Found for url: https://data.sec.gov/api/xbrl/companyfacts/CIK0001852024.json,2026-07-20T15:02:21,2026-07-20T15:02:21,0.612
GLMD,0001595353,success,4304.0,data\facts\0001595353.parquet,,,2026-07-20T15:02:22,2026-07-20T15:02:22,0.611
GLND,0002093507,success,90.0,data\facts\0002093507.parquet,,,2026-07-20T15:02:22,2026-07-20T15:02:23,0.626
GLNG,0001207179,success,13090.0,data\facts\0001207179.parquet,,,2026-07-20T15:02:23,2026-07-20T15:02:24,0.863
GLNK,0001852025,success,244.0,data\facts\0001852025.parquet,,,2026-07-20T15:02:24,2026-07-20T15:02:25,0.624
GLNS,0001375348,success,5697.0,data\facts\0001375348.parquet,,,2026-07-20T15:02:25,2026-07-20T15:02:26,0.693
GLO,0001350869,failed,,,ValueError,Company Facts에서 facts 데이터를 찾지 못했습니다.,2026-07-20T15:02:26,2026-07-20T15:02:27,0.732
GLOB,0001557860,success,4535.0,data\facts\0001557860.parquet,,,2026-07-20T15:02:27,2026-07-20T15:02:28,0.674
GLOH,0001114859,failed,,,HTTPError,404 Client Error: Not Found for url: https://data.sec.gov/api/xbrl/companyfacts/CIK0001114859.json,2026-07-20T15:02:28,2026-07-20T15:02:29,0.647
GLOO,0002069785,success,1192.0,data\facts\0002069785.parquet,,,2026-07-20T15:02:29,2026-07-20T15:02:30,0.753
GLOP-PA,0001598655,success,3244.0,data\facts\0001598655.parquet,,,2026-07-20T15:02:30,2026-07-20T15:02:30,0.621
GLP,0001323468,success,21029.0,data\facts\0001323468.parquet,,,2026-07-20T15:02:31,2026-07-20T15:02:32,0.924
GLPI,0001575965,success,18889.0,data\facts\0001575965.parquet,,,2026-07-20T15:02:32,2026-07-20T15:02:33,0.677
GLQ,0001316463,failed,,,HTTPError,404 Client Error: Not Found for url: https://data.sec.gov/api/xbrl/companyfacts/CIK0001316463.json,2026-07-20T15:02:33,2026-07-20T15:02:33,0.575
GLRE,0001385613,success,22001.0,data\facts\0001385613.parquet,,,2026-07-20T15:02:34,2026-07-20T15:02:35,0.997
GLSI,0001799788,success,2506.0,data\facts\0001799788.parquet,,,2026-07-20T15:02:35,2026-07-20T15:02:36,0.651
GLTK,0001938338,success,7645.0,data\facts\0001938338.parquet,,,2026-07-20T15:02:36,2026-07-20T15:02:37,0.8
GLTR,0001483386,success,5078.0,data\facts\0001483386.parquet,,,2026-07-20T15:02:37,2026-07-20T15:02:37,0.67
GLU,0001282957,failed,,,HTTPError,404 Client Error: Not Found for url: https://data.sec.gov/api/xbrl/companyfacts/CIK0001282957.json,2026-07-20T15:02:38,2026-07-20T15:02:38,0.64
GLUC,0001420108,success,3582.0,data\facts\0001420108.parquet,,,2026-07-20T15:02:39,2026-07-20T15:02:40,0.965
GLUE,0001826457,success,5587.0,data\facts\0001826457.parquet,,,2026-07-20T15:02:40,2026-07-20T15:02:40,0.623
GLV,0001288795,failed,,,ValueError,Company Facts에서 facts 데이터를 찾지 못했습니다.,2026-07-20T15:02:41,2026-07-20T15:02:41,0.644
GLVPY,0002089499,failed,,,HTTPError,404 Client Error: Not Found for url: https://data.sec.gov/api/xbrl/companyfacts/CIK0002089499.json,2026-07-20T15:02:42,2026-07-20T15:02:42,0.513
GLW,0000024741,success,27103.0,data\facts\0000024741.parquet,,,2026-07-20T15:02:42,2026-07-20T15:02:43,1.135
GLXG,0001905920,success,791.0,data\facts\0001905920.parquet,,,2026-07-20T15:02:44,2026-07-20T15:02:44,0.718
GLXY,0001859392,success,1808.0,data\facts\0001859392.parquet,,,2026-07-20T15:02:45,2026-07-20T15:02:45,0.801
GLXZ,0000013156,success,15134.0,data\facts\0000013156.parquet,,,2026-07-20T15:02:46,2026-07-20T15:02:47,1.404
GM,0001467858,success,23128.0,data\facts\0001467858.parquet,,,2026-07-20T15:02:47,2026-07-20T15:02:49,1.11
GMAB,0001434265,success,3748.0,data\facts\0001434265.parquet,,,2026-07-20T15:02:49,2026-07-20T15:02:50,1.06
GMBL,0001451448,success,8506.0,data\facts\0001451448.parquet,,,2026-07-20T15:02:50,2026-07-20T15:02:51,0.856
GME,0001326380,success,23323.0,data\facts\0001326380.parquet,,,2026-07-20T15:02:51,2026-07-20T15:02:52,0.767
GMED,0001237831,success,21385.0,data\facts\0001237831.parquet,,,2026-07-20T15:02:52,2026-07-20T15:02:53,0.925
GMER,0001454742,success,9672.0,data\facts\0001454742.parquet,,,2026-07-20T15:02:53,2026-07-20T15:02:54,0.857
GMEX,0001928581,success,563.0,data\facts\0001928581.parquet,,,2026-07-20T15:02:54,2026-07-20T15:02:55,0.657
GMHS,0002000530,success,874.0,data\facts\0002000530.parquet,,,2026-07-20T15:02:55,2026-07-20T15:02:56,0.618
GMM,0001913749,success,1888.0,data\facts\0001913749.parquet,,,2026-07-20T15:02:56,2026-07-20T15:02:57,0.651
GMRS,0001898718,success,334.0,data\facts\0001898718.parquet,,,2026-07-20T15:02:57,2026-07-20T15:02:58,0.648
GMTL,0002039972,success,5.0,data\facts\0002039972.parquet,,,2026-07-20T15:02:58,2026-07-20T15:02:59,0.782
GMVMF,0001495730,failed,,,HTTPError,404 Client Error: Not Found for url: https://data.sec.gov/api/xbrl/companyfacts/CIK0001495730.json,2026-07-20T15:02:59,2026-07-20T15:03:00,0.605
GMZP,0001973160,failed,,,HTTPError,404 Client Error: Not Found for url: https://data.sec.gov/api/xbrl/companyfacts/CIK0001973160.json,2026-07-20T15:03:00,2026-07-20T15:03:01,0.793
GNE,0001528356,success,20882.0,data\facts\0001528356.parquet,,,2026-07-20T15:03:01,2026-07-20T15:03:02,1.15
GNK,0001326200,success,15400.0,data\facts\0001326200.parquet,,,2026-07-20T15:03:02,2026-07-20T15:03:03,0.961
GNL,0001526113,success,19360.0,data\facts\0001526113.parquet,,,2026-07-20T15:03:03,2026-07-20T15:03:04,0.96
GNLN,0001743745,success,10540.0,data\facts\0001743745.parquet,,,2026-07-20T15:03:05,2026-07-20T15:03:06,1.017
GNLX,0001231457,success,3276.0,data\facts\0001231457.parquet,,,2026-07-20T15:03:06,2026-07-20T15:03:07,0.795
GNOLF,0001261002,success,531.0,data\facts\0001261002.parquet,,,2026-07-20T15:03:07,2026-07-20T15:03:08,0.637
GNPX,0001595248,success,6264.0,data\facts\0001595248.parquet,,,2026-07-20T15:03:08,2026-07-20T15:03:09,0.725
GNRC,0001474735,success,23108.0,data\facts\0001474735.parquet,,,2026-07-20T15:03:09,2026-07-20T15:03:10,0.935
GNS,0001847806,success,2145.0,data\facts\0001847806.parquet,,,2026-07-20T15:03:10,2026-07-20T15:03:11,0.737
GNSS,0000924383,success,18775.0,data\facts\0000924383.parquet,,,2026-07-20T15:03:11,2026-07-20T15:03:12,1.385
GNT,0001438893,failed,,,HTTPError,404 Client Error: Not Found for url: https://data.sec.gov/api/xbrl/companyfacts/CIK0001438893.json,2026-07-20T15:03:13,2026-07-20T15:03:13,0.926
GNTA,0001838716,success,2327.0,data\facts\0001838716.parquet,,,2026-07-20T15:03:14,2026-07-20T15:03:15,1.097
GNTOF,0001346917,success,3556.0,data\facts\0001346917.parquet,,,2026-07-20T15:03:15,2026-07-20T15:03:16,1.152
GNTX,0000355811,success,20145.0,data\facts\0000355811.parquet,,,2026-07-20T15:03:17,2026-07-20T15:03:18,1.477
GNVR,0001792941,success,4491.0,data\facts\0001792941.parquet,,,2026-07-20T15:03:18,2026-07-20T15:03:19,1.189
GNW,0001276520,success,45110.0,data\facts\0001276520.parquet,,,2026-07-20T15:03:20,2026-07-20T15:03:22,1.891
GO,0001771515,success,10336.0,data\facts\0001771515.parquet,,,2026-07-20T15:03:22,2026-07-20T15:03:23,1.195
GOAI,0001983736,success,1719.0,data\facts\0001983736.parquet,,,2026-07-20T15:03:23,2026-07-20T15:03:24,1.072
GOCOQ,0001808220,success,8034.0,data\facts\0001808220.parquet,,,2026-07-20T15:03:25,2026-07-20T15:03:26,1.073
GOF,0001380936,failed,,,ValueError,Company Facts에서 facts 데이터를 찾지 못했습니다.,2026-07-20T15:03:26,2026-07-20T15:03:27,1.001
GOGO,0001537054,success,20807.0,data\facts\0001537054.parquet,,,2026-07-20T15:03:27,2026-07-20T15:03:29,1.656
GOGR,0001378866,failed,,,HTTPError,404 Client Error: Not Found for url: https://data.sec.gov/api/xbrl/companyfacts/CIK0001378866.json,2026-07-20T15:03:29,2026-07-20T15:03:30,1.224
GOLD,0001591588,success,19107.0,data\facts\0001591588.parquet,,,2026-07-20T15:03:31,2026-07-20T15:03:32,1.355
GOLF,0001672013,success,16045.0,data\facts\0001672013.parquet,,,2026-07-20T15:03:32,2026-07-20T15:03:34,1.225
GONYF,0002081438,failed,,,HTTPError,404 Client Error: Not Found for url: https://data.sec.gov/api/xbrl/companyfacts/CIK0002081438.json,2026-07-20T15:03:34,2026-07-20T15:03:35,1.005
GOOD,0001234006,success,17985.0,data\facts\0001234006.parquet,,,2026-07-20T15:03:35,2026-07-20T15:03:36,1.295
GOOGL,0001652044,success,20324.0,data\facts\0001652044.parquet,,,2026-07-20T15:03:37,2026-07-20T15:03:38,1.235
GOOS,0001690511,success,3458.0,data\facts\0001690511.parquet,,,2026-07-20T15:03:38,2026-07-20T15:03:39,1.054
GORO,0001160791,success,20268.0,data\facts\0001160791.parquet,,,2026-07-20T15:03:40,2026-07-20T15:03:41,1.237
GOSS,0001728117,success,8379.0,data\facts\0001728117.parquet,,,2026-07-20T15:03:41,2026-07-20T15:03:42,1.147
GOTU,0001768259,success,3708.0,data\facts\0001768259.parquet,,,2026-07-20T15:03:42,2026-07-20T15:03:43,1.039
GOVB,0001978811,success,5672.0,data\facts\0001978811.parquet,,,2026-07-20T15:03:44,2026-07-20T15:03:45,1.1
GOVX,0000832489,success,11333.0,data\facts\0000832489.parquet,,,2026-07-20T15:03:45,2026-07-20T15:03:46,1.254
GOW,0002097702,success,7.0,data\facts\0002097702.parquet,,,2026-07-20T15:03:47,2026-07-20T15:03:48,0.968
GP,0001584547,success,2990.0,data\facts\0001584547.parquet,,,2026-07-20T15:03:48,2026-07-20T15:03:49,0.86
GPAC,0002085408,success,132.0,data\facts\0002085408.parquet,,,2026-07-20T15:03:49,2026-07-20T15:03:50,1.027
GPAT,0001834526,success,746.0,data\facts\0001834526.parquet,,,2026-07-20T15:03:50,2026-07-20T15:03:51,0.823
GPC,0000040987,success,22290.0,data\facts\0000040987.parquet,,,2026-07-20T15:03:51,2026-07-20T15:03:53,1.445
GPCR,0001888886,success,3722.0,data\facts\0001888886.parquet,,,2026-07-20T15:03:53,2026-07-20T15:03:54,1.169
GPGCF,0001813241,failed,,,HTTPError,404 Client Error: Not Found for url: https://data.sec.gov/api/xbrl/companyfacts/CIK0001813241.json,2026-07-20T15:03:54,2026-07-20T15:03:55,0.925
GPGI,0001823144,success,6443.0,data\facts\0001823144.parquet,,,2026-07-20T15:03:56,2026-07-20T15:03:57,1.078
GPI,0001031203,success,22124.0,data\facts\0001031203.parquet,,,2026-07-20T15:03:57,2026-07-20T15:03:58,1.228
GPJA,0000041091,success,18.0,data\facts\0000041091.parquet,,,2026-07-20T15:03:59,2026-07-20T15:03:59,0.547
GPK,0001408075,success,25095.0,data\facts\0001408075.parquet,,,2026-07-20T15:03:59,2026-07-20T15:04:00,0.909
GPLB,0001392449,success,4908.0,data\facts\0001392449.parquet,,,2026-07-20T15:04:00,2026-07-20T15:04:01,0.647
GPLL,0001883083,success,399.0,data\facts\0001883083.parquet,,,2026-07-20T15:04:01,2026-07-20T15:04:02,0.678
GPMT,0001703644,success,13905.0,data\facts\0001703644.parquet,,,2026-07-20T15:04:02,2026-07-20T15:04:03,0.838
GPMTF,0001677084,failed,,,HTTPError,404 Client Error: Not Found for url: https://data.sec.gov/api/xbrl/companyfacts/CIK0001677084.json,2026-07-20T15:04:03,2026-07-20T15:04:04,0.577
GPN,0001123360,success,27062.0,data\facts\0001123360.parquet,,,2026-07-20T15:04:04,2026-07-20T15:04:05,0.968
GPOR,0000874499,success,26552.0,data\facts\0000874499.parquet,,,2026-07-20T15:04:05,2026-07-20T15:04:08,2.681
GPOX,0001673475,success,6009.0,data\facts\0001673475.parquet,,,2026-07-20T15:04:08,2026-07-20T15:04:09,0.678
GPRE,0001309402,success,23816.0,data\facts\0001309402.parquet,,,2026-07-20T15:04:09,2026-07-20T15:04:10,0.919
GPRK,0001464591,success,4332.0,data\facts\0001464591.parquet,,,2026-07-20T15:04:10,2026-07-20T15:04:11,0.772
GPRO,0001500435,success,18844.0,data\facts\0001500435.parquet,,,2026-07-20T15:04:11,2026-07-20T15:04:12,0.957
GPUS,0000896493,success,20505.0,data\facts\0000896493.parquet,,,2026-07-20T15:04:13,2026-07-20T15:04:14,1.089
GPUSF,0001708160,failed,,,HTTPError,404 Client Error: Not Found for url: https://data.sec.gov/api/xbrl/companyfacts/CIK0001708160.json,2026-07-20T15:04:14,2026-07-20T15:04:15,0.727
GRAB,0001855612,success,3026.0,data\facts\0001855612.parquet,,,2026-07-20T15:04:15,2026-07-20T15:04:16,0.766
GRAF,0001897463,success,704.0,data\facts\0001897463.parquet,,,2026-07-20T15:04:16,2026-07-20T15:04:17,0.804
GRAL,0001699031,success,2344.0,data\facts\0001699031.parquet,,,2026-07-20T15:04:17,2026-07-20T15:04:18,0.77
GRAN,0002027722,success,232.0,data\facts\0002027722.parquet,,,2026-07-20T15:04:18,2026-07-20T15:04:19,1.572
GRAPF,0001715272,failed,,,HTTPError,404 Client Error: Not Found for url: https://data.sec.gov/api/xbrl/companyfacts/CIK0001715272.json,2026-07-20T15:04:20,2026-07-20T15:04:20,0.574
GRBK,0001373670,success,21795.0,data\facts\0001373670.parquet,,,2026-07-20T15:04:21,2026-07-20T15:04:21,0.771
GRC,0000042682,success,14518.0,data\facts\0000042682.parquet,,,2026-07-20T15:04:22,2026-07-20T15:04:23,1.354
GRCE,0001444192,success,5704.0,data\facts\0001444192.parquet,,,2026-07-20T15:04:23,2026-07-20T15:04:24,0.775
GRCPY,0002063671,failed,,,HTTPError,404 Client Error: Not Found for url: https://data.sec.gov/api/xbrl/companyfacts/CIK0002063671.json,2026-07-20T15:04:24,2026-07-20T15:04:25,0.611
GRDN,0001802255,success,1204.0,data\facts\0001802255.parquet,,,2026-07-20T15:04:25,2026-07-20T15:04:26,0.947
GRDX,0001604191,success,9647.0,data\facts\0001604191.parquet,,,2026-07-20T15:04:26,2026-07-20T15:04:28,1.387
GREE,0001844971,success,5737.0,data\facts\0001844971.parquet,,,2026-07-20T15:04:28,2026-07-20T15:04:29,1.033
GREH,0001084937,failed,,,HTTPError,404 Client Error: Not Found for url: https://data.sec.gov/api/xbrl/companyfacts/CIK0001084937.json,2026-07-20T15:04:29,2026-07-20T15:04:30,0.79
GRF,0000850027,failed,,,HTTPError,404 Client Error: Not Found for url: https://data.sec.gov/api/xbrl/companyfacts/CIK0000850027.json,2026-07-20T15:04:30,2026-07-20T15:04:31,0.72
GRFS,0001438569,success,4523.0,data\facts\0001438569.parquet,,,2026-07-20T15:04:31,2026-07-20T15:04:32,1.067
GRFXY,0001816723,success,747.0,data\facts\0001816723.parquet,,,2026-07-20T15:04:33,2026-07-20T15:04:33,0.888
GRHI,0000894501,success,2035.0,data\facts\0000894501.parquet,,,2026-07-20T15:04:34,2026-07-20T15:04:35,1.069
GRI,0001824293,success,3741.0,data\facts\0001824293.parquet,,,2026-07-20T15:04:35,2026-07-20T15:04:36,0.901
GRKZF,0001437462,failed,,,HTTPError,404 Client Error: Not Found for url: https://data.sec.gov/api/xbrl/companyfacts/CIK0001437462.json,2026-07-20T15:04:36,2026-07-20T15:04:37,0.742
GRLF,0000915661,failed,,,ValueError,Company Facts에서 facts 데이터를 찾지 못했습니다.,2026-07-20T15:04:37,2026-07-20T15:04:38,0.994
GRLMF,0002055938,failed,,,HTTPError,404 Client Error: Not Found for url: https://data.sec.gov/api/xbrl/companyfacts/CIK0002055938.json,2026-07-20T15:04:38,2026-07-20T15:04:39,0.873
GRML,0001907223,success,2977.0,data\facts\0001907223.parquet,,,2026-07-20T15:04:40,2026-07-20T15:04:41,1.068
GRMN,0001121788,success,24975.0,data\facts\0001121788.parquet,,,2026-07-20T15:04:41,2026-07-20T15:04:42,1.511
GRND,0001820144,success,5848.0,data\facts\0001820144.parquet,,,2026-07-20T15:04:43,2026-07-20T15:04:44,1.125
GRNL,0001282571,success,1128.0,data\facts\0001282571.parquet,,,2026-07-20T15:04:44,2026-07-20T15:04:45,0.894
GRNQ,0001597846,success,13692.0,data\facts\0001597846.parquet,,,2026-07-20T15:04:45,2026-07-20T15:04:46,1.169
GRNT,0001928446,success,4103.0,data\facts\0001928446.parquet,,,2026-07-20T15:04:47,2026-07-20T15:04:47,0.882
GRO,0001472326,success,579.0,data\facts\0001472326.parquet,,,2026-07-20T15:04:48,2026-07-20T15:04:49,1.04
GROV,0001841761,success,5065.0,data\facts\0001841761.parquet,,,2026-07-20T15:04:49,2026-07-20T15:04:50,0.988
GROW,0000754811,success,21999.0,data\facts\0000754811.parquet,,,2026-07-20T15:04:50,2026-07-20T15:04:52,1.516
GROY,0001834026,success,1686.0,data\facts\0001834026.parquet,,,2026-07-20T15:04:52,2026-07-20T15:04:53,0.971
GRPN,0001490281,success,27731.0,data\facts\0001490281.parquet,,,2026-07-20T15:04:53,2026-07-20T15:04:55,1.619
GRPS,0001990446,success,1724.0,data\facts\0001990446.parquet,,,2026-07-20T15:04:55,2026-07-20T15:04:56,0.909
GRRR,0001903145,success,2321.0,data\facts\0001903145.parquet,,,2026-07-20T15:04:56,2026-07-20T15:04:57,1.03
GRTUF,0001564538,success,2506.0,data\facts\0001564538.parquet,,,2026-07-20T15:04:58,2026-07-20T15:04:59,1.068
GRTX,0001563577,success,6320.0,data\facts\0001563577.parquet,,,2026-07-20T15:04:59,2026-07-20T15:05:00,1.039
GRUSF,0001463000,success,2351.0,data\facts\0001463000.parquet,,,2026-07-20T15:05:00,2026-07-20T15:05:01,1.079
GRVE,0000918573,success,7202.0,data\facts\0000918573.parquet,,,2026-07-20T15:05:02,2026-07-20T15:05:03,1.024
GRVT,0002078037,success,5.0,data\facts\0002078037.parquet,,,2026-07-20T15:05:03,2026-07-20T15:05:04,0.839
GRVY,0001313310,success,6149.0,data\facts\0001313310.parquet,,,2026-07-20T15:05:04,2026-07-20T15:05:05,1.1
GRWG,0001604868,success,11152.0,data\facts\0001604868.parquet,,,2026-07-20T15:05:05,2026-07-20T15:05:07,1.126
GRX,0001391437,failed,,,ValueError,Company Facts에서 facts 데이터를 찾지 못했습니다.,2026-07-20T15:05:07,2026-07-20T15:05:08,0.854
GRXXF,0001823126,failed,,,HTTPError,404 Client Error: Not Found for url: https://data.sec.gov/api/xbrl/companyfacts/CIK0001823126.json,2026-07-20T15:05:08,2026-07-20T15:05:09,0.843
GS,0000886982,success,39851.0,data\facts\0000886982.parquet,,,2026-07-20T15:05:09,2026-07-20T15:05:11,1.68
GSAC,0000890725,failed,,,HTTPError,404 Client Error: Not Found for url: https://data.sec.gov/api/xbrl/companyfacts/CIK0000890725.json,2026-07-20T15:05:11,2026-07-20T15:05:12,0.831
GSAT,0001366868,success,21048.0,data\facts\0001366868.parquet,,,2026-07-20T15:05:12,2026-07-20T15:05:13,1.325
GSBC,0000854560,success,24438.0,data\facts\0000854560.parquet,,,2026-07-20T15:05:14,2026-07-20T15:05:15,1.307
GSBD,0001572694,success,4159.0,data\facts\0001572694.parquet,,,2026-07-20T15:05:15,2026-07-20T15:05:16,0.951
GSG,0001332174,success,6884.0,data\facts\0001332174.parquet,,,2026-07-20T15:05:17,2026-07-20T15:05:18,1.575
GSHD,0001726978,success,8800.0,data\facts\0001726978.parquet,,,2026-07-20T15:05:18,2026-07-20T15:05:20,1.342
GSHR,0002044635,success,332.0,data\facts\0002044635.parquet,,,2026-07-20T15:05:20,2026-07-20T15:05:21,0.969
GSIT,0001126741,success,19526.0,data\facts\0001126741.parquet,,,2026-07-20T15:05:21,2026-07-20T15:05:23,1.85
GSIW,0001954269,success,942.0,data\facts\0001954269.parquet,,,2026-07-20T15:05:23,2026-07-20T15:05:24,0.99
GSK,0001131399,success,6677.0,data\facts\0001131399.parquet,,,2026-07-20T15:05:25,2026-07-20T15:05:26,1.27
GSKRF,0001944955,failed,,,HTTPError,404 Client Error: Not Found for url: https://data.sec.gov/api/xbrl/companyfacts/CIK0001944955.json,2026-07-20T15:05:26,2026-07-20T15:05:27,0.929
GSL,0001430725,success,5365.0,data\facts\0001430725.parquet,,,2026-07-20T15:05:27,2026-07-20T15:05:28,1.181
GSM,0001639877,success,4712.0,data\facts\0001639877.parquet,,,2026-07-20T15:05:29,2026-07-20T15:05:30,1.0
GSMT,0001940243,success,685.0,data\facts\0001940243.parquet,,,2026-07-20T15:05:30,2026-07-20T15:05:31,1.063
GSNR,0002025000,failed,,,HTTPError,404 Client Error: Not Found for url: https://data.sec.gov/api/xbrl/companyfacts/CIK0002025000.json,2026-07-20T15:05:31,2026-07-20T15:05:32,0.971
GSOL,0001896677,success,374.0,data\facts\0001896677.parquet,,,2026-07-20T15:05:33,2026-07-20T15:05:34,1.205
GSRF,0002072404,success,218.0,data\facts\0002072404.parquet,,,2026-07-20T15:05:34,2026-07-20T15:05:35,0.978
GSRV,0002111762,success,51.0,data\facts\0002111762.parquet,,,2026-07-20T15:05:35,2026-07-20T15:05:36,0.986
GSTK,0001917993,success,247.0,data\facts\0001917993.parquet,,,2026-07-20T15:05:37,2026-07-20T15:05:38,1.152
GSTX,0001497649,success,9708.0,data\facts\0001497649.parquet,,,2026-07-20T15:05:38,2026-07-20T15:05:39,1.39
GSUI,0002034012,success,197.0,data\facts\0002034012.parquet,,,2026-07-20T15:05:40,2026-07-20T15:05:41,1.138
GSUN,0001826376,success,2576.0,data\facts\0001826376.parquet,,,2026-07-20T15:05:41,2026-07-20T15:05:42,1.163
GSVRF,0000865400,failed,,,HTTPError,404 Client Error: Not Found for url: https://data.sec.gov/api/xbrl/companyfacts/CIK0000865400.json,2026-07-20T15:05:42,2026-07-20T15:05:43,0.995
GT,0000042582,success,29499.0,data\facts\0000042582.parquet,,,2026-07-20T15:05:44,2026-07-20T15:05:46,1.738
GTAO,0002029297,success,176.0,data\facts\0002029297.parquet,,,2026-07-20T15:05:46,2026-07-20T15:05:47,1.021
GTBIF,0001795139,success,10264.0,data\facts\0001795139.parquet,,,2026-07-20T15:05:47,2026-07-20T15:05:48,1.383
GTBP,0000109657,success,11661.0,data\facts\0000109657.parquet,,,2026-07-20T15:05:49,2026-07-20T15:05:50,1.464
GTCH,0001471781,success,11305.0,data\facts\0001471781.parquet,,,2026-07-20T15:05:50,2026-07-20T15:05:52,1.396
GTE,0001273441,success,19663.0,data\facts\0001273441.parquet,,,2026-07-20T15:05:52,2026-07-20T15:05:54,1.616
GTEC,0001735041,success,8971.0,data\facts\0001735041.parquet,,,2026-07-20T15:05:54,2026-07-20T15:05:55,1.316
GTEN,0001986817,success,312.0,data\facts\0001986817.parquet,,,2026-07-20T15:05:56,2026-07-20T15:05:57,1.07
GTERA,0002043766,success,365.0,data\facts\0002043766.parquet,,,2026-07-20T15:05:57,2026-07-20T15:05:58,0.967
GTES,0001718512,success,17097.0,data\facts\0001718512.parquet,,,2026-07-20T15:05:58,2026-07-20T15:06:00,1.325
GTHP,0000924515,success,15418.0,data\facts\0000924515.parquet,,,2026-07-20T15:06:00,2026-07-20T15:06:01,1.538
GTIC,0001584480,success,4247.0,data\facts\0001584480.parquet,,,2026-07-20T15:06:02,2026-07-20T15:06:03,1.14
GTIJF,0001879373,success,2748.0,data\facts\0001879373.parquet,,,2026-07-20T15:06:03,2026-07-20T15:06:04,1.087
GTIM,0000825324,success,16661.0,data\facts\0000825324.parquet,,,2026-07-20T15:06:04,2026-07-20T15:06:06,1.401
GTLB,0001653482,success,8140.0,data\facts\0001653482.parquet,,,2026-07-20T15:06:06,2026-07-20T15:06:07,1.145
GTLL,0000932021,success,3964.0,data\facts\0000932021.parquet,,,2026-07-20T15:06:07,2026-07-20T15:06:09,1.091
GTLRY,0002087843,failed,,,HTTPError,404 Client Error: Not Found for url: https://data.sec.gov/api/xbrl/companyfacts/CIK0002087843.json,2026-07-20T15:06:09,2026-07-20T15:06:10,0.973
GTLS,0000892553,success,27654.0,data\facts\0000892553.parquet,,,2026-07-20T15:06:10,2026-07-20T15:06:12,1.76
GTM,0001794515,success,9960.0,data\facts\0001794515.parquet,,,2026-07-20T15:06:12,2026-07-20T15:06:14,1.382
GTN,0000043196,success,21665.0,data\facts\0000043196.parquet,,,2026-07-20T15:06:14,2026-07-20T15:06:15,1.391
GTX,0001735707,success,12213.0,data\facts\0001735707.parquet,,,2026-07-20T15:06:15,2026-07-20T15:06:17,1.224
GTY,0001052752,success,16444.0,data\facts\0001052752.parquet,,,2026-07-20T15:06:17,2026-07-20T15:06:18,1.292
GUAC,0002081515,success,10.0,data\facts\0002081515.parquet,,,2026-07-20T15:06:19,2026-07-20T15:06:20,1.024
GUER,0001832487,success,5382.0,data\facts\0001832487.parquet,,,2026-07-20T15:06:20,2026-07-20T15:06:21,1.13
GUG,0001864208,failed,,,ValueError,Company Facts에서 facts 데이터를 찾지 못했습니다.,2026-07-20T15:06:21,2026-07-20T15:06:22,0.956
GULTU,0001565146,failed,,,HTTPError,404 Client Error: Not Found for url: https://data.sec.gov/api/xbrl/companyfacts/CIK0001565146.json,2026-07-20T15:06:22,2026-07-20T15:06:23,0.767
GURE,0000885462,success,19202.0,data\facts\0000885462.parquet,,,2026-07-20T15:06:23,2026-07-20T15:06:25,1.359
GUT,0001080720,failed,,,HTTPError,404 Client Error: Not Found for url: https://data.sec.gov/api/xbrl/companyfacts/CIK0001080720.json,2026-07-20T15:06:25,2026-07-20T15:06:26,0.992
GUTS,0001572616,success,1953.0,data\facts\0001572616.parquet,,,2026-07-20T15:06:26,2026-07-20T15:06:28,1.224
GUYGF,0001526491,failed,,,HTTPError,404 Client Error: Not Found for url: https://data.sec.gov/api/xbrl/companyfacts/CIK0001526491.json,2026-07-20T15:06:28,2026-07-20T15:06:29,0.97
GV,0001892274,success,1882.0,data\facts\0001892274.parquet,,,2026-07-20T15:06:29,2026-07-20T15:06:30,1.105
GVA,0000861459,success,26015.0,data\facts\0000861459.parquet,,,2026-07-20T15:06:30,2026-07-20T15:06:32,1.583
GVH,0001978527,success,1331.0,data\facts\0001978527.parquet,,,2026-07-20T15:06:32,2026-07-20T15:06:33,1.109
GWAV,0001589149,success,10254.0,data\facts\0001589149.parquet,,,2026-07-20T15:06:34,2026-07-20T15:06:35,1.25
GWH,0001819438,success,6030.0,data\facts\0001819438.parquet,,,2026-07-20T15:06:35,2026-07-20T15:06:36,1.182
GWKSY,0002062522,failed,,,HTTPError,404 Client Error: Not Found for url: https://data.sec.gov/api/xbrl/companyfacts/CIK0002062522.json,2026-07-20T15:06:37,2026-07-20T15:06:38,0.986
GWLIF,0000850918,failed,,,HTTPError,404 Client Error: Not Found for url: https://data.sec.gov/api/xbrl/companyfacts/CIK0000850918.json,2026-07-20T15:06:38,2026-07-20T15:06:39,0.979
GWLL,0001800373,success,3233.0,data\facts\0001800373.parquet,,,2026-07-20T15:06:39,2026-07-20T15:06:40,1.137
GWRE,0001528396,success,23815.0,data\facts\0001528396.parquet,,,2026-07-20T15:06:41,2026-07-20T15:06:42,1.567
GWRS,0001434728,success,13979.0,data\facts\0001434728.parquet,,,2026-07-20T15:06:42,2026-07-20T15:06:44,1.452
GWTI,0001572386,success,8126.0,data\facts\0001572386.parquet,,,2026-07-20T15:06:44,2026-07-20T15:06:45,1.273
GWW,0000277135,success,23909.0,data\facts\0000277135.parquet,,,2026-07-20T15:06:46,2026-07-20T15:06:47,1.541
GXAI,0001895618,success,2755.0,data\facts\0001895618.parquet,,,2026-07-20T15:06:48,2026-07-20T15:06:49,1.041
GXLM,0001761325,success,1862.0,data\facts\0001761325.parquet,,,2026-07-20T15:06:49,2026-07-20T15:06:50,1.087
GXO,0001852244,success,7099.0,data\facts\0001852244.parquet,,,2026-07-20T15:06:50,2026-07-20T15:06:51,1.144
GXRP,0002037427,success,209.0,data\facts\0002037427.parquet,,,2026-07-20T15:06:52,2026-07-20T15:06:53,0.98
GXXM,0001681556,success,5603.0,data\facts\0001681556.parquet,,,2026-07-20T15:06:53,2026-07-20T15:06:54,1.427
GYGY,0002111846,failed,,,ValueError,변환된 Fact Store가 비어 있습니다.,2026-07-20T15:06:55,2026-07-20T15:06:56,0.97
GYRE,0001124105,success,14022.0,data\facts\0001124105.parquet,,,2026-07-20T15:06:56,2026-07-20T15:06:57,1.288
GYRO,0001589061,success,1587.0,data\facts\0001589061.parquet,,,2026-07-20T15:06:57,2026-07-20T15:06:58,1.073
H,0001468174,success,27184.0,data\facts\0001468174.parquet,,,2026-07-20T15:06:59,2026-07-20T15:07:00,1.54
HACBY,0000793742,failed,,,HTTPError,404 Client Error: Not Found for url: https://data.sec.gov/api/xbrl/companyfacts/CIK0000793742.json,2026-07-20T15:07:01,2026-07-20T15:07:02,1.011
HACQ,0002089982,success,95.0,data\facts\0002089982.parquet,,,2026-07-20T15:07:02,2026-07-20T15:07:03,1.031
HAE,0000313143,success,22390.0,data\facts\0000313143.parquet,,,2026-07-20T15:07:03,2026-07-20T15:07:05,1.603
HAFC,0001109242,success,32137.0,data\facts\0001109242.parquet,,,2026-07-20T15:07:05,2026-07-20T15:07:07,1.781
HAFG,0001367993,success,867.0,data\facts\0001367993.parquet,,,2026-07-20T15:07:07,2026-07-20T15:07:08,1.077
HAFN,0001815779,success,750.0,data\facts\0001815779.parquet,,,2026-07-20T15:07:08,2026-07-20T15:07:10,1.077
HAIN,0000910406,success,26427.0,data\facts\0000910406.parquet,,,2026-07-20T15:07:10,2026-07-20T15:07:11,1.503
HAL,0000045012,success,21069.0,data\facts\0000045012.parquet,,,2026-07-20T15:07:12,2026-07-20T15:07:13,1.568
HALO,0001159036,success,19518.0,data\facts\0001159036.parquet,,,2026-07-20T15:07:13,2026-07-20T15:07:15,1.462
HAMRF,0001868866,failed,,,HTTPError,404 Client Error: Not Found for url: https://data.sec.gov/api/xbrl/companyfacts/CIK0001868866.json,2026-07-20T15:07:15,2026-07-20T15:07:16,0.928
HANNF,0001123267,failed,,,HTTPError,404 Client Error: Not Found for url: https://data.sec.gov/api/xbrl/companyfacts/CIK0001123267.json,2026-07-20T15:07:16,2026-07-20T15:07:17,0.941
HAO,0001954594,success,788.0,data\facts\0001954594.parquet,,,2026-07-20T15:07:18,2026-07-20T15:07:19,1.071
HAPN,0001409970,success,24001.0,data\facts\0001409970.parquet,,,2026-07-20T15:07:19,2026-07-20T15:07:21,1.586
HAPVY,0001869666,failed,,,HTTPError,404 Client Error: Not Found for url: https://data.sec.gov/api/xbrl/companyfacts/CIK0001869666.json,2026-07-20T15:07:21,2026-07-20T15:07:22,0.847
HAS,0000046080,success,26456.0,data\facts\0000046080.parquet,,,2026-07-20T15:07:22,2026-07-20T15:07:23,1.485
HASI,0001561894,success,17404.0,data\facts\0001561894.parquet,,,2026-07-20T15:07:24,2026-07-20T15:07:25,1.423
HAVA,0002042460,success,206.0,data\facts\0002042460.parquet,,,2026-07-20T15:07:25,2026-07-20T15:07:26,0.972
HAWK,0001750704,success,292.0,data\facts\0001750704.parquet,,,2026-07-20T15:07:27,2026-07-20T15:07:29,1.976
HAYW,0001834622,success,8620.0,data\facts\0001834622.parquet,,,2026-07-20T15:07:29,2026-07-20T15:07:31,1.736
HBAN,0000049196,success,41872.0,data\facts\0000049196.parquet,,,2026-07-20T15:07:31,2026-07-20T15:07:33,1.805
HBB,0001709164,success,12608.0,data\facts\0001709164.parquet,,,2026-07-20T15:07:33,2026-07-20T15:07:34,1.144
HBCP,0001436425,success,27498.0,data\facts\0001436425.parquet,,,2026-07-20T15:07:34,2026-07-20T15:07:37,2.178
HBIA,0000732417,success,28445.0,data\facts\0000732417.parquet,,,2026-07-20T15:07:37,2026-07-20T15:07:39,1.652
HBIO,0001123494,success,24845.0,data\facts\0001123494.parquet,,,2026-07-20T15:07:39,2026-07-20T15:07:40,1.503
HBM,0001322422,success,3787.0,data\facts\0001322422.parquet,,,2026-07-20T15:07:41,2026-07-20T15:07:42,1.111
HBNB,0002054507,success,1.0,data\facts\0002054507.parquet,,,2026-07-20T15:07:42,2026-07-20T15:07:43,0.879
HBNC,0000706129,success,29393.0,data\facts\0000706129.parquet,,,2026-07-20T15:07:43,2026-07-20T15:07:45,1.591
HBT,0000775215,success,15997.0,data\facts\0000775215.parquet,,,2026-07-20T15:07:45,2026-07-20T15:07:46,1.263
HBUV,0001639068,success,6082.0,data\facts\0001639068.parquet,,,2026-07-20T15:07:47,2026-07-20T15:07:48,1.284
HCA,0000860730,success,23583.0,data\facts\0000860730.parquet,,,2026-07-20T15:07:48,2026-07-20T15:07:50,1.354
HCAC,0002079013,success,131.0,data\facts\0002079013.parquet,,,2026-07-20T15:07:50,2026-07-20T15:07:51,0.929
HCAI,0001958399,success,820.0,data\facts\0001958399.parquet,,,2026-07-20T15:07:51,2026-07-20T15:07:52,0.937
HCAT,0001636422,success,10997.0,data\facts\0001636422.parquet,,,2026-07-20T15:07:52,2026-07-20T15:07:53,1.119
HCAX,0002130219,success,5.0,data\facts\0002130219.parquet,,,2026-07-20T15:07:54,2026-07-20T15:07:55,1.021
HCC,0001691303,success,10841.0,data\facts\0001691303.parquet,,,2026-07-20T15:07:55,2026-07-20T15:07:56,1.196
HCHL,0002046656,success,315.0,data\facts\0002046656.parquet,,,2026-07-20T15:07:56,2026-07-20T15:07:57,1.041
HCI,0001400810,success,33134.0,data\facts\0001400810.parquet,,,2026-07-20T15:07:58,2026-07-20T15:07:59,1.702
HCIC,0002099093,success,109.0,data\facts\0002099093.parquet,,,2026-07-20T15:08:00,2026-07-20T15:08:01,1.004
HCIL,0001086303,success,9912.0,data\facts\0001086303.parquet,,,2026-07-20T15:08:01,2026-07-20T15:08:02,1.263
HCKT,0001057379,success,16987.0,data\facts\0001057379.parquet,,,2026-07-20T15:08:03,2026-07-20T15:08:04,1.408
HCM,0001648257,success,7649.0,data\facts\0001648257.parquet,,,2026-07-20T15:08:04,2026-07-20T15:08:05,1.219
HCMA,0002069856,success,202.0,data\facts\0002069856.parquet,,,2026-07-20T15:08:06,2026-07-20T15:08:07,1.158
HCMC,0000844856,success,13472.0,data\facts\0000844856.parquet,,,2026-07-20T15:08:07,2026-07-20T15:08:08,1.137
HCSG,0000731012,success,23014.0,data\facts\0000731012.parquet,,,2026-07-20T15:08:09,2026-07-20T15:08:10,1.472
HCTI,0001839285,success,5144.0,data\facts\0001839285.parquet,,,2026-07-20T15:08:10,2026-07-20T15:08:11,1.002
HCTPF,0001580226,failed,,,HTTPError,404 Client Error: Not Found for url: https://data.sec.gov/api/xbrl/companyfacts/CIK0001580226.json,2026-07-20T15:08:11,2026-07-20T15:08:12,0.848
HCWB,0001828673,success,4393.0,data\facts\0001828673.parquet,,,2026-07-20T15:08:13,2026-07-20T15:08:14,1.106
HCWC,0001948864,success,2121.0,data\facts\0001948864.parquet,,,2026-07-20T15:08:14,2026-07-20T15:08:15,1.195
HD,0000354950,success,21151.0,data\facts\0000354950.parquet,,,2026-07-20T15:08:15,2026-07-20T15:08:17,1.563
HDB,0001144967,success,14505.0,data\facts\0001144967.parquet,,,2026-07-20T15:08:17,2026-07-20T15:08:18,1.095
HDL,0001995306,success,454.0,data\facts\0001995306.parquet,,,2026-07-20T15:08:19,2026-07-20T15:08:20,1.16
HDRN,0002023730,success,637.0,data\facts\0002023730.parquet,,,2026-07-20T15:08:20,2026-07-20T15:08:21,1.013
HDSN,0000925528,success,14510.0,data\facts\0000925528.parquet,,,2026-07-20T15:08:21,2026-07-20T15:08:22,1.072
HE,0000354707,success,28711.0,data\facts\0000354707.parquet,,,2026-07-20T15:08:23,2026-07-20T15:08:25,1.858
HEI,0000046619,success,24897.0,data\facts\0000046619.parquet,,,2026-07-20T15:08:25,2026-07-20T15:08:27,1.713
HELE,0000916789,success,20778.0,data\facts\0000916789.parquet,,,2026-07-20T15:08:27,2026-07-20T15:08:29,1.736
HELP,0001833141,success,788.0,data\facts\0001833141.parquet,,,2026-07-20T15:08:29,2026-07-20T15:08:30,1.091
HEMNF,0001915760,failed,,,HTTPError,404 Client Error: Not Found for url: https://data.sec.gov/api/xbrl/companyfacts/CIK0001915760.json,2026-07-20T15:08:30,2026-07-20T15:08:31,0.691
HEPA,0001583771,success,8472.0,data\facts\0001583771.parquet,,,2026-07-20T15:08:31,2026-07-20T15:08:33,1.341
HEPS,0001850235,success,1538.0,data\facts\0001850235.parquet,,,2026-07-20T15:08:33,2026-07-20T15:08:34,1.078
HEQ,0001496749,failed,,,ValueError,Company Facts에서 facts 데이터를 찾지 못했습니다.,2026-07-20T15:08:34,2026-07-20T15:08:35,0.787
HERE,0001932770,success,1628.0,data\facts\0001932770.parquet,,,2026-07-20T15:08:35,2026-07-20T15:08:36,1.073
HERZ,0000880406,success,12.0,data\facts\0000880406.parquet,,,2026-07-20T15:08:37,2026-07-20T15:08:37,0.71
HESM,0001789832,success,5374.0,data\facts\0001789832.parquet,,,2026-07-20T15:08:38,2026-07-20T15:08:39,1.21
HEXEY,0001577568,failed,,,HTTPError,404 Client Error: Not Found for url: https://data.sec.gov/api/xbrl/companyfacts/CIK0001577568.json,2026-07-20T15:08:39,2026-07-20T15:08:40,0.917
HFBL,0001500375,success,26120.0,data\facts\0001500375.parquet,,,2026-07-20T15:08:40,2026-07-20T15:08:42,1.765
HFFG,0001680873,success,11967.0,data\facts\0001680873.parquet,,,2026-07-20T15:08:42,2026-07-20T15:08:44,1.843
HFRO,0001710680,failed,,,ValueError,Company Facts에서 facts 데이터를 찾지 못했습니다.,2026-07-20T15:08:44,2026-07-20T15:08:45,0.922
HFUS,0001482554,success,11600.0,data\facts\0001482554.parquet,,,2026-07-20T15:08:46,2026-07-20T15:08:47,1.143
HFWA,0001046025,success,31768.0,data\facts\0001046025.parquet,,,2026-07-20T15:08:47,2026-07-20T15:08:49,1.833
HG,0001593275,success,4378.0,data\facts\0001593275.parquet,,,2026-07-20T15:08:49,2026-07-20T15:08:50,1.26
HGAS,0001817232,success,2849.0,data\facts\0001817232.parquet,,,2026-07-20T15:08:51,2026-07-20T15:08:52,1.123
HGBL,0000849145,success,15773.0,data\facts\0000849145.parquet,,,2026-07-20T15:08:52,2026-07-20T15:08:53,1.233
HGIT,0001585101,success,14206.0,data\facts\0001585101.parquet,,,2026-07-20T15:08:53,2026-07-20T15:08:55,1.099
HGLB,0001622148,failed,,,ValueError,Company Facts에서 facts 데이터를 찾지 못했습니다.,2026-07-20T15:08:55,2026-07-20T15:08:56,0.983
HGTXU,0000862022,failed,,,HTTPError,404 Client Error: Not Found for url: https://data.sec.gov/api/xbrl/companyfacts/CIK0000862022.json,2026-07-20T15:08:56,2026-07-20T15:08:57,0.771
HGTY,0001840776,success,8550.0,data\facts\0001840776.parquet,,,2026-07-20T15:08:57,2026-07-20T15:08:58,1.142
HGV,0001674168,success,11795.0,data\facts\0001674168.parquet,,,2026-07-20T15:08:59,2026-07-20T15:09:00,1.53
HGYN,0001324759,success,4932.0,data\facts\0001324759.parquet,,,2026-07-20T15:09:00,2026-07-20T15:09:01,0.965
HGZDY,0002128813,failed,,,HTTPError,404 Client Error: Not Found for url: https://data.sec.gov/api/xbrl/companyfacts/CIK0002128813.json,2026-07-20T15:09:02,2026-07-20T15:09:02,0.764
HHH,0001981792,success,4959.0,data\facts\0001981792.parquet,,,2026-07-20T15:09:03,2026-07-20T15:09:04,1.019
HHLKF,0001562823,failed,,,HTTPError,404 Client Error: Not Found for url: https://data.sec.gov/api/xbrl/companyfacts/CIK0001562823.json,2026-07-20T15:09:04,2026-07-20T15:09:05,0.983
HHS,0000045919,success,21343.0,data\facts\0000045919.parquet,,,2026-07-20T15:09:05,2026-07-20T15:09:06,1.303
HIG,0000874766,success,38792.0,data\facts\0000874766.parquet,,,2026-07-20T15:09:07,2026-07-20T15:09:08,1.708
HIGR,0001807616,success,3675.0,data\facts\0001807616.parquet,,,2026-07-20T15:09:09,2026-07-20T15:09:10,1.072
HIHO,0001026785,success,5310.0,data\facts\0001026785.parquet,,,2026-07-20T15:09:10,2026-07-20T15:09:11,0.941
HII,0001501585,success,20074.0,data\facts\0001501585.parquet,,,2026-07-20T15:09:11,2026-07-20T15:09:12,1.181
HIMS,0001773751,success,7688.0,data\facts\0001773751.parquet,,,2026-07-20T15:09:13,2026-07-20T15:09:14,1.215
HIMX,0001342338,success,8353.0,data\facts\0001342338.parquet,,,2026-07-20T15:09:14,2026-07-20T15:09:15,1.038
HIND,0001427570,success,10654.0,data\facts\0001427570.parquet,,,2026-07-20T15:09:15,2026-07-20T15:09:17,1.152
HIO,0000910068,failed,,,HTTPError,404 Client Error: Not Found for url: https://data.sec.gov/api/xbrl/companyfacts/CIK0000910068.json,2026-07-20T15:09:17,2026-07-20T15:09:18,0.894
HIPO,0001828105,success,8236.0,data\facts\0001828105.parquet,,,2026-07-20T15:09:18,2026-07-20T15:09:19,0.933
HIRU,0000925779,failed,,,HTTPError,404 Client Error: Not Found for url: https://data.sec.gov/api/xbrl/companyfacts/CIK0000925779.json,2026-07-20T15:09:19,2026-07-20T15:09:20,0.934
HIT,0002019505,success,1299.0,data\facts\0002019505.parquet,,,2026-07-20T15:09:20,2026-07-20T15:09:21,0.872
HITI,0001847409,success,1634.0,data\facts\0001847409.parquet,,,2026-07-20T15:09:22,2026-07-20T15:09:23,1.144
HIVE,0001720424,success,3188.0,data\facts\0001720424.parquet,,,2026-07-20T15:09:23,2026-07-20T15:09:24,0.923
HIW,0000921082,success,25472.0,data\facts\0000921082.parquet,,,2026-07-20T15:09:24,2026-07-20T15:09:26,1.51
HIX,0001058239,success,11.0,data\facts\0001058239.parquet,,,2026-07-20T15:09:26,2026-07-20T15:09:27,1.05
HKD,0001809691,success,2483.0,data\facts\0001809691.parquet,,,2026-07-20T15:09:27,2026-07-20T15:09:28,0.823
HKHC,0000088000,success,13430.0,data\facts\0000088000.parquet,,,2026-07-20T15:09:28,2026-07-20T15:09:30,1.306
HKHHY,0001142231,failed,,,HTTPError,404 Client Error: Not Found for url: https://data.sec.gov/api/xbrl/companyfacts/CIK0001142231.json,2026-07-20T15:09:30,2026-07-20T15:09:31,0.834
HKIT,0001742341,success,3438.0,data\facts\0001742341.parquet,,,2026-07-20T15:09:31,2026-07-20T15:09:32,0.845
HKPD,0002007702,success,575.0,data\facts\0002007702.parquet,,,2026-07-20T15:09:32,2026-07-20T15:09:33,0.865
HL,0000719413,success,28043.0,data\facts\0000719413.parquet,,,2026-07-20T15:09:33,2026-07-20T15:09:35,1.417
HLEO,0001953988,success,1484.0,data\facts\0001953988.parquet,,,2026-07-20T15:09:35,2026-07-20T15:09:36,0.999
HLF,0001180262,success,24883.0,data\facts\0001180262.parquet,,,2026-07-20T15:09:36,2026-07-20T15:09:38,1.495
HLI,0001302215,success,14374.0,data\facts\0001302215.parquet,,,2026-07-20T15:09:38,2026-07-20T15:09:39,1.138
HLIO,0001024795,success,20467.0,data\facts\0001024795.parquet,,,2026-07-20T15:09:39,2026-07-20T15:09:41,1.295
HLIT,0000851310,success,27037.0,data\facts\0000851310.parquet,,,2026-07-20T15:09:41,2026-07-20T15:09:42,1.343
HLLK,0001331421,success,2236.0,data\facts\0001331421.parquet,,,2026-07-20T15:09:43,2026-07-20T15:09:44,0.866
HLLY,0001822928,success,7981.0,data\facts\0001822928.parquet,,,2026-07-20T15:09:44,2026-07-20T15:09:45,0.878
HLMN,0001822492,success,7847.0,data\facts\0001822492.parquet,,,2026-07-20T15:09:45,2026-07-20T15:09:46,1.154
HLN,0001900304,success,2599.0,data\facts\0001900304.parquet,,,2026-07-20T15:09:46,2026-07-20T15:09:47,0.824
HLNE,0001433642,success,10071.0,data\facts\0001433642.parquet,,,2026-07-20T15:09:47,2026-07-20T15:09:49,1.075
HLP,0001855557,success,2927.0,data\facts\0001855557.parquet,,,2026-07-20T15:09:49,2026-07-20T15:09:50,0.869
HLRTF,0001418149,failed,,,HTTPError,404 Client Error: Not Found for url: https://data.sec.gov/api/xbrl/companyfacts/CIK0001418149.json,2026-07-20T15:09:50,2026-07-20T15:09:51,0.89
HLT,0001585689,success,20484.0,data\facts\0001585689.parquet,,,2026-07-20T15:09:51,2026-07-20T15:09:52,1.347
HLX,0000866829,success,25916.0,data\facts\0000866829.parquet,,,2026-07-20T15:09:53,2026-07-20T15:09:54,1.464
HLXC,0002099656,success,87.0,data\facts\0002099656.parquet,,,2026-07-20T15:09:54,2026-07-20T15:09:55,0.982
HLYK,0001680139,success,11704.0,data\facts\0001680139.parquet,,,2026-07-20T15:09:56,2026-07-20T15:09:57,1.256
HMC,0000715153,success,8112.0,data\facts\0000715153.parquet,,,2026-07-20T15:09:57,2026-07-20T15:09:59,1.312
HMELF,0001853630,success,644.0,data\facts\0001853630.parquet,,,2026-07-20T15:09:59,2026-07-20T15:10:00,0.985
HMH,0002021880,success,27.0,data\facts\0002021880.parquet,,,2026-07-20T15:10:00,2026-07-20T15:10:01,0.999
HMMR,0001539680,success,9105.0,data\facts\0001539680.parquet,,,2026-07-20T15:10:01,2026-07-20T15:10:03,1.349
HMN,0000850141,success,26169.0,data\facts\0000850141.parquet,,,2026-07-20T15:10:03,2026-07-20T15:10:05,1.77
HMR,0002029471,success,721.0,data\facts\0002029471.parquet,,,2026-07-20T15:10:05,2026-07-20T15:10:06,1.045
HMRZF,0001396282,failed,,,HTTPError,404 Client Error: Not Found for url: https://data.sec.gov/api/xbrl/companyfacts/CIK0001396282.json,2026-07-20T15:10:06,2026-07-20T15:10:07,0.914
HMY,0001023514,success,4290.0,data\facts\0001023514.parquet,,,2026-07-20T15:10:08,2026-07-20T15:10:09,1.368
HNGE,0001673743,success,1580.0,data\facts\0001673743.parquet,,,2026-07-20T15:10:09,2026-07-20T15:10:10,1.305
HNI,0000048287,success,25077.0,data\facts\0000048287.parquet,,,2026-07-20T15:10:11,2026-07-20T15:10:12,1.577
HNIT,0001994373,success,1184.0,data\facts\0001994373.parquet,,,2026-07-20T15:10:13,2026-07-20T15:10:14,1.032
HNNA,0001145255,success,12919.0,data\facts\0001145255.parquet,,,2026-07-20T15:10:14,2026-07-20T15:10:15,1.529
HNOI,0001342916,success,3273.0,data\facts\0001342916.parquet,,,2026-07-20T15:10:16,2026-07-20T15:10:17,1.067
HNPHY,0002073669,failed,,,HTTPError,404 Client Error: Not Found for url: https://data.sec.gov/api/xbrl/companyfacts/CIK0002073669.json,2026-07-20T15:10:17,2026-07-20T15:10:18,0.933
HNRG,0000788965,success,15225.0,data\facts\0000788965.parquet,,,2026-07-20T15:10:18,2026-07-20T15:10:20,1.491
HNSDF,0001856488,failed,,,HTTPError,404 Client Error: Not Found for url: https://data.sec.gov/api/xbrl/companyfacts/CIK0001856488.json,2026-07-20T15:10:20,2026-07-20T15:10:21,1.026
HNST,0001530979,success,6641.0,data\facts\0001530979.parquet,,,2026-07-20T15:10:21,2026-07-20T15:10:23,1.404
HNVR,0001828588,success,10619.0,data\facts\0001828588.parquet,,,2026-07-20T15:10:23,2026-07-20T15:10:24,1.205
HODL,0001838028,success,831.0,data\facts\0001838028.parquet,,,2026-07-20T15:10:25,2026-07-20T15:10:26,1.036
HODO,0001903595,success,1717.0,data\facts\0001903595.parquet,,,2026-07-20T15:10:26,2026-07-20T15:10:27,1.101
HOFT,0001077688,success,21274.0,data\facts\0001077688.parquet,,,2026-07-20T15:10:27,2026-07-20T15:10:29,1.514
HOG,0000793952,success,29144.0,data\facts\0000793952.parquet,,,2026-07-20T15:10:29,2026-07-20T15:10:31,1.608
HOLO,0001841209,success,4078.0,data\facts\0001841209.parquet,,,2026-07-20T15:10:31,2026-07-20T15:10:32,1.046
HOMB,0001331520,success,36267.0,data\facts\0001331520.parquet,,,2026-07-20T15:10:32,2026-07-20T15:10:34,1.573
HON,0000773840,success,29846.0,data\facts\0000773840.parquet,,,2026-07-20T15:10:34,2026-07-20T15:10:36,1.681
HONA,0002089271,success,13.0,data\facts\0002089271.parquet,,,2026-07-20T15:10:36,2026-07-20T15:10:37,0.944
HOOD,0001783879,success,8480.0,data\facts\0001783879.parquet,,,2026-07-20T15:10:37,2026-07-20T15:10:38,1.108
HOPE,0001128361,success,35934.0,data\facts\0001128361.parquet,,,2026-07-20T15:10:39,2026-07-20T15:10:40,1.585
HOUR,0001874875,success,4802.0,data\facts\0001874875.parquet,,,2026-07-20T15:10:41,2026-07-20T15:10:42,0.956
HOV,0000357294,success,17395.0,data\facts\0000357294.parquet,,,2026-07-20T15:10:42,2026-07-20T15:10:43,1.068
HOVR,0001930021,success,2627.0,data\facts\0001930021.parquet,,,2026-07-20T15:10:43,2026-07-20T15:10:44,1.153
HOWL,0001785530,success,4890.0,data\facts\0001785530.parquet,,,2026-07-20T15:10:45,2026-07-20T15:10:45,0.905
HP,0000046765,success,28688.0,data\facts\0000046765.parquet,,,2026-07-20T15:10:46,2026-07-20T15:10:47,1.747
HPAI,0002001699,success,601.0,data\facts\0002001699.parquet,,,2026-07-20T15:10:48,2026-07-20T15:10:49,1.072
HPE,0001645590,success,22705.0,data\facts\0001645590.parquet,,,2026-07-20T15:10:49,2026-07-20T15:10:50,1.282
HPF,0001189740,failed,,,ValueError,Company Facts에서 facts 데이터를 찾지 못했습니다.,2026-07-20T15:10:51,2026-07-20T15:10:52,0.973
HPHTY,0001600928,failed,,,HTTPError,404 Client Error: Not Found for url: https://data.sec.gov/api/xbrl/companyfacts/CIK0001600928.json,2026-07-20T15:10:52,2026-07-20T15:10:53,0.945
HPI,0001176199,failed,,,ValueError,Company Facts에서 facts 데이터를 찾지 못했습니다.,2026-07-20T15:10:53,2026-07-20T15:10:54,0.775
HPK,0001792849,success,9556.0,data\facts\0001792849.parquet,,,2026-07-20T15:10:54,2026-07-20T15:10:55,1.214
HPP,0001482512,success,21403.0,data\facts\0001482512.parquet,,,2026-07-20T15:10:56,2026-07-20T15:10:58,2.026
HPQ,0000047217,success,32678.0,data\facts\0000047217.parquet,,,2026-07-20T15:10:58,2026-07-20T15:11:00,1.819
HPS,0001215913,failed,,,ValueError,Company Facts에서 facts 데이터를 찾지 못했습니다.,2026-07-20T15:11:00,2026-07-20T15:11:01,0.973
HQ,0002088256,success,91.0,data\facts\0002088256.parquet,,,2026-07-20T15:11:01,2026-07-20T15:11:02,1.033
HQH,0000805267,failed,,,HTTPError,404 Client Error: Not Found for url: https://data.sec.gov/api/xbrl/companyfacts/CIK0000805267.json,2026-07-20T15:11:03,2026-07-20T15:11:04,1.024
HQI,0001140102,success,15932.0,data\facts\0001140102.parquet,,,2026-07-20T15:11:04,2026-07-20T15:11:05,1.272
HQL,0000884121,failed,,,HTTPError,404 Client Error: Not Found for url: https://data.sec.gov/api/xbrl/companyfacts/CIK0000884121.json,2026-07-20T15:11:06,2026-07-20T15:11:06,0.872
HQY,0001428336,success,17157.0,data\facts\0001428336.parquet,,,2026-07-20T15:11:07,2026-07-20T15:11:08,1.392
HR,0001360604,success,20536.0,data\facts\0001360604.parquet,,,2026-07-20T15:11:08,2026-07-20T15:11:10,1.679
HRB,0000012659,success,30560.0,data\facts\0000012659.parquet,,,2026-07-20T15:11:10,2026-07-20T15:11:12,1.655
HRBAY,0002088827,failed,,,HTTPError,404 Client Error: Not Found for url: https://data.sec.gov/api/xbrl/companyfacts/CIK0002088827.json,2026-07-20T15:11:12,2026-07-20T15:11:13,0.847
HRGN,0001563665,success,9855.0,data\facts\0001563665.parquet,,,2026-07-20T15:11:13,2026-07-20T15:11:15,1.162
HRI,0001364479,success,23891.0,data\facts\0001364479.parquet,,,2026-07-20T15:11:15,2026-07-20T15:11:16,1.55
HRL,0000048465,success,22811.0,data\facts\0000048465.parquet,,,2026-07-20T15:11:17,2026-07-20T15:11:18,1.351
HRMY,0001802665,success,7407.0,data\facts\0001802665.parquet,,,2026-07-20T15:11:18,2026-07-20T15:11:19,1.012
HRNNF,0001712356,success,3255.0,data\facts\0001712356.parquet,,,2026-07-20T15:11:20,2026-07-20T15:11:20,0.965
HROW,0001360214,success,16090.0,data\facts\0001360214.parquet,,,2026-07-20T15:11:21,2026-07-20T15:11:22,1.312
HRTG,0001598665,success,25082.0,data\facts\0001598665.parquet,,,2026-07-20T15:11:22,2026-07-20T15:11:24,1.69
HRTX,0000818033,success,13235.0,data\facts\0000818033.parquet,,,2026-07-20T15:11:24,2026-07-20T15:11:26,1.304
HRZN,0001487428,success,4546.0,data\facts\0001487428.parquet,,,2026-07-20T15:11:26,2026-07-20T15:11:27,1.334
HSAI,0001861737,success,2481.0,data\facts\0001861737.parquet,,,2026-07-20T15:11:28,2026-07-20T15:11:29,1.175
HSBC,0001089113,success,9274.0,data\facts\0001089113.parquet,,,2026-07-20T15:11:29,2026-07-20T15:11:30,1.052
HSCS,0001468492,success,2933.0,data\facts\0001468492.parquet,,,2026-07-20T15:11:30,2026-07-20T15:11:31,1.008
HSCT,0001721056,success,3682.0,data\facts\0001721056.parquet,,,2026-07-20T15:11:32,2026-07-20T15:11:33,1.023
HSDT,0001610853,success,10644.0,data\facts\0001610853.parquet,,,2026-07-20T15:11:33,2026-07-20T15:11:34,1.242
HSHP,0001959455,success,1434.0,data\facts\0001959455.parquet,,,2026-07-20T15:11:34,2026-07-20T15:11:35,0.964
HSIC,0001000228,success,26759.0,data\facts\0001000228.parquet,,,2026-07-20T15:11:36,2026-07-20T15:11:37,1.543
HSLV,0002013223,success,192.0,data\facts\0002013223.parquet,,,2026-07-20T15:11:37,2026-07-20T15:11:38,0.948
HSPOF,0001946021,success,1471.0,data\facts\0001946021.parquet,,,2026-07-20T15:11:39,2026-07-20T15:11:40,0.936
HST,0001070750,success,19390.0,data\facts\0001070750.parquet,,,2026-07-20T15:11:40,2026-07-20T15:11:41,1.265
HSTA,0001813603,success,3322.0,data\facts\0001813603.parquet,,,2026-07-20T15:11:41,2026-07-20T15:11:43,1.223
HSTC,0000797564,success,5034.0,data\facts\0000797564.parquet,,,2026-07-20T15:11:43,2026-07-20T15:11:44,1.206
HSTI,0001365388,success,6850.0,data\facts\0001365388.parquet,,,2026-07-20T15:11:44,2026-07-20T15:11:45,1.064
HSTM,0001095565,success,17019.0,data\facts\0001095565.parquet,,,2026-07-20T15:11:46,2026-07-20T15:11:47,1.184
HSY,0000047111,success,29685.0,data\facts\0000047111.parquet,,,2026-07-20T15:11:47,2026-07-20T15:11:49,1.543
HTB,0001538263,success,30396.0,data\facts\0001538263.parquet,,,2026-07-20T15:11:49,2026-07-20T15:11:51,1.646
HTCO,0001928948,success,1687.0,data\facts\0001928948.parquet,,,2026-07-20T15:11:51,2026-07-20T15:11:52,0.941
HTCR,0001892322,success,6815.0,data\facts\0001892322.parquet,,,2026-07-20T15:11:52,2026-07-20T15:11:53,1.062
HTD,0001260041,failed,,,ValueError,Company Facts에서 facts 데이터를 찾지 못했습니다.,2026-07-20T15:11:54,2026-07-20T15:11:54,0.891
HTFL,0001464521,success,1665.0,data\facts\0001464521.parquet,,,2026-07-20T15:11:55,2026-07-20T15:11:56,0.873
HTGC,0001280784,success,5332.0,data\facts\0001280784.parquet,,,2026-07-20T15:11:56,2026-07-20T15:11:57,1.104
HTH,0001265131,success,35728.0,data\facts\0001265131.parquet,,,2026-07-20T15:11:57,2026-07-20T15:11:59,1.793
HTHIY,0000047710,success,1113.0,data\facts\0000047710.parquet,,,2026-07-20T15:11:59,2026-07-20T15:12:00,0.861
HTHT,0001483994,success,12459.0,data\facts\0001483994.parquet,,,2026-07-20T15:12:00,2026-07-20T15:12:01,0.909
HTLD,0000799233,success,23835.0,data\facts\0000799233.parquet,,,2026-07-20T15:12:02,2026-07-20T15:12:02,0.875
HTLM,0002023153,success,1763.0,data\facts\0002023153.parquet,,,2026-07-20T15:12:03,2026-07-20T15:12:03,0.709
HTO,0000766829,success,21359.0,data\facts\0000766829.parquet,,,2026-07-20T15:12:04,2026-07-20T15:12:05,0.909
HTOO,0001819794,success,1940.0,data\facts\0001819794.parquet,,,2026-07-20T15:12:05,2026-07-20T15:12:05,0.666
HTT,0001692705,success,5284.0,data\facts\0001692705.parquet,,,2026-07-20T15:12:06,2026-07-20T15:12:06,0.617
HTZ,0001657853,success,14308.0,data\facts\0001657853.parquet,,,2026-07-20T15:12:07,2026-07-20T15:12:07,0.789
HUAQY,0002136116,failed,,,HTTPError,404 Client Error: Not Found for url: https://data.sec.gov/api/xbrl/companyfacts/CIK0002136116.json,2026-07-20T15:12:08,2026-07-20T15:12:08,0.46
HUBB,0000048898,success,25214.0,data\facts\0000048898.parquet,,,2026-07-20T15:12:08,2026-07-20T15:12:09,0.85
HUBC,0001905660,success,2076.0,data\facts\0001905660.parquet,,,2026-07-20T15:12:09,2026-07-20T15:12:10,0.676
HUBG,0000940942,success,18553.0,data\facts\0000940942.parquet,,,2026-07-20T15:12:10,2026-07-20T15:12:11,0.911
HUBS,0001404655,success,16354.0,data\facts\0001404655.parquet,,,2026-07-20T15:12:11,2026-07-20T15:12:12,0.952
HUDI,0001791725,success,3787.0,data\facts\0001791725.parquet,,,2026-07-20T15:12:13,2026-07-20T15:12:13,0.706
HUHU,0001945415,success,977.0,data\facts\0001945415.parquet,,,2026-07-20T15:12:14,2026-07-20T15:12:14,0.674
HUIZ,0001778982,success,4576.0,data\facts\0001778982.parquet,,,2026-07-20T15:12:15,2026-07-20T15:12:15,0.615
HUM,0000049071,success,29287.0,data\facts\0000049071.parquet,,,2026-07-20T15:12:15,2026-07-20T15:12:17,1.154
HUMA,0001818382,success,5723.0,data\facts\0001818382.parquet,,,2026-07-20T15:12:17,2026-07-20T15:12:17,0.638
HUN,0001307954,success,29404.0,data\facts\0001307954.parquet,,,2026-07-20T15:12:18,2026-07-20T15:12:19,1.339
HURA,0001498382,success,9466.0,data\facts\0001498382.parquet,,,2026-07-20T15:12:19,2026-07-20T15:12:20,0.903
HURC,0000315374,success,23479.0,data\facts\0000315374.parquet,,,2026-07-20T15:12:20,2026-07-20T15:12:22,1.285
HURN,0001289848,success,25556.0,data\facts\0001289848.parquet,,,2026-07-20T15:12:22,2026-07-20T15:12:23,1.176
HUT,0001964789,success,4860.0,data\facts\0001964789.parquet,,,2026-07-20T15:12:23,2026-07-20T15:12:24,0.752
HUYA,0001728190,success,4132.0,data\facts\0001728190.parquet,,,2026-07-20T15:12:24,2026-07-20T15:12:26,1.085
HVGDF,0000921968,failed,,,HTTPError,404 Client Error: Not Found for url: https://data.sec.gov/api/xbrl/companyfacts/CIK0000921968.json,2026-07-20T15:12:26,2026-07-20T15:12:27,0.805
HVII,0001846416,success,457.0,data\facts\0001846416.parquet,,,2026-07-20T15:12:27,2026-07-20T15:12:28,0.925
HVMC,0002070602,success,242.0,data\facts\0002070602.parquet,,,2026-07-20T15:12:28,2026-07-20T15:12:29,0.839
HVT,0000216085,success,13132.0,data\facts\0000216085.parquet,,,2026-07-20T15:12:29,2026-07-20T15:12:30,0.911
HWAIF,0001999124,failed,,,HTTPError,404 Client Error: Not Found for url: https://data.sec.gov/api/xbrl/companyfacts/CIK0001999124.json,2026-07-20T15:12:30,2026-07-20T15:12:31,0.626
HWAUF,0001817161,failed,,,HTTPError,404 Client Error: Not Found for url: https://data.sec.gov/api/xbrl/companyfacts/CIK0001817161.json,2026-07-20T15:12:31,2026-07-20T15:12:32,0.734
HWBK,0000893847,success,34441.0,data\facts\0000893847.parquet,,,2026-07-20T15:12:32,2026-07-20T15:12:34,1.446
HWC,0000750577,success,32788.0,data\facts\0000750577.parquet,,,2026-07-20T15:12:34,2026-07-20T15:12:36,1.743
HWH,0001897245,success,2963.0,data\facts\0001897245.parquet,,,2026-07-20T15:12:36,2026-07-20T15:12:37,1.063
HWKE,0001750777,success,5797.0,data\facts\0001750777.parquet,,,2026-07-20T15:12:37,2026-07-20T15:12:38,0.88
HWKN,0000046250,success,17752.0,data\facts\0000046250.parquet,,,2026-07-20T15:12:38,2026-07-20T15:12:40,1.105
HWM,0000004281,success,32249.0,data\facts\0000004281.parquet,,,2026-07-20T15:12:40,2026-07-20T15:12:41,1.3
HWNI,0001413891,success,18359.0,data\facts\0001413891.parquet,,,2026-07-20T15:12:41,2026-07-20T15:12:43,1.351
HXHX,0001936817,success,749.0,data\facts\0001936817.parquet,,,2026-07-20T15:12:43,2026-07-20T15:12:44,1.03
HXL,0000717605,success,18866.0,data\facts\0000717605.parquet,,,2026-07-20T15:12:44,2026-07-20T15:12:45,0.978
HY,0001173514,success,22789.0,data\facts\0001173514.parquet,,,2026-07-20T15:12:45,2026-07-20T15:12:46,1.041
HYDTF,0001958389,failed,,,HTTPError,404 Client Error: Not Found for url: https://data.sec.gov/api/xbrl/companyfacts/CIK0001958389.json,2026-07-20T15:12:47,2026-07-20T15:12:47,0.6
HYEX,0001630176,success,7910.0,data\facts\0001630176.parquet,,,2026-07-20T15:12:48,2026-07-20T15:12:48,0.881
HYFM,0001695295,success,7315.0,data\facts\0001695295.parquet,,,2026-07-20T15:12:49,2026-07-20T15:12:50,0.812
HYFT,0001715925,success,3226.0,data\facts\0001715925.parquet,,,2026-07-20T15:12:50,2026-07-20T15:12:50,0.706
HYI,0001497186,failed,,,HTTPError,404 Client Error: Not Found for url: https://data.sec.gov/api/xbrl/companyfacts/CIK0001497186.json,2026-07-20T15:12:51,2026-07-20T15:12:51,0.586
HYLN,0001759631,success,6728.0,data\facts\0001759631.parquet,,,2026-07-20T15:12:52,2026-07-20T15:12:53,1.031
HYMC,0001718405,success,7746.0,data\facts\0001718405.parquet,,,2026-07-20T15:12:53,2026-07-20T15:12:54,0.906
HYNE,0002073153,success,1000.0,data\facts\0002073153.parquet,,,2026-07-20T15:12:54,2026-07-20T15:12:55,0.803
HYOR,0001070789,success,3768.0,data\facts\0001070789.parquet,,,2026-07-20T15:12:55,2026-07-20T15:12:56,0.837
HYPD,0001682639,success,7489.0,data\facts\0001682639.parquet,,,2026-07-20T15:12:56,2026-07-20T15:12:57,0.982
HYPG,0002107730,failed,,,HTTPError,404 Client Error: Not Found for url: https://data.sec.gov/api/xbrl/companyfacts/CIK0002107730.json,2026-07-20T15:12:57,2026-07-20T15:12:58,0.554
HYPMY,0001486749,failed,,,HTTPError,404 Client Error: Not Found for url: https://data.sec.gov/api/xbrl/companyfacts/CIK0001486749.json,2026-07-20T15:12:58,2026-07-20T15:12:59,0.519
HYPR,0001833769,success,4171.0,data\facts\0001833769.parquet,,,2026-07-20T15:12:59,2026-07-20T15:13:00,0.975
HYSR,0001481028,success,10252.0,data\facts\0001481028.parquet,,,2026-07-20T15:13:00,2026-07-20T15:13:01,0.853
HYT,0001222401,failed,,,HTTPError,404 Client Error: Not Found for url: https://data.sec.gov/api/xbrl/companyfacts/CIK0001222401.json,2026-07-20T15:13:01,2026-07-20T15:13:02,0.541
HZEN,0001748945,success,1903.0,data\facts\0001748945.parquet,,,2026-07-20T15:13:02,2026-07-20T15:13:03,0.736
HZO,0001057060,success,15945.0,data\facts\0001057060.parquet,,,2026-07-20T15:13:03,2026-07-20T15:13:04,0.82
HZRBY,0002060217,failed,,,HTTPError,404 Client Error: Not Found for url: https://data.sec.gov/api/xbrl/companyfacts/CIK0002060217.json,2026-07-20T15:13:04,2026-07-20T15:13:05,0.694
IAALF,0001450894,failed,,,HTTPError,404 Client Error: Not Found for url: https://data.sec.gov/api/xbrl/companyfacts/CIK0001450894.json,2026-07-20T15:13:05,2026-07-20T15:13:06,0.536
IACO,0002091176,success,107.0,data\facts\0002091176.parquet,,,2026-07-20T15:13:06,2026-07-20T15:13:07,0.815
IACQ,0002122505,success,8.0,data\facts\0002122505.parquet,,,2026-07-20T15:13:07,2026-07-20T15:13:08,0.581
IAE,0001385632,failed,,,HTTPError,404 Client Error: Not Found for url: https://data.sec.gov/api/xbrl/companyfacts/CIK0001385632.json,2026-07-20T15:13:08,2026-07-20T15:13:08,0.5
IAF,0000779336,failed,,,HTTPError,404 Client Error: Not Found for url: https://data.sec.gov/api/xbrl/companyfacts/CIK0000779336.json,2026-07-20T15:13:09,2026-07-20T15:13:09,0.93
IAG,0001203464,success,6393.0,data\facts\0001203464.parquet,,,2026-07-20T15:13:10,2026-07-20T15:13:11,1.701
IART,0000917520,success,25037.0,data\facts\0000917520.parquet,,,2026-07-20T15:13:12,2026-07-20T15:13:13,1.434
IAU,0001278680,success,5648.0,data\facts\0001278680.parquet,,,2026-07-20T15:13:13,2026-07-20T15:13:14,0.761
IAUM,0001759124,success,1898.0,data\facts\0001759124.parquet,,,2026-07-20T15:13:14,2026-07-20T15:13:15,0.766
IAUX,0001853962,success,2564.0,data\facts\0001853962.parquet,,,2026-07-20T15:13:15,2026-07-20T15:13:16,0.706
IBAC,0001998781,success,1127.0,data\facts\0001998781.parquet,,,2026-07-20T15:13:16,2026-07-20T15:13:17,0.836
IBATF,0001786318,success,550.0,data\facts\0001786318.parquet,,,2026-07-20T15:13:17,2026-07-20T15:13:18,0.856
IBCP,0000039311,success,33032.0,data\facts\0000039311.parquet,,,2026-07-20T15:13:18,2026-07-20T15:13:20,1.67
IBEX,0001720420,success,6175.0,data\facts\0001720420.parquet,,,2026-07-20T15:13:20,2026-07-20T15:13:21,0.919
IBG,0001924482,success,246.0,data\facts\0001924482.parquet,,,2026-07-20T15:13:22,2026-07-20T15:13:22,0.701
IBIDF,0001654508,failed,,,HTTPError,404 Client Error: Not Found for url: https://data.sec.gov/api/xbrl/companyfacts/CIK0001654508.json,2026-07-20T15:13:23,2026-07-20T15:13:23,0.679
IBIO,0001420720,success,17143.0,data\facts\0001420720.parquet,,,2026-07-20T15:13:23,2026-07-20T15:13:25,1.862
IBIT,0001980994,success,842.0,data\facts\0001980994.parquet,,,2026-07-20T15:13:26,2026-07-20T15:13:27,0.875
IBKR,0001381197,success,20237.0,data\facts\0001381197.parquet,,,2026-07-20T15:13:27,2026-07-20T15:13:29,1.955
IBL,0002075038,failed,,,HTTPError,404 Client Error: Not Found for url: https://data.sec.gov/api/xbrl/companyfacts/CIK0002075038.json,2026-07-20T15:13:29,2026-07-20T15:13:30,0.77
IBM,0000051143,success,37056.0,data\facts\0000051143.parquet,,,2026-07-20T15:13:30,2026-07-20T15:13:31,1.424
IBN,0001103838,failed,,,HTTPError,404 Client Error: Not Found for url: https://data.sec.gov/api/xbrl/companyfacts/CIK0001103838.json,2026-07-20T15:13:32,2026-07-20T15:13:32,0.734
IBO,0001834105,success,2416.0,data\facts\0001834105.parquet,,,2026-07-20T15:13:33,2026-07-20T15:13:34,0.894
IBOC,0000315709,success,26973.0,data\facts\0000315709.parquet,,,2026-07-20T15:13:34,2026-07-20T15:13:35,0.984
IBP,0001580905,success,21351.0,data\facts\0001580905.parquet,,,2026-07-20T15:13:35,2026-07-20T15:13:36,0.918
IBRX,0001326110,success,17118.0,data\facts\0001326110.parquet,,,2026-07-20T15:13:36,2026-07-20T15:13:37,0.801
IBTA,0001538379,success,3171.0,data\facts\0001538379.parquet,,,2026-07-20T15:13:37,2026-07-20T15:13:38,0.581
ICCC,0000811641,success,19919.0,data\facts\0000811641.parquet,,,2026-07-20T15:13:38,2026-07-20T15:13:39,0.904
ICCM,0001584371,success,2442.0,data\facts\0001584371.parquet,,,2026-07-20T15:13:39,2026-07-20T15:13:40,0.571
ICE,0001571949,success,23760.0,data\facts\0001571949.parquet,,,2026-07-20T15:13:40,2026-07-20T15:13:41,1.245
ICFI,0001362004,success,20077.0,data\facts\0001362004.parquet,,,2026-07-20T15:13:42,2026-07-20T15:13:43,1.067
ICG,0001895597,success,1832.0,data\facts\0001895597.parquet,,,2026-07-20T15:13:43,2026-07-20T15:13:44,0.964
ICGSF,0002123553,failed,,,HTTPError,404 Client Error: Not Found for url: https://data.sec.gov/api/xbrl/companyfacts/CIK0002123553.json,2026-07-20T15:13:44,2026-07-20T15:13:45,0.804
ICHR,0001652535,success,11639.0,data\facts\0001652535.parquet,,,2026-07-20T15:13:45,2026-07-20T15:13:46,1.127
ICL,0000941221,success,4306.0,data\facts\0000941221.parquet,,,2026-07-20T15:13:47,2026-07-20T15:13:48,0.987
ICLR,0001060955,success,21341.0,data\facts\0001060955.parquet,,,2026-07-20T15:13:48,2026-07-20T15:13:49,1.19
ICMB,0001578348,success,4196.0,data\facts\0001578348.parquet,,,2026-07-20T15:13:49,2026-07-20T15:13:50,0.931
ICON,0001995574,success,608.0,data\facts\0001995574.parquet,,,2026-07-20T15:13:51,2026-07-20T15:13:52,0.907
ICR-PA,0001690012,success,7357.0,data\facts\0001690012.parquet,,,2026-07-20T15:13:52,2026-07-20T15:13:53,0.878
ICTSF,0001010134,success,7689.0,data\facts\0001010134.parquet,,,2026-07-20T15:13:53,2026-07-20T15:13:54,1.175
ICU,0001831868,success,3492.0,data\facts\0001831868.parquet,,,2026-07-20T15:13:54,2026-07-20T15:13:55,0.868
ICUI,0000883984,success,27933.0,data\facts\0000883984.parquet,,,2026-07-20T15:13:56,2026-07-20T15:13:57,1.671
IDA,0001057877,success,26616.0,data\facts\0001057877.parquet,,,2026-07-20T15:13:57,2026-07-20T15:13:59,1.254
IDAC,0002090441,success,43.0,data\facts\0002090441.parquet,,,2026-07-20T15:13:59,2026-07-20T15:14:00,0.872
IDAI,0001718939,success,7067.0,data\facts\0001718939.parquet,,,2026-07-20T15:14:00,2026-07-20T15:14:01,0.962
IDCC,0001405495,success,23461.0,data\facts\0001405495.parquet,,,2026-07-20T15:14:01,2026-07-20T15:14:03,1.269
IDE,0001417802,failed,,,HTTPError,404 Client Error: Not Found for url: https://data.sec.gov/api/xbrl/companyfacts/CIK0001417802.json,2026-07-20T15:14:03,2026-07-20T15:14:04,0.832
IDEXF,0001438656,failed,,,HTTPError,404 Client Error: Not Found for url: https://data.sec.gov/api/xbrl/companyfacts/CIK0001438656.json,2026-07-20T15:14:04,2026-07-20T15:14:05,1.028
IDIA,0001997389,success,10.0,data\facts\0001997389.parquet,,,2026-07-20T15:14:05,2026-07-20T15:14:06,0.891
IDN,0001040896,success,12788.0,data\facts\0001040896.parquet,,,2026-07-20T15:14:06,2026-07-20T15:14:08,1.186
IDPEY,0002062803,failed,,,HTTPError,404 Client Error: Not Found for url: https://data.sec.gov/api/xbrl/companyfacts/CIK0002062803.json,2026-07-20T15:14:08,2026-07-20T15:14:09,0.864
IDR,0001030192,success,14129.0,data\facts\0001030192.parquet,,,2026-07-20T15:14:09,2026-07-20T15:14:10,1.432
IDT,0001005731,success,21671.0,data\facts\0001005731.parquet,,,2026-07-20T15:14:11,2026-07-20T15:14:12,1.37
IDXG,0001054102,success,20205.0,data\facts\0001054102.parquet,,,2026-07-20T15:14:12,2026-07-20T15:14:14,1.479
IDXMF,0002067171,failed,,,HTTPError,404 Client Error: Not Found for url: https://data.sec.gov/api/xbrl/companyfacts/CIK0002067171.json,2026-07-20T15:14:14,2026-07-20T15:14:15,0.963
IDXX,0000874716,success,26465.0,data\facts\0000874716.parquet,,,2026-07-20T15:14:15,2026-07-20T15:14:17,1.651
IDYA,0001676725,success,7691.0,data\facts\0001676725.parquet,,,2026-07-20T15:14:17,2026-07-20T15:14:19,1.191
IE,0001879016,success,4383.0,data\facts\0001879016.parquet,,,2026-07-20T15:14:19,2026-07-20T15:14:20,1.065
IEAG,0002084396,success,82.0,data\facts\0002084396.parquet,,,2026-07-20T15:14:20,2026-07-20T15:14:21,1.007
IEGCF,0001537317,failed,,,HTTPError,404 Client Error: Not Found for url: https://data.sec.gov/api/xbrl/companyfacts/CIK0001537317.json,2026-07-20T15:14:21,2026-07-20T15:14:22,0.755
IEHC,0000050292,success,11526.0,data\facts\0000050292.parquet,,,2026-07-20T15:14:22,2026-07-20T15:14:24,1.262
IEP,0000813762,success,21466.0,data\facts\0000813762.parquet,,,2026-07-20T15:14:24,2026-07-20T15:14:25,1.298
IESC,0001048268,success,22734.0,data\facts\0001048268.parquet,,,2026-07-20T15:14:26,2026-07-20T15:14:27,1.494
IEX,0000832101,success,25749.0,data\facts\0000832101.parquet,,,2026-07-20T15:14:27,2026-07-20T15:14:29,1.558
IFBD,0001815566,success,3431.0,data\facts\0001815566.parquet,,,2026-07-20T15:14:29,2026-07-20T15:14:30,1.257
IFF,0000051253,success,25625.0,data\facts\0000051253.parquet,,,2026-07-20T15:14:31,2026-07-20T15:14:32,1.514
IFHLY,0002035057,failed,,,HTTPError,404 Client Error: Not Found for url: https://data.sec.gov/api/xbrl/companyfacts/CIK0002035057.json,2026-07-20T15:14:32,2026-07-20T15:14:33,0.68
IFN,0000917100,failed,,,ValueError,Company Facts에서 facts 데이터를 찾지 못했습니다.,2026-07-20T15:14:33,2026-07-20T15:14:34,0.824
IFNNY,0001107457,failed,,,HTTPError,404 Client Error: Not Found for url: https://data.sec.gov/api/xbrl/companyfacts/CIK0001107457.json,2026-07-20T15:14:34,2026-07-20T15:14:35,0.517
IFRX,0001708688,success,3677.0,data\facts\0001708688.parquet,,,2026-07-20T15:14:35,2026-07-20T15:14:36,0.888
IFS,0001615903,success,4331.0,data\facts\0001615903.parquet,,,2026-07-20T15:14:36,2026-07-20T15:14:37,0.707
IGA,0001332943,failed,,,HTTPError,404 Client Error: Not Found for url: https://data.sec.gov/api/xbrl/companyfacts/CIK0001332943.json,2026-07-20T15:14:37,2026-07-20T15:14:38,0.452
IGAC,0002075068,success,108.0,data\facts\0002075068.parquet,,,2026-07-20T15:14:38,2026-07-20T15:14:39,0.665
IGC,0001326205,success,17152.0,data\facts\0001326205.parquet,,,2026-07-20T15:14:39,2026-07-20T15:14:40,0.773
IGD,0001285890,failed,,,HTTPError,404 Client Error: Not Found for url: https://data.sec.gov/api/xbrl/companyfacts/CIK0001285890.json,2026-07-20T15:14:40,2026-07-20T15:14:40,0.536
IGI,0001462586,failed,,,ValueError,Company Facts에서 facts 데이터를 찾지 못했습니다.,2026-07-20T15:14:41,2026-07-20T15:14:41,0.632
IGIC,0001794338,success,4469.0,data\facts\0001794338.parquet,,,2026-07-20T15:14:42,2026-07-20T15:14:43,0.916
IGR,0001268884,failed,,,HTTPError,404 Client Error: Not Found for url: https://data.sec.gov/api/xbrl/companyfacts/CIK0001268884.json,2026-07-20T15:14:43,2026-07-20T15:14:43,0.647
IGTA,0001866838,success,3168.0,data\facts\0001866838.parquet,,,2026-07-20T15:14:44,2026-07-20T15:14:45,0.853
IH,0001814423,success,3089.0,data\facts\0001814423.parquet,,,2026-07-20T15:14:45,2026-07-20T15:14:46,0.793
IHD,0001496292,failed,,,HTTPError,404 Client Error: Not Found for url: https://data.sec.gov/api/xbrl/companyfacts/CIK0001496292.json,2026-07-20T15:14:46,2026-07-20T15:14:47,0.699
IHG,0000858446,success,5630.0,data\facts\0000858446.parquet,,,2026-07-20T15:14:47,2026-07-20T15:14:47,0.638
IHICF,0001567526,failed,,,HTTPError,404 Client Error: Not Found for url: https://data.sec.gov/api/xbrl/companyfacts/CIK0001567526.json,2026-07-20T15:14:48,2026-07-20T15:14:49,0.848
IHRT,0001400891,success,26126.0,data\facts\0001400891.parquet,,,2026-07-20T15:14:49,2026-07-20T15:14:50,0.999
IHS,0001876183,success,6270.0,data\facts\0001876183.parquet,,,2026-07-20T15:14:50,2026-07-20T15:14:51,0.644
IHT,0000082473,success,15565.0,data\facts\0000082473.parquet,,,2026-07-20T15:14:51,2026-07-20T15:14:52,0.807
IIF,0000916618,failed,,,HTTPError,404 Client Error: Not Found for url: https://data.sec.gov/api/xbrl/companyfacts/CIK0000916618.json,2026-07-20T15:14:52,2026-07-20T15:14:53,0.77
III,0001371489,success,15990.0,data\facts\0001371489.parquet,,,2026-07-20T15:14:53,2026-07-20T15:14:54,0.917
IIIN,0000764401,success,19690.0,data\facts\0000764401.parquet,,,2026-07-20T15:14:54,2026-07-20T15:14:55,0.99
IIIV,0001728688,success,13106.0,data\facts\0001728688.parquet,,,2026-07-20T15:14:55,2026-07-20T15:14:56,1.007
IIM,0000885601,failed,,,ValueError,Company Facts에서 facts 데이터를 찾지 못했습니다.,2026-07-20T15:14:57,2026-07-20T15:14:58,1.006
IIPR,0001677576,success,9015.0,data\facts\0001677576.parquet,,,2026-07-20T15:14:58,2026-07-20T15:14:59,1.382
IKT,0001750149,success,4128.0,data\facts\0001750149.parquet,,,2026-07-20T15:14:59,2026-07-20T15:15:00,0.791
ILAG,0001814963,success,1210.0,data\facts\0001814963.parquet,,,2026-07-20T15:15:01,2026-07-20T15:15:01,0.886
ILAL,0001657214,success,6660.0,data\facts\0001657214.parquet,,,2026-07-20T15:15:02,2026-07-20T15:15:03,1.133
ILLMF,0001861233,success,476.0,data\facts\0001861233.parquet,,,2026-07-20T15:15:03,2026-07-20T15:15:04,0.598
ILLR,0001769624,success,7666.0,data\facts\0001769624.parquet,,,2026-07-20T15:15:04,2026-07-20T15:15:05,1.082
ILLU,0002101135,success,114.0,data\facts\0002101135.parquet,,,2026-07-20T15:15:05,2026-07-20T15:15:06,0.626
ILMN,0001110803,success,23393.0,data\facts\0001110803.parquet,,,2026-07-20T15:15:06,2026-07-20T15:15:07,1.209
ILPT,0001717307,success,9506.0,data\facts\0001717307.parquet,,,2026-07-20T15:15:08,2026-07-20T15:15:09,1.057
ILST,0001100788,success,484.0,data\facts\0001100788.parquet,,,2026-07-20T15:15:09,2026-07-20T15:15:10,0.815
ILXP,0001115864,success,83.0,data\facts\0001115864.parquet,,,2026-07-20T15:15:10,2026-07-20T15:15:11,0.849
IMA,0001835579,success,5086.0,data\facts\0001835579.parquet,,,2026-07-20T15:15:11,2026-07-20T15:15:12,0.866
IMAA,0001980295,success,910.0,data\facts\0001980295.parquet,,,2026-07-20T15:15:12,2026-07-20T15:15:13,0.968
IMAQ,0001846235,success,3095.0,data\facts\0001846235.parquet,,,2026-07-20T15:15:13,2026-07-20T15:15:14,0.789
IMAX,0000921582,success,28294.0,data\facts\0000921582.parquet,,,2026-07-20T15:15:14,2026-07-20T15:15:16,1.294
IMC,0002098395,success,10.0,data\facts\0002098395.parquet,,,2026-07-20T15:15:16,2026-07-20T15:15:17,0.927
IMCC,0001792030,success,3656.0,data\facts\0001792030.parquet,,,2026-07-20T15:15:17,2026-07-20T15:15:18,0.881
IMCR,0001671927,success,4663.0,data\facts\0001671927.parquet,,,2026-07-20T15:15:18,2026-07-20T15:15:20,1.125
IMDX,0001642380,success,10012.0,data\facts\0001642380.parquet,,,2026-07-20T15:15:20,2026-07-20T15:15:21,1.173
IMIMF,0001866146,failed,,,HTTPError,404 Client Error: Not Found for url: https://data.sec.gov/api/xbrl/companyfacts/CIK0001866146.json,2026-07-20T15:15:21,2026-07-20T15:15:22,0.7
IMKTA,0000050493,success,12668.0,data\facts\0000050493.parquet,,,2026-07-20T15:15:22,2026-07-20T15:15:24,1.444
IMMP,0001506184,success,2535.0,data\facts\0001506184.parquet,,,2026-07-20T15:15:24,2026-07-20T15:15:25,1.063
IMMR,0001058811,success,19136.0,data\facts\0001058811.parquet,,,2026-07-20T15:15:25,2026-07-20T15:15:27,1.787
IMMX,0001873835,success,4169.0,data\facts\0001873835.parquet,,,2026-07-20T15:15:27,2026-07-20T15:15:29,1.249
IMNM,0001472012,success,4542.0,data\facts\0001472012.parquet,,,2026-07-20T15:15:29,2026-07-20T15:15:30,0.892
IMNN,0000749647,success,14861.0,data\facts\0000749647.parquet,,,2026-07-20T15:15:30,2026-07-20T15:15:31,1.001
IMO,0000049938,success,17184.0,data\facts\0000049938.parquet,,,2026-07-20T15:15:31,2026-07-20T15:15:33,1.303
IMOS,0001123134,success,5423.0,data\facts\0001123134.parquet,,,2026-07-20T15:15:33,2026-07-20T15:15:34,1.053
IMPP,0001876581,success,2084.0,data\facts\0001876581.parquet,,,2026-07-20T15:15:34,2026-07-20T15:15:35,0.814
IMRN,0001660046,success,2717.0,data\facts\0001660046.parquet,,,2026-07-20T15:15:35,2026-07-20T15:15:36,1.122
IMRX,0001790340,success,4972.0,data\facts\0001790340.parquet,,,2026-07-20T15:15:37,2026-07-20T15:15:38,0.879
IMSR,0002019804,success,1473.0,data\facts\0002019804.parquet,,,2026-07-20T15:15:38,2026-07-20T15:15:39,0.766
IMTCF,0001288268,failed,,,HTTPError,404 Client Error: Not Found for url: https://data.sec.gov/api/xbrl/companyfacts/CIK0001288268.json,2026-07-20T15:15:39,2026-07-20T15:15:39,0.473
IMTE,0001668438,success,1737.0,data\facts\0001668438.parquet,,,2026-07-20T15:15:39,2026-07-20T15:15:40,0.892
IMTX,0001809196,success,3796.0,data\facts\0001809196.parquet,,,2026-07-20T15:15:41,2026-07-20T15:15:42,1.196
IMUX,0001280776,success,10750.0,data\facts\0001280776.parquet,,,2026-07-20T15:15:42,2026-07-20T15:15:43,1.243
IMVT,0001764013,success,6062.0,data\facts\0001764013.parquet,,,2026-07-20T15:15:44,2026-07-20T15:15:45,1.01
IMXI,0001683695,success,11167.0,data\facts\0001683695.parquet,,,2026-07-20T15:15:45,2026-07-20T15:15:46,1.247
INAB,0001740279,success,4857.0,data\facts\0001740279.parquet,,,2026-07-20T15:15:46,2026-07-20T15:15:48,1.238
INAC,0002063816,success,367.0,data\facts\0002063816.parquet,,,2026-07-20T15:15:48,2026-07-20T15:15:49,0.951
INBK,0001562463,success,25514.0,data\facts\0001562463.parquet,,,2026-07-20T15:15:49,2026-07-20T15:15:51,1.529
INBP,0001016504,success,14182.0,data\facts\0001016504.parquet,,,2026-07-20T15:15:51,2026-07-20T15:15:52,1.283
INBS,0001725430,success,4979.0,data\facts\0001725430.parquet,,,2026-07-20T15:15:53,2026-07-20T15:15:54,1.098
INBX,0002007919,success,1820.0,data\facts\0002007919.parquet,,,2026-07-20T15:15:54,2026-07-20T15:15:55,0.87
INCR,0001857030,success,1491.0,data\facts\0001857030.parquet,,,2026-07-20T15:15:55,2026-07-20T15:15:56,1.035
INCY,0000879169,success,19702.0,data\facts\0000879169.parquet,,,2026-07-20T15:15:56,2026-07-20T15:15:57,0.975
INDB,0000776901,success,39598.0,data\facts\0000776901.parquet,,,2026-07-20T15:15:58,2026-07-20T15:15:59,1.638
INDI,0001841925,success,7547.0,data\facts\0001841925.parquet,,,2026-07-20T15:15:59,2026-07-20T15:16:00,0.711
INDO,0001757840,success,4037.0,data\facts\0001757840.parquet,,,2026-07-20T15:16:00,2026-07-20T15:16:01,0.822
INDP,0001857044,success,3503.0,data\facts\0001857044.parquet,,,2026-07-20T15:16:01,2026-07-20T15:16:02,0.65
INDV,0001625297,success,2833.0,data\facts\0001625297.parquet,,,2026-07-20T15:16:02,2026-07-20T15:16:03,0.734
INEO,0001933951,success,823.0,data\facts\0001933951.parquet,,,2026-07-20T15:16:03,2026-07-20T15:16:04,0.576
INEOF,0002099727,failed,,,HTTPError,404 Client Error: Not Found for url: https://data.sec.gov/api/xbrl/companyfacts/CIK0002099727.json,2026-07-20T15:16:04,2026-07-20T15:16:05,0.456
INFQ,0002007825,success,622.0,data\facts\0002007825.parquet,,,2026-07-20T15:16:05,2026-07-20T15:16:05,0.616
INFU,0001337013,success,16028.0,data\facts\0001337013.parquet,,,2026-07-20T15:16:06,2026-07-20T15:16:07,0.817
INFY,0001067491,success,4361.0,data\facts\0001067491.parquet,,,2026-07-20T15:16:07,2026-07-20T15:16:08,0.771
ING,0001039765,success,9166.0,data\facts\0001039765.parquet,,,2026-07-20T15:16:08,2026-07-20T15:16:08,0.689
INGM,0001897762,success,2376.0,data\facts\0001897762.parquet,,,2026-07-20T15:16:09,2026-07-20T15:16:09,0.539
INGN,0001294133,success,19215.0,data\facts\0001294133.parquet,,,2026-07-20T15:16:09,2026-07-20T15:16:11,1.048
INGR,0001046257,success,21333.0,data\facts\0001046257.parquet,,,2026-07-20T15:16:11,2026-07-20T15:16:12,0.807
INHD,0001961847,success,2523.0,data\facts\0001961847.parquet,,,2026-07-20T15:16:12,2026-07-20T15:16:12,0.667
INHI,0001997950,failed,,,HTTPError,404 Client Error: Not Found for url: https://data.sec.gov/api/xbrl/companyfacts/CIK0001997950.json,2026-07-20T15:16:13,2026-07-20T15:16:13,0.622
INIKF,0001928722,failed,,,HTTPError,404 Client Error: Not Found for url: https://data.sec.gov/api/xbrl/companyfacts/CIK0001928722.json,2026-07-20T15:16:14,2026-07-20T15:16:14,0.546
INIO,0002109150,success,15.0,data\facts\0002109150.parquet,,,2026-07-20T15:16:14,2026-07-20T15:16:15,0.891
INIS,0001038277,success,15479.0,data\facts\0001038277.parquet,,,2026-07-20T15:16:16,2026-07-20T15:16:17,1.23
INKT,0001840229,success,3505.0,data\facts\0001840229.parquet,,,2026-07-20T15:16:17,2026-07-20T15:16:18,1.06
INKW,0001585380,failed,,,HTTPError,404 Client Error: Not Found for url: https://data.sec.gov/api/xbrl/companyfacts/CIK0001585380.json,2026-07-20T15:16:18,2026-07-20T15:16:19,0.894
INLF,0001991592,success,871.0,data\facts\0001991592.parquet,,,2026-07-20T15:16:20,2026-07-20T15:16:20,0.886
INLX,0001081745,success,15021.0,data\facts\0001081745.parquet,,,2026-07-20T15:16:21,2026-07-20T15:16:22,1.314
INM,0001728328,success,5674.0,data\facts\0001728328.parquet,,,2026-07-20T15:16:22,2026-07-20T15:16:23,0.908
INMB,0001711754,success,5829.0,data\facts\0001711754.parquet,,,2026-07-20T15:16:23,2026-07-20T15:16:24,0.915
INMD,0001742692,success,2436.0,data\facts\0001742692.parquet,,,2026-07-20T15:16:25,2026-07-20T15:16:26,0.866
INN,0001497645,success,20453.0,data\facts\0001497645.parquet,,,2026-07-20T15:16:26,2026-07-20T15:16:27,1.252
INNI,0001098482,success,2854.0,data\facts\0001098482.parquet,,,2026-07-20T15:16:27,2026-07-20T15:16:28,1.081
INNPF,0001889791,failed,,,HTTPError,404 Client Error: Not Found for url: https://data.sec.gov/api/xbrl/companyfacts/CIK0001889791.json,2026-07-20T15:16:29,2026-07-20T15:16:30,0.852
INNV,0001834376,success,6642.0,data\facts\0001834376.parquet,,,2026-07-20T15:16:30,2026-07-20T15:16:31,1.148
INO,0001055726,success,18566.0,data\facts\0001055726.parquet,,,2026-07-20T15:16:31,2026-07-20T15:16:33,1.338
INOD,0000903651,success,19490.0,data\facts\0000903651.parquet,,,2026-07-20T15:16:33,2026-07-20T15:16:34,1.307
INPOF,0001848826,failed,,,HTTPError,404 Client Error: Not Found for url: https://data.sec.gov/api/xbrl/companyfacts/CIK0001848826.json,2026-07-20T15:16:34,2026-07-20T15:16:35,1.022
INR,0002029118,success,1522.0,data\facts\0002029118.parquet,,,2026-07-20T15:16:36,2026-07-20T15:16:37,0.82
INRE,0001528985,success,13153.0,data\facts\0001528985.parquet,,,2026-07-20T15:16:37,2026-07-20T15:16:38,1.281
INSE,0001615063,success,17615.0,data\facts\0001615063.parquet,,,2026-07-20T15:16:38,2026-07-20T15:16:40,1.181
INSG,0001022652,success,19869.0,data\facts\0001022652.parquet,,,2026-07-20T15:16:40,2026-07-20T15:16:41,1.393
INSM,0001104506,success,17430.0,data\facts\0001104506.parquet,,,2026-07-20T15:16:41,2026-07-20T15:16:43,1.161
INSP,0001609550,success,10783.0,data\facts\0001609550.parquet,,,2026-07-20T15:16:43,2026-07-20T15:16:44,1.194
INSW,0001679049,success,13194.0,data\facts\0001679049.parquet,,,2026-07-20T15:16:44,2026-07-20T15:16:47,2.432
INTA,0001565687,success,6673.0,data\facts\0001565687.parquet,,,2026-07-20T15:16:47,2026-07-20T15:16:48,1.16
INTC,0000050863,success,28080.0,data\facts\0000050863.parquet,,,2026-07-20T15:16:49,2026-07-20T15:16:50,1.715
INTG,0000069422,success,15411.0,data\facts\0000069422.parquet,,,2026-07-20T15:16:51,2026-07-20T15:16:52,1.493
INTI,0001042418,success,5836.0,data\facts\0001042418.parquet,,,2026-07-20T15:16:52,2026-07-20T15:16:54,1.24
INTJ,0001916416,success,1286.0,data\facts\0001916416.parquet,,,2026-07-20T15:16:54,2026-07-20T15:16:55,1.012
INTR,0001864163,success,2371.0,data\facts\0001864163.parquet,,,2026-07-20T15:16:55,2026-07-20T15:16:56,1.082
INTS,0001567264,success,2764.0,data\facts\0001567264.parquet,,,2026-07-20T15:16:56,2026-07-20T15:16:58,1.129
INTT,0001036262,success,20038.0,data\facts\0001036262.parquet,,,2026-07-20T15:16:58,2026-07-20T15:17:00,1.744
INTU,0000896878,success,29045.0,data\facts\0000896878.parquet,,,2026-07-20T15:17:00,2026-07-20T15:17:01,1.065
INTZ,0000736012,success,13038.0,data\facts\0000736012.parquet,,,2026-07-20T15:17:01,2026-07-20T15:17:02,0.841
INUV,0000829323,success,16457.0,data\facts\0000829323.parquet,,,2026-07-20T15:17:02,2026-07-20T15:17:03,0.816
INV,0002001557,success,2630.0,data\facts\0002001557.parquet,,,2026-07-20T15:17:03,2026-07-20T15:17:04,0.622
INVA,0001080014,success,17764.0,data\facts\0001080014.parquet,,,2026-07-20T15:17:04,2026-07-20T15:17:05,0.864
INVE,0001036044,success,21195.0,data\facts\0001036044.parquet,,,2026-07-20T15:17:05,2026-07-20T15:17:06,0.903
INVH,0001687229,success,16264.0,data\facts\0001687229.parquet,,,2026-07-20T15:17:06,2026-07-20T15:17:07,0.801
INVU,0000862651,success,15282.0,data\facts\0000862651.parquet,,,2026-07-20T15:17:08,2026-07-20T15:17:09,1.045
INVX,0001042893,success,19010.0,data\facts\0001042893.parquet,,,2026-07-20T15:17:09,2026-07-20T15:17:10,0.902
INVZ,0001835654,success,3233.0,data\facts\0001835654.parquet,,,2026-07-20T15:17:10,2026-07-20T15:17:11,0.572
IOBTQ,0001865494,success,3769.0,data\facts\0001865494.parquet,,,2026-07-20T15:17:11,2026-07-20T15:17:12,0.879
IONI,0001580490,success,10640.0,data\facts\0001580490.parquet,,,2026-07-20T15:17:12,2026-07-20T15:17:13,1.223
IONQ,0001824920,success,6710.0,data\facts\0001824920.parquet,,,2026-07-20T15:17:14,2026-07-20T15:17:15,1.177
IONR,0001896084,success,2316.0,data\facts\0001896084.parquet,,,2026-07-20T15:17:15,2026-07-20T15:17:16,0.815
IONS,0000874015,success,17536.0,data\facts\0000874015.parquet,,,2026-07-20T15:17:16,2026-07-20T15:17:17,0.741
IOR,0000949961,success,7767.0,data\facts\0000949961.parquet,,,2026-07-20T15:17:17,2026-07-20T15:17:18,0.715
IOSP,0001054905,success,22432.0,data\facts\0001054905.parquet,,,2026-07-20T15:17:18,2026-07-20T15:17:19,0.961
IOT,0001642896,success,5989.0,data\facts\0001642896.parquet,,,2026-07-20T15:17:19,2026-07-20T15:17:20,0.793
IOTR,0001997637,success,1097.0,data\facts\0001997637.parquet,,,2026-07-20T15:17:20,2026-07-20T15:17:21,0.676
IOVA,0001425205,success,13301.0,data\facts\0001425205.parquet,,,2026-07-20T15:17:21,2026-07-20T15:17:22,1.006
IP,0000051434,success,31850.0,data\facts\0000051434.parquet,,,2026-07-20T15:17:22,2026-07-20T15:17:24,1.272
IPAR,0000822663,success,19853.0,data\facts\0000822663.parquet,,,2026-07-20T15:17:24,2026-07-20T15:17:25,1.207
IPB,0001267332,failed,,,HTTPError,404 Client Error: Not Found for url: https://data.sec.gov/api/xbrl/companyfacts/CIK0001267332.json,2026-07-20T15:17:25,2026-07-20T15:17:26,0.86
IPCX,0002012318,success,357.0,data\facts\0002012318.parquet,,,2026-07-20T15:17:26,2026-07-20T15:17:28,1.103
IPDN,0001546296,success,14592.0,data\facts\0001546296.parquet,,,2026-07-20T15:17:28,2026-07-20T15:17:29,1.56
IPEX,0002028355,success,445.0,data\facts\0002028355.parquet,,,2026-07-20T15:17:30,2026-07-20T15:17:31,1.105
IPFX,0002102041,success,74.0,data\facts\0002102041.parquet,,,2026-07-20T15:17:31,2026-07-20T15:17:32,0.997
IPGLF,0001029974,failed,,,HTTPError,404 Client Error: Not Found for url: https://data.sec.gov/api/xbrl/companyfacts/CIK0001029974.json,2026-07-20T15:17:32,2026-07-20T15:17:33,0.964
IPGP,0001111928,success,23434.0,data\facts\0001111928.parquet,,,2026-07-20T15:17:34,2026-07-20T15:17:35,1.643
IPHA,0001598599,success,4840.0,data\facts\0001598599.parquet,,,2026-07-20T15:17:36,2026-07-20T15:17:37,1.272
IPI,0001421461,success,20896.0,data\facts\0001421461.parquet,,,2026-07-20T15:17:37,2026-07-20T15:17:39,1.673
IPM,0001355839,success,14006.0,data\facts\0001355839.parquet,,,2026-07-20T15:17:39,2026-07-20T15:17:41,1.655
IPSAY,0001582820,failed,,,HTTPError,404 Client Error: Not Found for url: https://data.sec.gov/api/xbrl/companyfacts/CIK0001582820.json,2026-07-20T15:17:41,2026-07-20T15:17:42,0.923
IPSC,0001850119,success,5715.0,data\facts\0001850119.parquet,,,2026-07-20T15:17:42,2026-07-20T15:17:43,0.99
IPSI,0001591913,success,11057.0,data\facts\0001591913.parquet,,,2026-07-20T15:17:44,2026-07-20T15:17:45,1.358
IPST,0001788230,success,2539.0,data\facts\0001788230.parquet,,,2026-07-20T15:17:45,2026-07-20T15:17:46,1.147
IPTNF,0001680513,failed,,,HTTPError,404 Client Error: Not Found for url: https://data.sec.gov/api/xbrl/companyfacts/CIK0001680513.json,2026-07-20T15:17:47,2026-07-20T15:17:47,0.718
IPVV,0002105274,success,14.0,data\facts\0002105274.parquet,,,2026-07-20T15:17:48,2026-07-20T15:17:49,1.051
IPW,0001830072,success,7406.0,data\facts\0001830072.parquet,,,2026-07-20T15:17:49,2026-07-20T15:17:50,0.68
IPWR,0001507957,success,9895.0,data\facts\0001507957.parquet,,,2026-07-20T15:17:50,2026-07-20T15:17:50,0.641
IPX,0001898601,success,2309.0,data\facts\0001898601.parquet,,,2026-07-20T15:17:51,2026-07-20T15:17:51,0.781
IQ,0001722608,success,7433.0,data\facts\0001722608.parquet,,,2026-07-20T15:17:52,2026-07-20T15:17:53,0.874
IQEPF,0001550405,failed,,,HTTPError,404 Client Error: Not Found for url: https://data.sec.gov/api/xbrl/companyfacts/CIK0001550405.json,2026-07-20T15:17:53,2026-07-20T15:17:54,0.687
IQI,0000885125,failed,,,ValueError,Company Facts에서 facts 데이터를 찾지 못했습니다.,2026-07-20T15:17:54,2026-07-20T15:17:54,0.759
IQMX,0002113060,success,5.0,data\facts\0002113060.parquet,,,2026-07-20T15:17:55,2026-07-20T15:17:55,0.685
IQST,0001527702,success,11687.0,data\facts\0001527702.parquet,,,2026-07-20T15:17:56,2026-07-20T15:17:57,1.018
IQV,0001478242,success,20746.0,data\facts\0001478242.parquet,,,2026-07-20T15:17:57,2026-07-20T15:17:58,0.972
IR,0001699150,success,16877.0,data\facts\0001699150.parquet,,,2026-07-20T15:17:58,2026-07-20T15:17:59,0.728
IRAB,0002077785,success,119.0,data\facts\0002077785.parquet,,,2026-07-20T15:17:59,2026-07-20T15:18:00,0.687
IRD,0001228627,success,14237.0,data\facts\0001228627.parquet,,,2026-07-20T15:18:00,2026-07-20T15:18:01,1.063
IRDM,0001418819,success,19677.0,data\facts\0001418819.parquet,,,2026-07-20T15:18:01,2026-07-20T15:18:03,1.363
IREN,0001878848,success,5451.0,data\facts\0001878848.parquet,,,2026-07-20T15:18:03,2026-07-20T15:18:04,0.849
IRHO,0002051985,success,261.0,data\facts\0002051985.parquet,,,2026-07-20T15:18:04,2026-07-20T15:18:05,0.859
IRIX,0001006045,success,18622.0,data\facts\0001006045.parquet,,,2026-07-20T15:18:05,2026-07-20T15:18:07,1.2
IRM,0001020569,success,31308.0,data\facts\0001020569.parquet,,,2026-07-20T15:18:07,2026-07-20T15:18:08,1.491
IRMD,0001325618,success,14060.0,data\facts\0001325618.parquet,,,2026-07-20T15:18:09,2026-07-20T15:18:10,0.999
IRON,0001816736,success,4865.0,data\facts\0001816736.parquet,,,2026-07-20T15:18:10,2026-07-20T15:18:11,0.794
IRS,0000933267,success,3761.0,data\facts\0000933267.parquet,,,2026-07-20T15:18:11,2026-07-20T15:18:12,1.13
IRT,0001466085,success,17467.0,data\facts\0001466085.parquet,,,2026-07-20T15:18:12,2026-07-20T15:18:13,0.934
IRTC,0001388658,success,13287.0,data\facts\0001388658.parquet,,,2026-07-20T15:18:13,2026-07-20T15:18:14,1.008
IRVRF,0001666782,failed,,,HTTPError,404 Client Error: Not Found for url: https://data.sec.gov/api/xbrl/companyfacts/CIK0001666782.json,2026-07-20T15:18:15,2026-07-20T15:18:15,0.632
IRWD,0001446847,success,16941.0,data\facts\0001446847.parquet,,,2026-07-20T15:18:16,2026-07-20T15:18:17,1.226
ISADY,0001608401,failed,,,HTTPError,404 Client Error: Not Found for url: https://data.sec.gov/api/xbrl/companyfacts/CIK0001608401.json,2026-07-20T15:18:17,2026-07-20T15:18:18,0.538
ISBA,0000842517,success,27374.0,data\facts\0000842517.parquet,,,2026-07-20T15:18:18,2026-07-20T15:18:19,0.895
ISCO,0001355790,success,14869.0,data\facts\0001355790.parquet,,,2026-07-20T15:18:19,2026-07-20T15:18:20,0.839
ISD,0001534880,failed,,,HTTPError,404 Client Error: Not Found for url: https://data.sec.gov/api/xbrl/companyfacts/CIK0001534880.json,2026-07-20T15:18:20,2026-07-20T15:18:21,0.614
ISNR,0002123475,success,22.0,data\facts\0002123475.parquet,,,2026-07-20T15:18:21,2026-07-20T15:18:22,0.601
ISOU,0001997377,success,251.0,data\facts\0001997377.parquet,,,2026-07-20T15:18:22,2026-07-20T15:18:22,0.64
ISPC,0001558569,success,5278.0,data\facts\0001558569.parquet,,,2026-07-20T15:18:23,2026-07-20T15:18:23,0.634
ISPR,0001948455,success,4294.0,data\facts\0001948455.parquet,,,2026-07-20T15:18:24,2026-07-20T15:18:24,0.702
ISRG,0001035267,success,27428.0,data\facts\0001035267.parquet,,,2026-07-20T15:18:24,2026-07-20T15:18:26,1.072
ISRLF,0001915328,success,1396.0,data\facts\0001915328.parquet,,,2026-07-20T15:18:26,2026-07-20T15:18:27,0.717
ISSC,0000836690,success,16360.0,data\facts\0000836690.parquet,,,2026-07-20T15:18:27,2026-07-20T15:18:28,0.753
ISTKF,0001678748,failed,,,HTTPError,404 Client Error: Not Found for url: https://data.sec.gov/api/xbrl/companyfacts/CIK0001678748.json,2026-07-20T15:18:28,2026-07-20T15:18:29,0.736
ISTR,0001602658,success,27926.0,data\facts\0001602658.parquet,,,2026-07-20T15:18:29,2026-07-20T15:18:30,1.098
IT,0000749251,success,23711.0,data\facts\0000749251.parquet,,,2026-07-20T15:18:30,2026-07-20T15:18:31,1.035
ITG,0002110117,success,14.0,data\facts\0002110117.parquet,,,2026-07-20T15:18:31,2026-07-20T15:18:32,0.709
ITGR,0001114483,success,24594.0,data\facts\0001114483.parquet,,,2026-07-20T15:18:32,2026-07-20T15:18:34,1.117
ITHA,0002080985,success,135.0,data\facts\0002080985.parquet,,,2026-07-20T15:18:34,2026-07-20T15:18:35,1.042
ITHEY,0002134539,failed,,,HTTPError,404 Client Error: Not Found for url: https://data.sec.gov/api/xbrl/companyfacts/CIK0002134539.json,2026-07-20T15:18:35,2026-07-20T15:18:36,0.693
ITHR,0001919191,failed,,,ValueError,Company Facts에서 facts 데이터를 찾지 못했습니다.,2026-07-20T15:18:36,2026-07-20T15:18:37,0.75
ITHUF,0001643154,success,6151.0,data\facts\0001643154.parquet,,,2026-07-20T15:18:37,2026-07-20T15:18:38,0.958
ITIC,0000720858,success,25171.0,data\facts\0000720858.parquet,,,2026-07-20T15:18:38,2026-07-20T15:18:40,1.321
ITMSF,0001285170,success,973.0,data\facts\0001285170.parquet,,,2026-07-20T15:18:40,2026-07-20T15:18:40,0.557
ITOC,0001970544,success,992.0,data\facts\0001970544.parquet,,,2026-07-20T15:18:41,2026-07-20T15:18:41,0.671
ITOCF,0000355363,failed,,,HTTPError,404 Client Error: Not Found for url: https://data.sec.gov/api/xbrl/companyfacts/CIK0000355363.json,2026-07-20T15:18:42,2026-07-20T15:18:42,0.546
ITOX,0001290658,success,9071.0,data\facts\0001290658.parquet,,,2026-07-20T15:18:42,2026-07-20T15:18:43,0.699
ITP,0001358190,success,17147.0,data\facts\0001358190.parquet,,,2026-07-20T15:18:43,2026-07-20T15:18:44,0.849
ITRE,0001861448,failed,,,HTTPError,404 Client Error: Not Found for url: https://data.sec.gov/api/xbrl/companyfacts/CIK0001861448.json,2026-07-20T15:18:44,2026-07-20T15:18:45,0.669
ITRG,0001722387,success,1823.0,data\facts\0001722387.parquet,,,2026-07-20T15:18:45,2026-07-20T15:18:46,0.652
ITRI,0000780571,success,35910.0,data\facts\0000780571.parquet,,,2026-07-20T15:18:46,2026-07-20T15:18:47,1.2
ITRMF,0001659323,success,8483.0,data\facts\0001659323.parquet,,,2026-07-20T15:18:48,2026-07-20T15:18:48,0.739
ITRN,0001337117,success,7040.0,data\facts\0001337117.parquet,,,2026-07-20T15:18:49,2026-07-20T15:18:49,0.716
ITT,0000216228,success,33594.0,data\facts\0000216228.parquet,,,2026-07-20T15:18:50,2026-07-20T15:18:51,1.095
ITUB,0001132597,success,5528.0,data\facts\0001132597.parquet,,,2026-07-20T15:18:51,2026-07-20T15:18:52,0.681
ITW,0000049826,success,23303.0,data\facts\0000049826.parquet,,,2026-07-20T15:18:52,2026-07-20T15:18:53,0.884
ITXP,0002025878,success,738.0,data\facts\0002025878.parquet,,,2026-07-20T15:18:53,2026-07-20T15:18:54,0.637
IVA,0001756594,success,3434.0,data\facts\0001756594.parquet,,,2026-07-20T15:18:54,2026-07-20T15:18:54,0.555
IVBXF,0001774163,failed,,,HTTPError,404 Client Error: Not Found for url: https://data.sec.gov/api/xbrl/companyfacts/CIK0001774163.json,2026-07-20T15:18:55,2026-07-20T15:18:55,0.613
IVDA,0001397183,success,9615.0,data\facts\0001397183.parquet,,,2026-07-20T15:18:56,2026-07-20T15:18:56,0.665
IVDN,0001190370,success,10517.0,data\facts\0001190370.parquet,,,2026-07-20T15:18:56,2026-07-20T15:18:57,0.753
IVF,0001417926,success,13868.0,data\facts\0001417926.parquet,,,2026-07-20T15:18:57,2026-07-20T15:18:58,0.849
IVFH,0000312257,success,18236.0,data\facts\0000312257.parquet,,,2026-07-20T15:18:59,2026-07-20T15:19:00,1.224
IVHI,0001009919,success,698.0,data\facts\0001009919.parquet,,,2026-07-20T15:19:00,2026-07-20T15:19:01,1.046
IVPR,0001939365,success,2333.0,data\facts\0001939365.parquet,,,2026-07-20T15:19:01,2026-07-20T15:19:02,0.906
IVR,0001437071,success,23225.0,data\facts\0001437071.parquet,,,2026-07-20T15:19:03,2026-07-20T15:19:04,1.377
IVT,0001307748,success,21430.0,data\facts\0001307748.parquet,,,2026-07-20T15:19:04,2026-07-20T15:19:06,1.36
IVVD,0001832038,success,5339.0,data\facts\0001832038.parquet,,,2026-07-20T15:19:06,2026-07-20T15:19:07,1.062
IVZ,0000914208,success,27304.0,data\facts\0000914208.parquet,,,2026-07-20T15:19:07,2026-07-20T15:19:09,1.571
IWAL,0001498372,success,4732.0,data\facts\0001498372.parquet,,,2026-07-20T15:19:09,2026-07-20T15:19:10,1.036
IWSH,0001279715,success,9690.0,data\facts\0001279715.parquet,,,2026-07-20T15:19:10,2026-07-20T15:19:11,0.983
IX,0001070304,success,22586.0,data\facts\0001070304.parquet,,,2026-07-20T15:19:12,2026-07-20T15:19:13,1.318
IXHL,0001873875,success,2826.0,data\facts\0001873875.parquet,,,2026-07-20T15:19:13,2026-07-20T15:19:14,1.153
IZEA,0001495231,success,15385.0,data\facts\0001495231.parquet,,,2026-07-20T15:19:15,2026-07-20T15:19:16,1.084
IZM,0001854572,success,1728.0,data\facts\0001854572.parquet,,,2026-07-20T15:19:16,2026-07-20T15:19:17,1.04
J,0000052988,success,28422.0,data\facts\0000052988.parquet,,,2026-07-20T15:19:17,2026-07-20T15:19:19,1.538
JAB,0002128739,success,13.0,data\facts\0002128739.parquet,,,2026-07-20T15:19:19,2026-07-20T15:19:20,0.754
JACK,0000807882,success,28077.0,data\facts\0000807882.parquet,,,2026-07-20T15:19:20,2026-07-20T15:19:22,1.686
JACS,0002039058,success,376.0,data\facts\0002039058.parquet,,,2026-07-20T15:19:22,2026-07-20T15:19:23,0.976
JAGU,0002039273,success,291.0,data\facts\0002039273.parquet,,,2026-07-20T15:19:23,2026-07-20T15:19:24,0.765
JAGX,0001585608,success,11665.0,data\facts\0001585608.parquet,,,2026-07-20T15:19:24,2026-07-20T15:19:26,1.275
JAKK,0001009829,success,21076.0,data\facts\0001009829.parquet,,,2026-07-20T15:19:26,2026-07-20T15:19:27,1.277
JAN,0002100805,success,594.0,data\facts\0002100805.parquet,,,2026-07-20T15:19:27,2026-07-20T15:19:28,0.874
JANL,0001133062,success,16558.0,data\facts\0001133062.parquet,,,2026-07-20T15:19:29,2026-07-20T15:19:30,1.067
JANX,0001817713,success,5389.0,data\facts\0001817713.parquet,,,2026-07-20T15:19:30,2026-07-20T15:19:31,0.935
JATT,0002112446,success,35.0,data\facts\0002112446.parquet,,,2026-07-20T15:19:31,2026-07-20T15:19:32,1.059
JAYGF,0002092243,failed,,,HTTPError,404 Client Error: Not Found for url: https://data.sec.gov/api/xbrl/companyfacts/CIK0002092243.json,2026-07-20T15:19:33,2026-07-20T15:19:33,0.887
JAZZ,0001232524,success,22348.0,data\facts\0001232524.parquet,,,2026-07-20T15:19:34,2026-07-20T15:19:35,1.446
JBDI,0001964314,success,517.0,data\facts\0001964314.parquet,,,2026-07-20T15:19:35,2026-07-20T15:19:36,1.059
JBGS,0001689796,success,15343.0,data\facts\0001689796.parquet,,,2026-07-20T15:19:37,2026-07-20T15:19:38,1.407
JBHIF,0001643198,failed,,,HTTPError,404 Client Error: Not Found for url: https://data.sec.gov/api/xbrl/companyfacts/CIK0001643198.json,2026-07-20T15:19:38,2026-07-20T15:19:39,0.961
JBHT,0000728535,success,15641.0,data\facts\0000728535.parquet,,,2026-07-20T15:19:40,2026-07-20T15:19:41,1.333
JBI,0001839839,success,8683.0,data\facts\0001839839.parquet,,,2026-07-20T15:19:41,2026-07-20T15:19:43,1.21
JBIO,0001798749,success,4532.0,data\facts\0001798749.parquet,,,2026-07-20T15:19:43,2026-07-20T15:19:44,1.175
JBK,0001284143,failed,,,HTTPError,404 Client Error: Not Found for url: https://data.sec.gov/api/xbrl/companyfacts/CIK0001284143.json,2026-07-20T15:19:44,2026-07-20T15:19:45,0.965
JBL,0000898293,success,25558.0,data\facts\0000898293.parquet,,,2026-07-20T15:19:46,2026-07-20T15:19:47,1.568
JBLU,0001158463,success,23723.0,data\facts\0001158463.parquet,,,2026-07-20T15:19:47,2026-07-20T15:19:49,1.605
JBS,0001791942,success,1177.0,data\facts\0001791942.parquet,,,2026-07-20T15:19:49,2026-07-20T15:19:50,1.019
JBSS,0000880117,success,22743.0,data\facts\0000880117.parquet,,,2026-07-20T15:19:51,2026-07-20T15:19:52,1.55
JBTM,0001433660,success,25879.0,data\facts\0001433660.parquet,,,2026-07-20T15:19:52,2026-07-20T15:19:54,1.554
JCAP,0002046042,success,1017.0,data\facts\0002046042.parquet,,,2026-07-20T15:19:54,2026-07-20T15:19:55,1.049
JCE,0001385763,failed,,,ValueError,Company Facts에서 facts 데이터를 찾지 못했습니다.,2026-07-20T15:19:56,2026-07-20T15:19:57,0.894
JCI,0000833444,success,33125.0,data\facts\0000833444.parquet,,,2026-07-20T15:19:57,2026-07-20T15:19:59,1.798
JCSE,0001905511,success,2661.0,data\facts\0001905511.parquet,,,2026-07-20T15:19:59,2026-07-20T15:20:00,1.067
JCTC,0000885307,success,11260.0,data\facts\0000885307.parquet,,,2026-07-20T15:20:00,2026-07-20T15:20:02,1.298
JD,0001549802,success,8238.0,data\facts\0001549802.parquet,,,2026-07-20T15:20:02,2026-07-20T15:20:03,1.229
JDZG,0001976908,success,1290.0,data\facts\0001976908.parquet,,,2026-07-20T15:20:03,2026-07-20T15:20:04,0.959
JEF,0000096223,success,42413.0,data\facts\0000096223.parquet,,,2026-07-20T15:20:05,2026-07-20T15:20:07,2.087
JELD,0001674335,success,20459.0,data\facts\0001674335.parquet,,,2026-07-20T15:20:07,2026-07-20T15:20:09,1.479
JELLF,0002089509,failed,,,HTTPError,404 Client Error: Not Found for url: https://data.sec.gov/api/xbrl/companyfacts/CIK0002089509.json,2026-07-20T15:20:09,2026-07-20T15:20:10,0.875
JEM,0002018222,success,384.0,data\facts\0002018222.parquet,,,2026-07-20T15:20:10,2026-07-20T15:20:11,0.901
JENA,0002060337,success,223.0,data\facts\0002060337.parquet,,,2026-07-20T15:20:11,2026-07-20T15:20:12,0.979
JETMF,0001846084,success,5236.0,data\facts\0001846084.parquet,,,2026-07-20T15:20:12,2026-07-20T15:20:13,0.875
JF,0001716338,success,3600.0,data\facts\0001716338.parquet,,,2026-07-20T15:20:13,2026-07-20T15:20:15,1.079
JFB,0002024306,success,1274.0,data\facts\0002024306.parquet,,,2026-07-20T15:20:15,2026-07-20T15:20:16,0.873
JFIL,0001517389,success,6076.0,data\facts\0001517389.parquet,,,2026-07-20T15:20:16,2026-07-20T15:20:17,1.138
JFIN,0001743102,success,3035.0,data\facts\0001743102.parquet,,,2026-07-20T15:20:17,2026-07-20T15:20:18,0.904
JFR,0001276533,failed,,,HTTPError,404 Client Error: Not Found for url: https://data.sec.gov/api/xbrl/companyfacts/CIK0001276533.json,2026-07-20T15:20:19,2026-07-20T15:20:19,0.845
JFTH,0001857910,success,1168.0,data\facts\0001857910.parquet,,,2026-07-20T15:20:20,2026-07-20T15:20:20,0.616
JFU,0001619544,success,3744.0,data\facts\0001619544.parquet,,,2026-07-20T15:20:20,2026-07-20T15:20:21,0.626
JG,0001737339,success,5508.0,data\facts\0001737339.parquet,,,2026-07-20T15:20:21,2026-07-20T15:20:22,0.602
JGH,0001615905,failed,,,HTTPError,404 Client Error: Not Found for url: https://data.sec.gov/api/xbrl/companyfacts/CIK0001615905.json,2026-07-20T15:20:22,2026-07-20T15:20:23,0.732
JGLDF,0001686000,failed,,,HTTPError,404 Client Error: Not Found for url: https://data.sec.gov/api/xbrl/companyfacts/CIK0001686000.json,2026-07-20T15:20:23,2026-07-20T15:20:24,0.824
JGSHF,0001567172,failed,,,HTTPError,404 Client Error: Not Found for url: https://data.sec.gov/api/xbrl/companyfacts/CIK0001567172.json,2026-07-20T15:20:24,2026-07-20T15:20:25,0.771
JHI,0000759828,success,1.0,data\facts\0000759828.parquet,,,2026-07-20T15:20:25,2026-07-20T15:20:26,0.748
JHPCY,0002071868,failed,,,HTTPError,404 Client Error: Not Found for url: https://data.sec.gov/api/xbrl/companyfacts/CIK0002071868.json,2026-07-20T15:20:26,2026-07-20T15:20:27,0.878
JHS,0000759866,failed,,,ValueError,Company Facts에서 facts 데이터를 찾지 못했습니다.,2026-07-20T15:20:28,2026-07-20T15:20:28,0.869
JHX,0001159152,success,7808.0,data\facts\0001159152.parquet,,,2026-07-20T15:20:29,2026-07-20T15:20:30,1.051
JILL,0001687932,success,9723.0,data\facts\0001687932.parquet,,,2026-07-20T15:20:30,2026-07-20T15:20:31,1.026
JJSF,0000785956,success,22618.0,data\facts\0000785956.parquet,,,2026-07-20T15:20:31,2026-07-20T15:20:33,1.395
JKHY,0000779152,success,22126.0,data\facts\0000779152.parquet,,,2026-07-20T15:20:33,2026-07-20T15:20:34,1.491
JKS,0001481513,success,12876.0,data\facts\0001481513.parquet,,,2026-07-20T15:20:35,2026-07-20T15:20:36,1.092
JL,0001948436,success,1577.0,data\facts\0001948436.parquet,,,2026-07-20T15:20:36,2026-07-20T15:20:37,0.908
JLHL,0002007846,success,719.0,data\facts\0002007846.parquet,,,2026-07-20T15:20:37,2026-07-20T15:20:38,1.011
JLL,0001037976,success,24906.0,data\facts\0001037976.parquet,,,2026-07-20T15:20:39,2026-07-20T15:20:40,1.347
JLS,0001472215,success,4.0,data\facts\0001472215.parquet,,,2026-07-20T15:20:40,2026-07-20T15:20:41,0.83
JMIA,0001756708,success,3714.0,data\facts\0001756708.parquet,,,2026-07-20T15:20:41,2026-07-20T15:20:42,1.018
JMKE,0002127043,success,5.0,data\facts\0002127043.parquet,,,2026-07-20T15:20:43,2026-07-20T15:20:44,0.873
JMM,0000838131,failed,,,HTTPError,404 Client Error: Not Found for url: https://data.sec.gov/api/xbrl/companyfacts/CIK0000838131.json,2026-07-20T15:20:44,2026-07-20T15:20:45,0.866
JMSB,0001710482,success,7535.0,data\facts\0001710482.parquet,,,2026-07-20T15:20:45,2026-07-20T15:20:46,1.389
JNGDY,0002109559,failed,,,HTTPError,404 Client Error: Not Found for url: https://data.sec.gov/api/xbrl/companyfacts/CIK0002109559.json,2026-07-20T15:20:47,2026-07-20T15:20:48,0.884
JNJ,0000200406,success,27137.0,data\facts\0000200406.parquet,,,2026-07-20T15:20:48,2026-07-20T15:20:49,1.517
JOB,0000040570,success,13452.0,data\facts\0000040570.parquet,,,2026-07-20T15:20:50,2026-07-20T15:20:51,1.387
JOBY,0001819848,success,6748.0,data\facts\0001819848.parquet,,,2026-07-20T15:20:51,2026-07-20T15:20:52,1.116
JOCM,0001907425,success,1705.0,data\facts\0001907425.parquet,,,2026-07-20T15:20:53,2026-07-20T15:20:54,1.013
JOE,0000745308,success,24957.0,data\facts\0000745308.parquet,,,2026-07-20T15:20:54,2026-07-20T15:20:55,1.355
JOF,0000859796,success,8.0,data\facts\0000859796.parquet,,,2026-07-20T15:20:56,2026-07-20T15:20:56,0.828
JONE,0002129056,success,17.0,data\facts\0002129056.parquet,,,2026-07-20T15:20:57,2026-07-20T15:20:58,0.907
JOSS,0002067746,failed,,,HTTPError,404 Client Error: Not Found for url: https://data.sec.gov/api/xbrl/companyfacts/CIK0002067746.json,2026-07-20T15:20:58,2026-07-20T15:20:59,0.827
JOUT,0000788329,success,22610.0,data\facts\0000788329.parquet,,,2026-07-20T15:20:59,2026-07-20T15:21:00,1.48
JOYY,0001530238,success,8294.0,data\facts\0001530238.parquet,,,2026-07-20T15:21:01,2026-07-20T15:21:02,1.132
JPC,0001216583,failed,,,ValueError,Company Facts에서 facts 데이터를 찾지 못했습니다.,2026-07-20T15:21:02,2026-07-20T15:21:03,0.733
JPHLF,0001665275,failed,,,HTTPError,404 Client Error: Not Found for url: https://data.sec.gov/api/xbrl/companyfacts/CIK0001665275.json,2026-07-20T15:21:03,2026-07-20T15:21:04,0.985
JPM,0000019617,success,52057.0,data\facts\0000019617.parquet,,,2026-07-20T15:21:04,2026-07-20T15:21:06,2.004
JPOTF,0001061612,failed,,,HTTPError,404 Client Error: Not Found for url: https://data.sec.gov/api/xbrl/companyfacts/CIK0001061612.json,2026-07-20T15:21:07,2026-07-20T15:21:08,0.882
JPSTF,0001659576,failed,,,HTTPError,404 Client Error: Not Found for url: https://data.sec.gov/api/xbrl/companyfacts/CIK0001659576.json,2026-07-20T15:21:08,2026-07-20T15:21:09,0.974
JQC,0001227476,failed,,,HTTPError,404 Client Error: Not Found for url: https://data.sec.gov/api/xbrl/companyfacts/CIK0001227476.json,2026-07-20T15:21:09,2026-07-20T15:21:10,0.883
JRI,0001539337,failed,,,HTTPError,404 Client Error: Not Found for url: https://data.sec.gov/api/xbrl/companyfacts/CIK0001539337.json,2026-07-20T15:21:10,2026-07-20T15:21:11,0.942
JRS,0001158289,failed,,,HTTPError,404 Client Error: Not Found for url: https://data.sec.gov/api/xbrl/companyfacts/CIK0001158289.json,2026-07-20T15:21:12,2026-07-20T15:21:12,0.97
JRSH,0001696558,success,10512.0,data\facts\0001696558.parquet,,,2026-07-20T15:21:13,2026-07-20T15:21:14,1.308
JRSS,0001597892,success,9839.0,data\facts\0001597892.parquet,,,2026-07-20T15:21:14,2026-07-20T15:21:16,1.222
JRVR,0001620459,success,20514.0,data\facts\0001620459.parquet,,,2026-07-20T15:21:16,2026-07-20T15:21:17,1.45
JSDA,0001083522,success,13481.0,data\facts\0001083522.parquet,,,2026-07-20T15:21:18,2026-07-20T15:21:19,1.492
JSPR,0001788028,success,5774.0,data\facts\0001788028.parquet,,,2026-07-20T15:21:19,2026-07-20T15:21:21,1.185
JTAI,0001861622,success,3523.0,data\facts\0001861622.parquet,,,2026-07-20T15:21:21,2026-07-20T15:21:22,1.056
JTGEY,0001472033,failed,,,HTTPError,404 Client Error: Not Found for url: https://data.sec.gov/api/xbrl/companyfacts/CIK0001472033.json,2026-07-20T15:21:22,2026-07-20T15:21:23,0.906
JUNS,0001679628,success,1354.0,data\facts\0001679628.parquet,,,2026-07-20T15:21:23,2026-07-20T15:21:24,0.934
JUSHF,0001909747,success,6337.0,data\facts\0001909747.parquet,,,2026-07-20T15:21:25,2026-07-20T15:21:26,1.172
JUVF,0000714712,success,29667.0,data\facts\0000714712.parquet,,,2026-07-20T15:21:26,2026-07-20T15:21:28,1.62
JVA,0001007019,success,16525.0,data\facts\0001007019.parquet,,,2026-07-20T15:21:28,2026-07-20T15:21:29,1.107
JWEL,0001805594,success,2271.0,data\facts\0001805594.parquet,,,2026-07-20T15:21:29,2026-07-20T15:21:30,1.097
JWSMF,0001831359,success,1912.0,data\facts\0001831359.parquet,,,2026-07-20T15:21:31,2026-07-20T15:21:32,0.895
JXAMY,0002065485,failed,,,HTTPError,404 Client Error: Not Found for url: https://data.sec.gov/api/xbrl/companyfacts/CIK0002065485.json,2026-07-20T15:21:32,2026-07-20T15:21:33,0.819
JXG,0001546383,success,4204.0,data\facts\0001546383.parquet,,,2026-07-20T15:21:33,2026-07-20T15:21:34,0.98
JXIRY,0002128458,failed,,,HTTPError,404 Client Error: Not Found for url: https://data.sec.gov/api/xbrl/companyfacts/CIK0002128458.json,2026-07-20T15:21:34,2026-07-20T15:21:35,0.938
JXN,0001822993,success,13491.0,data\facts\0001822993.parquet,,,2026-07-20T15:21:35,2026-07-20T15:21:37,1.223
JYD,0001938186,success,4705.0,data\facts\0001938186.parquet,,,2026-07-20T15:21:37,2026-07-20T15:21:38,1.069
JYNT,0001612630,success,16928.0,data\facts\0001612630.parquet,,,2026-07-20T15:21:38,2026-07-20T15:21:40,1.447
JZ,0001852440,success,2712.0,data\facts\0001852440.parquet,,,2026-07-20T15:21:40,2026-07-20T15:21:41,0.833
JZXN,0001816172,success,3348.0,data\facts\0001816172.parquet,,,2026-07-20T15:21:41,2026-07-20T15:21:42,0.956
KACLF,0001865468,success,1555.0,data\facts\0001865468.parquet,,,2026-07-20T15:21:42,2026-07-20T15:21:44,1.119
KAI,0000886346,success,23851.0,data\facts\0000886346.parquet,,,2026-07-20T15:21:44,2026-07-20T15:21:45,1.539
KALA,0001479419,success,8733.0,data\facts\0001479419.parquet,,,2026-07-20T15:21:46,2026-07-20T15:21:47,1.15
KALU,0000811596,success,31632.0,data\facts\0000811596.parquet,,,2026-07-20T15:21:47,2026-07-20T15:21:49,1.635
KANP,0001230058,success,9953.0,data\facts\0001230058.parquet,,,2026-07-20T15:21:49,2026-07-20T15:21:50,1.211
KAPA,0001962011,success,962.0,data\facts\0001962011.parquet,,,2026-07-20T15:21:51,2026-07-20T15:21:52,1.07
KARD,0002123613,success,10.0,data\facts\0002123613.parquet,,,2026-07-20T15:21:52,2026-07-20T15:21:53,0.935
KARO,0001828102,success,2352.0,data\facts\0001828102.parquet,,,2026-07-20T15:21:53,2026-07-20T15:21:54,1.05
KARX,0001729637,success,4286.0,data\facts\0001729637.parquet,,,2026-07-20T15:21:54,2026-07-20T15:21:56,1.113
KAVL,0001762239,success,4973.0,data\facts\0001762239.parquet,,,2026-07-20T15:21:56,2026-07-20T15:21:57,1.184
KAYS,0001530746,success,12684.0,data\facts\0001530746.parquet,,,2026-07-20T15:21:57,2026-07-20T15:21:59,1.279
KAZR,0002031009,success,373.0,data\facts\0002031009.parquet,,,2026-07-20T15:21:59,2026-07-20T15:22:00,0.942
KB,0001445930,success,9232.0,data\facts\0001445930.parquet,,,2026-07-20T15:22:00,2026-07-20T15:22:01,1.239
KBDC,0001747172,success,3916.0,data\facts\0001747172.parquet,,,2026-07-20T15:22:02,2026-07-20T15:22:03,1.004
KBGGY,0001535759,failed,,,HTTPError,404 Client Error: Not Found for url: https://data.sec.gov/api/xbrl/companyfacts/CIK0001535759.json,2026-07-20T15:22:03,2026-07-20T15:22:04,0.891
KBH,0000795266,success,23974.0,data\facts\0000795266.parquet,,,2026-07-20T15:22:04,2026-07-20T15:22:06,1.45
KBLB,0001413119,success,13374.0,data\facts\0001413119.parquet,,,2026-07-20T15:22:06,2026-07-20T15:22:07,0.75
KBON,0002088749,success,183.0,data\facts\0002088749.parquet,,,2026-07-20T15:22:07,2026-07-20T15:22:08,0.649
KBR,0001357615,success,32807.0,data\facts\0001357615.parquet,,,2026-07-20T15:22:08,2026-07-20T15:22:09,1.238
KBSR,0001482430,success,16196.0,data\facts\0001482430.parquet,,,2026-07-20T15:22:09,2026-07-20T15:22:10,0.806
KBSX,0002014254,success,1202.0,data\facts\0002014254.parquet,,,2026-07-20T15:22:10,2026-07-20T15:22:11,1.062
KC,0001795589,success,5689.0,data\facts\0001795589.parquet,,,2026-07-20T15:22:12,2026-07-20T15:22:13,1.097
KCAC-UN,0002102713,success,75.0,data\facts\0002102713.parquet,,,2026-07-20T15:22:13,2026-07-20T15:22:14,1.007
KCCFF,0001726906,failed,,,HTTPError,404 Client Error: Not Found for url: https://data.sec.gov/api/xbrl/companyfacts/CIK0001726906.json,2026-07-20T15:22:14,2026-07-20T15:22:15,0.918
KCHV,0002053799,success,255.0,data\facts\0002053799.parquet,,,2026-07-20T15:22:15,2026-07-20T15:22:16,0.946
KCRD,0001696025,success,4438.0,data\facts\0001696025.parquet,,,2026-07-20T15:22:17,2026-07-20T15:22:17,0.711
KD,0001867072,success,8490.0,data\facts\0001867072.parquet,,,2026-07-20T15:22:18,2026-07-20T15:22:18,0.708
KDDIF,0001106215,failed,,,HTTPError,404 Client Error: Not Found for url: https://data.sec.gov/api/xbrl/companyfacts/CIK0001106215.json,2026-07-20T15:22:19,2026-07-20T15:22:19,0.613
KDK,0001853138,success,1902.0,data\facts\0001853138.parquet,,,2026-07-20T15:22:19,2026-07-20T15:22:20,0.699
KDKGF,0000872699,failed,,,HTTPError,404 Client Error: Not Found for url: https://data.sec.gov/api/xbrl/companyfacts/CIK0000872699.json,2026-07-20T15:22:20,2026-07-20T15:22:21,0.776
KDOZF,0001318482,success,12391.0,data\facts\0001318482.parquet,,,2026-07-20T15:22:21,2026-07-20T15:22:22,1.087
KDP,0001418135,success,33782.0,data\facts\0001418135.parquet,,,2026-07-20T15:22:23,2026-07-20T15:22:24,1.478
KE,0001606757,success,18659.0,data\facts\0001606757.parquet,,,2026-07-20T15:22:25,2026-07-20T15:22:26,1.174
KEEL,0001812477,success,2608.0,data\facts\0001812477.parquet,,,2026-07-20T15:22:26,2026-07-20T15:22:27,1.071
KELYA,0000055135,success,18106.0,data\facts\0000055135.parquet,,,2026-07-20T15:22:27,2026-07-20T15:22:29,1.377
KEN,0001611005,success,4269.0,data\facts\0001611005.parquet,,,2026-07-20T15:22:29,2026-07-20T15:22:30,0.88
KEP,0000887225,success,7384.0,data\facts\0000887225.parquet,,,2026-07-20T15:22:30,2026-07-20T15:22:31,1.101
KEQU,0000055529,success,18225.0,data\facts\0000055529.parquet,,,2026-07-20T15:22:32,2026-07-20T15:22:33,1.24
KERCY,0002107989,failed,,,HTTPError,404 Client Error: Not Found for url: https://data.sec.gov/api/xbrl/companyfacts/CIK0002107989.json,2026-07-20T15:22:33,2026-07-20T15:22:34,0.622
KEX,0000056047,success,23692.0,data\facts\0000056047.parquet,,,2026-07-20T15:22:34,2026-07-20T15:22:35,1.305
KEY,0000091576,success,41694.0,data\facts\0000091576.parquet,,,2026-07-20T15:22:36,2026-07-20T15:22:37,1.479
KEYS,0001601046,success,22721.0,data\facts\0001601046.parquet,,,2026-07-20T15:22:37,2026-07-20T15:22:39,1.304
KEYY,0002102771,success,9.0,data\facts\0002102771.parquet,,,2026-07-20T15:22:39,2026-07-20T15:22:40,0.862
KF,0000748691,failed,,,HTTPError,404 Client Error: Not Found for url: https://data.sec.gov/api/xbrl/companyfacts/CIK0000748691.json,2026-07-20T15:22:40,2026-07-20T15:22:41,0.662
KFFB,0001297341,success,21440.0,data\facts\0001297341.parquet,,,2026-07-20T15:22:41,2026-07-20T15:22:42,1.219
KFII,0002029976,success,341.0,data\facts\0002029976.parquet,,,2026-07-20T15:22:43,2026-07-20T15:22:43,0.847
KFRC,0000930420,success,19102.0,data\facts\0000930420.parquet,,,2026-07-20T15:22:44,2026-07-20T15:22:45,1.313
KFY,0000056679,success,24107.0,data\facts\0000056679.parquet,,,2026-07-20T15:22:45,2026-07-20T15:22:47,1.379
KG,0002055116,success,1529.0,data\facts\0002055116.parquet,,,2026-07-20T15:22:47,2026-07-20T15:22:48,0.9
KGBMY,0002133892,failed,,,HTTPError,404 Client Error: Not Found for url: https://data.sec.gov/api/xbrl/companyfacts/CIK0002133892.json,2026-07-20T15:22:48,2026-07-20T15:22:49,0.892
KGC,0000701818,success,3175.0,data\facts\0000701818.parquet,,,2026-07-20T15:22:49,2026-07-20T15:22:50,0.941
KGEI,0001477081,success,582.0,data\facts\0001477081.parquet,,,2026-07-20T15:22:50,2026-07-20T15:22:51,0.878
KGFMF,0001853889,failed,,,HTTPError,404 Client Error: Not Found for url: https://data.sec.gov/api/xbrl/companyfacts/CIK0001853889.json,2026-07-20T15:22:52,2026-07-20T15:22:52,0.788
KGS,0001767042,success,5047.0,data\facts\0001767042.parquet,,,2026-07-20T15:22:53,2026-07-20T15:22:54,0.999
KHC,0001637459,success,22033.0,data\facts\0001637459.parquet,,,2026-07-20T15:22:54,2026-07-20T15:22:56,1.643
KHOBF,0002084698,success,228.0,data\facts\0002084698.parquet,,,2026-07-20T15:22:56,2026-07-20T15:22:57,1.226
KIDS,0001425450,success,10356.0,data\facts\0001425450.parquet,,,2026-07-20T15:22:57,2026-07-20T15:22:58,1.074
KIDZ,0002022308,success,1179.0,data\facts\0002022308.parquet,,,2026-07-20T15:22:59,2026-07-20T15:23:00,0.87
KIM,0000879101,success,31293.0,data\facts\0000879101.parquet,,,2026-07-20T15:23:00,2026-07-20T15:23:01,1.375
KINS,0000033992,success,21191.0,data\facts\0000033992.parquet,,,2026-07-20T15:23:01,2026-07-20T15:23:03,1.262
KIO,0001515940,failed,,,ValueError,Company Facts에서 facts 데이터를 찾지 못했습니다.,2026-07-20T15:23:03,2026-07-20T15:23:04,0.733
KIQSF,0001161814,success,2550.0,data\facts\0001161814.parquet,,,2026-07-20T15:23:04,2026-07-20T15:23:05,0.879
KISB,0000803742,failed,,,HTTPError,404 Client Error: Not Found for url: https://data.sec.gov/api/xbrl/companyfacts/CIK0000803742.json,2026-07-20T15:23:05,2026-07-20T15:23:06,0.685
KITL,0001608092,success,5042.0,data\facts\0001608092.parquet,,,2026-07-20T15:23:06,2026-07-20T15:23:07,0.801
KITT,0001849820,success,7938.0,data\facts\0001849820.parquet,,,2026-07-20T15:23:07,2026-07-20T15:23:08,1.124
KKR,0001404912,success,19862.0,data\facts\0001404912.parquet,,,2026-07-20T15:23:09,2026-07-20T15:23:10,1.308
KKSIY,0002033019,failed,,,HTTPError,404 Client Error: Not Found for url: https://data.sec.gov/api/xbrl/companyfacts/CIK0002033019.json,2026-07-20T15:23:10,2026-07-20T15:23:11,0.621
KLAC,0000319201,success,32302.0,data\facts\0000319201.parquet,,,2026-07-20T15:23:11,2026-07-20T15:23:12,1.329
KLAR,0002003292,success,402.0,data\facts\0002003292.parquet,,,2026-07-20T15:23:13,2026-07-20T15:23:13,0.761
KLC,0001873529,success,2775.0,data\facts\0001873529.parquet,,,2026-07-20T15:23:14,2026-07-20T15:23:15,1.003
KLGDF,0001901931,failed,,,HTTPError,404 Client Error: Not Found for url: https://data.sec.gov/api/xbrl/companyfacts/CIK0001901931.json,2026-07-20T15:23:15,2026-07-20T15:23:16,0.831
KLIC,0000056978,success,24481.0,data\facts\0000056978.parquet,,,2026-07-20T15:23:16,2026-07-20T15:23:18,1.471
KLNG,0001110607,success,13085.0,data\facts\0001110607.parquet,,,2026-07-20T15:23:18,2026-07-20T15:23:19,1.222
KLRA,0002096997,success,232.0,data\facts\0002096997.parquet,,,2026-07-20T15:23:19,2026-07-20T15:23:20,0.735
KLRS,0001754068,success,5813.0,data\facts\0001754068.parquet,,,2026-07-20T15:23:20,2026-07-20T15:23:21,0.945
KLSVF,0001655531,failed,,,HTTPError,404 Client Error: Not Found for url: https://data.sec.gov/api/xbrl/companyfacts/CIK0001655531.json,2026-07-20T15:23:22,2026-07-20T15:23:22,0.767
KLTR,0001432133,success,8391.0,data\facts\0001432133.parquet,,,2026-07-20T15:23:23,2026-07-20T15:23:23,0.743
KLXE,0001738827,success,7516.0,data\facts\0001738827.parquet,,,2026-07-20T15:23:24,2026-07-20T15:23:24,0.744
KLYG,0001372114,failed,,,HTTPError,404 Client Error: Not Found for url: https://data.sec.gov/api/xbrl/companyfacts/CIK0001372114.json,2026-07-20T15:23:25,2026-07-20T15:23:25,0.574
KMB,0000055785,success,23222.0,data\facts\0000055785.parquet,,,2026-07-20T15:23:25,2026-07-20T15:23:26,0.817
KMCM,0002107523,success,5.0,data\facts\0002107523.parquet,,,2026-07-20T15:23:26,2026-07-20T15:23:27,0.691
KMDA,0001567529,success,7615.0,data\facts\0001567529.parquet,,,2026-07-20T15:23:27,2026-07-20T15:23:28,0.626
KMFG,0001935033,success,1607.0,data\facts\0001935033.parquet,,,2026-07-20T15:23:28,2026-07-20T15:23:29,0.785
KMI,0001506307,success,24823.0,data\facts\0001506307.parquet,,,2026-07-20T15:23:29,2026-07-20T15:23:30,0.868
KMPR,0000860748,success,32859.0,data\facts\0000860748.parquet,,,2026-07-20T15:23:30,2026-07-20T15:23:32,1.143
KMRK,0002049187,success,273.0,data\facts\0002049187.parquet,,,2026-07-20T15:23:32,2026-07-20T15:23:32,0.605
KMT,0000055242,success,26497.0,data\facts\0000055242.parquet,,,2026-07-20T15:23:33,2026-07-20T15:23:34,0.969
KMTS,0001877184,success,1399.0,data\facts\0001877184.parquet,,,2026-07-20T15:23:34,2026-07-20T15:23:34,0.579
KMX,0001170010,success,27567.0,data\facts\0001170010.parquet,,,2026-07-20T15:23:35,2026-07-20T15:23:36,1.101
KN,0001587523,success,21567.0,data\facts\0001587523.parquet,,,2026-07-20T15:23:36,2026-07-20T15:23:37,0.793
KNDI,0001720250,success,914.0,data\facts\0001720250.parquet,,,2026-07-20T15:23:37,2026-07-20T15:23:38,0.679
KNF,0001955520,success,4990.0,data\facts\0001955520.parquet,,,2026-07-20T15:23:38,2026-07-20T15:23:39,0.61
KNGRF,0001191832,failed,,,HTTPError,404 Client Error: Not Found for url: https://data.sec.gov/api/xbrl/companyfacts/CIK0001191832.json,2026-07-20T15:23:39,2026-07-20T15:23:39,0.467
KNOP,0001564180,success,8208.0,data\facts\0001564180.parquet,,,2026-07-20T15:23:40,2026-07-20T15:23:40,0.731
KNOS,0001108248,failed,,,HTTPError,404 Client Error: Not Found for url: https://data.sec.gov/api/xbrl/companyfacts/CIK0001108248.json,2026-07-20T15:23:41,2026-07-20T15:23:41,0.543
KNRX,0001982960,failed,,,HTTPError,404 Client Error: Not Found for url: https://data.sec.gov/api/xbrl/companyfacts/CIK0001982960.json,2026-07-20T15:23:41,2026-07-20T15:23:42,0.655
KNSA,0001730430,success,7548.0,data\facts\0001730430.parquet,,,2026-07-20T15:23:42,2026-07-20T15:23:43,0.778
KNSL,0001669162,success,17369.0,data\facts\0001669162.parquet,,,2026-07-20T15:23:43,2026-07-20T15:23:44,0.748
KNTK,0001692787,success,10691.0,data\facts\0001692787.parquet,,,2026-07-20T15:23:44,2026-07-20T15:23:45,0.902
KNWAY,0002109545,failed,,,HTTPError,404 Client Error: Not Found for url: https://data.sec.gov/api/xbrl/companyfacts/CIK0002109545.json,2026-07-20T15:23:45,2026-07-20T15:23:46,0.518
KNX,0001492691,success,25059.0,data\facts\0001492691.parquet,,,2026-07-20T15:23:46,2026-07-20T15:23:47,1.127
KO,0000021344,success,33236.0,data\facts\0000021344.parquet,,,2026-07-20T15:23:48,2026-07-20T15:23:49,1.761
KOAN,0000897078,success,7363.0,data\facts\0000897078.parquet,,,2026-07-20T15:23:50,2026-07-20T15:23:51,1.295
KOD,0001468748,success,6988.0,data\facts\0001468748.parquet,,,2026-07-20T15:23:51,2026-07-20T15:23:52,0.853
KODK,0000031235,success,24580.0,data\facts\0000031235.parquet,,,2026-07-20T15:23:52,2026-07-20T15:23:54,1.292
KOEI,0002070087,success,5.0,data\facts\0002070087.parquet,,,2026-07-20T15:23:54,2026-07-20T15:23:55,1.007
KOF,0000910631,success,5563.0,data\facts\0000910631.parquet,,,2026-07-20T15:23:55,2026-07-20T15:23:56,0.967
KOGDF,0002008257,failed,,,HTTPError,404 Client Error: Not Found for url: https://data.sec.gov/api/xbrl/companyfacts/CIK0002008257.json,2026-07-20T15:23:56,2026-07-20T15:23:57,0.965
KOP,0001315257,success,30647.0,data\facts\0001315257.parquet,,,2026-07-20T15:23:58,2026-07-20T15:23:59,1.519
KOPN,0000771266,success,22057.0,data\facts\0000771266.parquet,,,2026-07-20T15:24:00,2026-07-20T15:24:01,1.383
KORE,0001855457,success,6385.0,data\facts\0001855457.parquet,,,2026-07-20T15:24:01,2026-07-20T15:24:02,0.985
KOS,0001509991,success,20300.0,data\facts\0001509991.parquet,,,2026-07-20T15:24:03,2026-07-20T15:24:04,1.437
KOSCF,0001668501,failed,,,HTTPError,404 Client Error: Not Found for url: https://data.sec.gov/api/xbrl/companyfacts/CIK0001668501.json,2026-07-20T15:24:04,2026-07-20T15:24:05,0.918
KOSS,0000056701,success,13277.0,data\facts\0000056701.parquet,,,2026-07-20T15:24:05,2026-07-20T15:24:07,1.285
KOYN,0002068454,success,188.0,data\facts\0002068454.parquet,,,2026-07-20T15:24:07,2026-07-20T15:24:08,1.026
KOZAY,0001532173,failed,,,HTTPError,404 Client Error: Not Found for url: https://data.sec.gov/api/xbrl/companyfacts/CIK0001532173.json,2026-07-20T15:24:08,2026-07-20T15:24:09,0.607
KPEA,0001502557,success,11509.0,data\facts\0001502557.parquet,,,2026-07-20T15:24:09,2026-07-20T15:24:10,0.884
KPET,0002095297,success,65.0,data\facts\0002095297.parquet,,,2026-07-20T15:24:10,2026-07-20T15:24:11,0.667
KPL,0002000208,success,10.0,data\facts\0002000208.parquet,,,2026-07-20T15:24:11,2026-07-20T15:24:12,0.702
KPLT,0001785424,success,6856.0,data\facts\0001785424.parquet,,,2026-07-20T15:24:12,2026-07-20T15:24:13,0.624
KPRX,0001372514,success,11825.0,data\facts\0001372514.parquet,,,2026-07-20T15:24:13,2026-07-20T15:24:14,0.801
KPTI,0001503802,success,12139.0,data\facts\0001503802.parquet,,,2026-07-20T15:24:14,2026-07-20T15:24:15,0.775
KR,0000056873,success,25914.0,data\facts\0000056873.parquet,,,2026-07-20T15:24:15,2026-07-20T15:24:16,0.884
KRAQ,0002082119,success,128.0,data\facts\0002082119.parquet,,,2026-07-20T15:24:16,2026-07-20T15:24:17,0.517
KRC,0001025996,success,22849.0,data\facts\0001025996.parquet,,,2026-07-20T15:24:17,2026-07-20T15:24:18,0.877
KREF,0001631596,success,11635.0,data\facts\0001631596.parquet,,,2026-07-20T15:24:18,2026-07-20T15:24:19,0.672
KRFG,0000774415,success,3726.0,data\facts\0000774415.parquet,,,2026-07-20T15:24:19,2026-07-20T15:24:20,0.698
KRG,0001286043,success,19921.0,data\facts\0001286043.parquet,,,2026-07-20T15:24:20,2026-07-20T15:24:21,0.795
KRKR,0001779476,success,2872.0,data\facts\0001779476.parquet,,,2026-07-20T15:24:21,2026-07-20T15:24:22,0.666
KRMD,0000704440,success,12435.0,data\facts\0000704440.parquet,,,2026-07-20T15:24:22,2026-07-20T15:24:23,0.796
KRMN,0002040127,success,2160.0,data\facts\0002040127.parquet,,,2026-07-20T15:24:23,2026-07-20T15:24:24,0.662
KRNGY,0001494191,failed,,,HTTPError,404 Client Error: Not Found for url: https://data.sec.gov/api/xbrl/companyfacts/CIK0001494191.json,2026-07-20T15:24:24,2026-07-20T15:24:24,0.555
KRNT,0001625791,success,6762.0,data\facts\0001625791.parquet,,,2026-07-20T15:24:25,2026-07-20T15:24:25,0.617
KRNY,0001617242,success,26961.0,data\facts\0001617242.parquet,,,2026-07-20T15:24:25,2026-07-20T15:24:26,0.819
KRO,0001257640,success,18484.0,data\facts\0001257640.parquet,,,2026-07-20T15:24:27,2026-07-20T15:24:27,0.732
KROS,0001664710,success,5918.0,data\facts\0001664710.parquet,,,2026-07-20T15:24:27,2026-07-20T15:24:28,0.74
KRP,0001657788,success,8739.0,data\facts\0001657788.parquet,,,2026-07-20T15:24:28,2026-07-20T15:24:29,0.725
KRRO,0001703647,success,6967.0,data\facts\0001703647.parquet,,,2026-07-20T15:24:29,2026-07-20T15:24:30,0.68
KRSP,0002074872,success,163.0,data\facts\0002074872.parquet,,,2026-07-20T15:24:30,2026-07-20T15:24:31,0.629
KRT,0001758021,success,7919.0,data\facts\0001758021.parquet,,,2026-07-20T15:24:31,2026-07-20T15:24:32,0.704
KRTL,0001288614,failed,,,HTTPError,404 Client Error: Not Found for url: https://data.sec.gov/api/xbrl/companyfacts/CIK0001288614.json,2026-07-20T15:24:32,2026-07-20T15:24:33,0.512
KRUS,0001772177,success,6834.0,data\facts\0001772177.parquet,,,2026-07-20T15:24:33,2026-07-20T15:24:34,0.778
KRYS,0001711279,success,8245.0,data\facts\0001711279.parquet,,,2026-07-20T15:24:34,2026-07-20T15:24:35,0.972
KRYXF,0001318596,failed,,,HTTPError,404 Client Error: Not Found for url: https://data.sec.gov/api/xbrl/companyfacts/CIK0001318596.json,2026-07-20T15:24:35,2026-07-20T15:24:36,1.04
KSBI,0000912764,failed,,,HTTPError,404 Client Error: Not Found for url: https://data.sec.gov/api/xbrl/companyfacts/CIK0000912764.json,2026-07-20T15:24:37,2026-07-20T15:24:38,0.976
KSCP,0001600983,success,5350.0,data\facts\0001600983.parquet,,,2026-07-20T15:24:38,2026-07-20T15:24:39,1.012
KSEZ,0001945619,success,2192.0,data\facts\0001945619.parquet,,,2026-07-20T15:24:39,2026-07-20T15:24:40,0.97
KSPI,0001985487,success,1022.0,data\facts\0001985487.parquet,,,2026-07-20T15:24:40,2026-07-20T15:24:41,0.837
KSS,0000885639,success,19342.0,data\facts\0000885639.parquet,,,2026-07-20T15:24:41,2026-07-20T15:24:43,1.137
KT,0000892450,success,6675.0,data\facts\0000892450.parquet,,,2026-07-20T15:24:43,2026-07-20T15:24:44,1.038
KTB,0001760965,success,12249.0,data\facts\0001760965.parquet,,,2026-07-20T15:24:44,2026-07-20T15:24:45,1.213
KTCC,0000719733,success,18147.0,data\facts\0000719733.parquet,,,2026-07-20T15:24:46,2026-07-20T15:24:47,1.527
KTEL,0000845819,success,12017.0,data\facts\0000845819.parquet,,,2026-07-20T15:24:47,2026-07-20T15:24:49,1.339
KTF,0000839533,failed,,,HTTPError,404 Client Error: Not Found for url: https://data.sec.gov/api/xbrl/companyfacts/CIK0000839533.json,2026-07-20T15:24:49,2026-07-20T15:24:50,0.832
KTGDF,0001583962,failed,,,HTTPError,404 Client Error: Not Found for url: https://data.sec.gov/api/xbrl/companyfacts/CIK0001583962.json,2026-07-20T15:24:50,2026-07-20T15:24:51,1.02
KTH,0001283464,failed,,,HTTPError,404 Client Error: Not Found for url: https://data.sec.gov/api/xbrl/companyfacts/CIK0001283464.json,2026-07-20T15:24:52,2026-07-20T15:24:52,0.866
KTN,0001283337,failed,,,HTTPError,404 Client Error: Not Found for url: https://data.sec.gov/api/xbrl/companyfacts/CIK0001283337.json,2026-07-20T15:24:53,2026-07-20T15:24:54,1.004
KTOS,0001069258,success,26881.0,data\facts\0001069258.parquet,,,2026-07-20T15:24:54,2026-07-20T15:24:55,1.414
KTTA,0001841330,success,4088.0,data\facts\0001841330.parquet,,,2026-07-20T15:24:56,2026-07-20T15:24:57,1.018
KTWO,0002086524,success,102.0,data\facts\0002086524.parquet,,,2026-07-20T15:24:57,2026-07-20T15:24:58,0.96
KUBR,0001081834,success,4600.0,data\facts\0001081834.parquet,,,2026-07-20T15:24:58,2026-07-20T15:24:59,1.23
KUKEY,0001809158,success,3095.0,data\facts\0001809158.parquet,,,2026-07-20T15:25:00,2026-07-20T15:25:01,1.06
KULR,0001662684,success,9011.0,data\facts\0001662684.parquet,,,2026-07-20T15:25:01,2026-07-20T15:25:02,1.162
KURA,0001422143,success,10370.0,data\facts\0001422143.parquet,,,2026-07-20T15:25:03,2026-07-20T15:25:04,1.295
KUST,0001342958,success,18823.0,data\facts\0001342958.parquet,,,2026-07-20T15:25:04,2026-07-20T15:25:05,1.18
KVAC,0001889983,success,1228.0,data\facts\0001889983.parquet,,,2026-07-20T15:25:06,2026-07-20T15:25:07,0.937
KVHI,0001007587,success,21624.0,data\facts\0001007587.parquet,,,2026-07-20T15:25:07,2026-07-20T15:25:08,1.519
KVUE,0001944048,success,5605.0,data\facts\0001944048.parquet,,,2026-07-20T15:25:09,2026-07-20T15:25:10,1.118
KVYO,0001835830,success,3976.0,data\facts\0001835830.parquet,,,2026-07-20T15:25:10,2026-07-20T15:25:11,0.944
KWIK,0001884164,success,3148.0,data\facts\0001884164.parquet,,,2026-07-20T15:25:11,2026-07-20T15:25:12,1.068
KWM,0002000756,success,41.0,data\facts\0002000756.parquet,,,2026-07-20T15:25:13,2026-07-20T15:25:13,0.869
KWR,0000081362,success,27474.0,data\facts\0000081362.parquet,,,2026-07-20T15:25:14,2026-07-20T15:25:15,1.6
KWY,0001072627,success,32401.0,data\facts\0001072627.parquet,,,2026-07-20T15:25:16,2026-07-20T15:25:17,1.483
KXIAY,0002053383,failed,,,HTTPError,404 Client Error: Not Found for url: https://data.sec.gov/api/xbrl/companyfacts/CIK0002053383.json,2026-07-20T15:25:17,2026-07-20T15:25:18,0.9
KXIN,0001713539,success,3457.0,data\facts\0001713539.parquet,,,2026-07-20T15:25:19,2026-07-20T15:25:20,0.893
KYIV,0002062440,success,711.0,data\facts\0002062440.parquet,,,2026-07-20T15:25:20,2026-07-20T15:25:21,1.041
KYMR,0001815442,success,6874.0,data\facts\0001815442.parquet,,,2026-07-20T15:25:21,2026-07-20T15:25:22,0.999
KYN,0001293613,failed,,,HTTPError,404 Client Error: Not Found for url: https://data.sec.gov/api/xbrl/companyfacts/CIK0001293613.json,2026-07-20T15:25:22,2026-07-20T15:25:23,0.919
KYNB,0000921299,success,14983.0,data\facts\0000921299.parquet,,,2026-07-20T15:25:24,2026-07-20T15:25:25,1.279
KYOCF,0000057083,success,5307.0,data\facts\0000057083.parquet,,,2026-07-20T15:25:25,2026-07-20T15:25:26,1.036
KYTFY,0002042187,failed,,,HTTPError,404 Client Error: Not Found for url: https://data.sec.gov/api/xbrl/companyfacts/CIK0002042187.json,2026-07-20T15:25:26,2026-07-20T15:25:27,0.919
KYTX,0001994702,success,2602.0,data\facts\0001994702.parquet,,,2026-07-20T15:25:28,2026-07-20T15:25:29,0.923
KZIA,0001075880,success,2834.0,data\facts\0001075880.parquet,,,2026-07-20T15:25:29,2026-07-20T15:25:30,0.931
L,0000060086,success,30189.0,data\facts\0000060086.parquet,,,2026-07-20T15:25:30,2026-07-20T15:25:31,1.065
LAB,0001162194,success,19798.0,data\facts\0001162194.parquet,,,2026-07-20T15:25:31,2026-07-20T15:25:33,1.286
LABT,0002079272,success,140.0,data\facts\0002079272.parquet,,,2026-07-20T15:25:33,2026-07-20T15:25:33,0.526
LAC,0001966983,success,1590.0,data\facts\0001966983.parquet,,,2026-07-20T15:25:34,2026-07-20T15:25:34,0.584
LAD,0001023128,success,20613.0,data\facts\0001023128.parquet,,,2026-07-20T15:25:34,2026-07-20T15:25:36,1.242
LADR,0001577670,success,24818.0,data\facts\0001577670.parquet,,,2026-07-20T15:25:36,2026-07-20T15:25:37,1.194
LAES,0001951222,success,2529.0,data\facts\0001951222.parquet,,,2026-07-20T15:25:37,2026-07-20T15:25:38,0.824
LAFA,0002079106,success,231.0,data\facts\0002079106.parquet,,,2026-07-20T15:25:39,2026-07-20T15:25:39,0.569
LAGH,0002090910,success,5.0,data\facts\0002090910.parquet,,,2026-07-20T15:25:39,2026-07-20T15:25:40,0.519
LAKE,0000798081,success,17538.0,data\facts\0000798081.parquet,,,2026-07-20T15:25:40,2026-07-20T15:25:41,0.932
LAMR,0001090425,success,22386.0,data\facts\0001090425.parquet,,,2026-07-20T15:25:41,2026-07-20T15:25:42,0.775
LAND,0001495240,success,13409.0,data\facts\0001495240.parquet,,,2026-07-20T15:25:42,2026-07-20T15:25:43,0.894
LANV,0001922097,success,1931.0,data\facts\0001922097.parquet,,,2026-07-20T15:25:43,2026-07-20T15:25:44,0.641
LAR,0001440972,success,2088.0,data\facts\0001440972.parquet,,,2026-07-20T15:25:44,2026-07-20T15:25:45,0.777
LARAX,0001753712,success,1.0,data\facts\0001753712.parquet,,,2026-07-20T15:25:45,2026-07-20T15:25:46,0.763
LARK,0001141688,success,27218.0,data\facts\0001141688.parquet,,,2026-07-20T15:25:46,2026-07-20T15:25:48,1.225
LARS,0002140589,success,7.0,data\facts\0002140589.parquet,,,2026-07-20T15:25:48,2026-07-20T15:25:49,0.88
LASE,0001807887,success,6642.0,data\facts\0001807887.parquet,,,2026-07-20T15:25:49,2026-07-20T15:25:50,0.861
LASR,0001124796,success,11623.0,data\facts\0001124796.parquet,,,2026-07-20T15:25:50,2026-07-20T15:25:52,1.371
LATA,0002076427,success,170.0,data\facts\0002076427.parquet,,,2026-07-20T15:25:52,2026-07-20T15:25:52,0.691
LAUR,0000912766,success,18353.0,data\facts\0000912766.parquet,,,2026-07-20T15:25:53,2026-07-20T15:25:54,1.22
LAW,0001625641,success,6333.0,data\facts\0001625641.parquet,,,2026-07-20T15:25:54,2026-07-20T15:25:55,1.028
LAWIL,0000750004,success,25868.0,data\facts\0000750004.parquet,,,2026-07-20T15:25:56,2026-07-20T15:25:57,0.948
LAWK,0002122791,success,5.0,data\facts\0002122791.parquet,,,2026-07-20T15:25:57,2026-07-20T15:25:57,0.595
LAWR,0002007599,success,799.0,data\facts\0002007599.parquet,,,2026-07-20T15:25:58,2026-07-20T15:25:59,1.05
LAZ,0001311370,success,24840.0,data\facts\0001311370.parquet,,,2026-07-20T15:25:59,2026-07-20T15:26:00,1.105
LB,0001995807,success,1710.0,data\facts\0001995807.parquet,,,2026-07-20T15:26:00,2026-07-20T15:26:01,0.608
LBCMF,0001580110,failed,,,HTTPError,404 Client Error: Not Found for url: https://data.sec.gov/api/xbrl/companyfacts/CIK0001580110.json,2026-07-20T15:26:01,2026-07-20T15:26:02,0.498
LBGJ,0001896425,success,1024.0,data\facts\0001896425.parquet,,,2026-07-20T15:26:02,2026-07-20T15:26:03,0.706
LBRA,0001599407,success,13727.0,data\facts\0001599407.parquet,,,2026-07-20T15:26:03,2026-07-20T15:26:04,1.036
LBRDA,0001611983,success,11084.0,data\facts\0001611983.parquet,,,2026-07-20T15:26:04,2026-07-20T15:26:06,1.343
LBRJ,0001999119,failed,,,HTTPError,404 Client Error: Not Found for url: https://data.sec.gov/api/xbrl/companyfacts/CIK0001999119.json,2026-07-20T15:26:06,2026-07-20T15:26:07,1.025
LBRT,0001694028,success,11835.0,data\facts\0001694028.parquet,,,2026-07-20T15:26:07,2026-07-20T15:26:08,1.234
LBRX,0001691082,success,870.0,data\facts\0001691082.parquet,,,2026-07-20T15:26:09,2026-07-20T15:26:10,1.004
LBSR,0001172178,success,12121.0,data\facts\0001172178.parquet,,,2026-07-20T15:26:10,2026-07-20T15:26:11,1.399
LBTYA,0001570585,success,25244.0,data\facts\0001570585.parquet,,,2026-07-20T15:26:12,2026-07-20T15:26:13,1.532
LCCC,0002049248,success,436.0,data\facts\0002049248.parquet,,,2026-07-20T15:26:13,2026-07-20T15:26:14,0.954
LCFY,0001875547,success,1450.0,data\facts\0001875547.parquet,,,2026-07-20T15:26:15,2026-07-20T15:26:16,1.04
LCGMF,0001339688,success,4925.0,data\facts\0001339688.parquet,,,2026-07-20T15:26:16,2026-07-20T15:26:17,1.049
LCHD,0001715433,success,5374.0,data\facts\0001715433.parquet,,,2026-07-20T15:26:17,2026-07-20T15:26:19,1.137
LCID,0001811210,success,9236.0,data\facts\0001811210.parquet,,,2026-07-20T15:26:19,2026-07-20T15:26:20,1.305
LCII,0000763744,success,19420.0,data\facts\0000763744.parquet,,,2026-07-20T15:26:20,2026-07-20T15:26:21,0.872
LCLN,0001925283,success,14.0,data\facts\0001925283.parquet,,,2026-07-20T15:26:22,2026-07-20T15:26:22,0.724
LCNB,0001074902,success,36036.0,data\facts\0001074902.parquet,,,2026-07-20T15:26:22,2026-07-20T15:26:24,1.409
LCTC,0001493137,success,13662.0,data\facts\0001493137.parquet,,,2026-07-20T15:26:24,2026-07-20T15:26:25,0.916
LCTX,0000876343,success,17067.0,data\facts\0000876343.parquet,,,2026-07-20T15:26:25,2026-07-20T15:26:26,0.924
LCUT,0000874396,success,20654.0,data\facts\0000874396.parquet,,,2026-07-20T15:26:27,2026-07-20T15:26:27,0.903
LDDD,0001892316,success,3908.0,data\facts\0001892316.parquet,,,2026-07-20T15:26:28,2026-07-20T15:26:29,1.077
LDI,0001831631,success,6725.0,data\facts\0001831631.parquet,,,2026-07-20T15:26:29,2026-07-20T15:26:30,0.651
LDOS,0001336920,success,26201.0,data\facts\0001336920.parquet,,,2026-07-20T15:26:30,2026-07-20T15:26:31,0.929
LDP,0001548717,failed,,,HTTPError,404 Client Error: Not Found for url: https://data.sec.gov/api/xbrl/companyfacts/CIK0001548717.json,2026-07-20T15:26:31,2026-07-20T15:26:32,0.706
LDXC,0001985554,success,1213.0,data\facts\0001985554.parquet,,,2026-07-20T15:26:32,2026-07-20T15:26:33,0.77
LE,0000799288,success,14905.0,data\facts\0000799288.parquet,,,2026-07-20T15:26:33,2026-07-20T15:26:34,1.189
LEA,0000842162,success,25028.0,data\facts\0000842162.parquet,,,2026-07-20T15:26:35,2026-07-20T15:26:36,1.345
LEAT,0001456189,success,12859.0,data\facts\0001456189.parquet,,,2026-07-20T15:26:36,2026-07-20T15:26:37,1.13
LECO,0000059527,success,24865.0,data\facts\0000059527.parquet,,,2026-07-20T15:26:38,2026-07-20T15:26:39,1.388
LEDR,0002109823,failed,,,ValueError,변환된 Fact Store가 비어 있습니다.,2026-07-20T15:26:39,2026-07-20T15:26:40,0.734
LEDS,0001333822,success,16003.0,data\facts\0001333822.parquet,,,2026-07-20T15:26:40,2026-07-20T15:26:41,0.952
LEE,0000058361,success,20520.0,data\facts\0000058361.parquet,,,2026-07-20T15:26:42,2026-07-20T15:26:43,1.477
LEEEF,0001711141,success,1128.0,data\facts\0001711141.parquet,,,2026-07-20T15:26:43,2026-07-20T15:26:44,0.715
LEEN,0001230524,success,6591.0,data\facts\0001230524.parquet,,,2026-07-20T15:26:44,2026-07-20T15:26:45,0.972
LEG,0000058492,success,31323.0,data\facts\0000058492.parquet,,,2026-07-20T15:26:45,2026-07-20T15:26:47,1.369
LEGH,0001436208,success,8924.0,data\facts\0001436208.parquet,,,2026-07-20T15:26:47,2026-07-20T15:26:48,0.968
LEGN,0001801198,success,4833.0,data\facts\0001801198.parquet,,,2026-07-20T15:26:48,2026-07-20T15:26:49,0.993
LEGO,0002087450,success,177.0,data\facts\0002087450.parquet,,,2026-07-20T15:26:50,2026-07-20T15:26:51,0.918
LEN,0000920760,success,19097.0,data\facts\0000920760.parquet,,,2026-07-20T15:26:51,2026-07-20T15:26:52,1.098
LENDX,0001658645,success,39.0,data\facts\0001658645.parquet,,,2026-07-20T15:26:52,2026-07-20T15:26:53,0.905
LENZ,0001815776,success,4556.0,data\facts\0001815776.parquet,,,2026-07-20T15:26:54,2026-07-20T15:26:54,0.958
LEO,0000818972,failed,,,HTTPError,404 Client Error: Not Found for url: https://data.sec.gov/api/xbrl/companyfacts/CIK0000818972.json,2026-07-20T15:26:55,2026-07-20T15:26:55,0.697
LESL,0001821806,success,7089.0,data\facts\0001821806.parquet,,,2026-07-20T15:26:56,2026-07-20T15:26:57,0.956
LEU,0001065059,success,18461.0,data\facts\0001065059.parquet,,,2026-07-20T15:26:57,2026-07-20T15:26:58,0.975
LEVI,0000094845,success,21867.0,data\facts\0000094845.parquet,,,2026-07-20T15:26:58,2026-07-20T15:27:00,1.379
LEXX,0001348362,success,12819.0,data\facts\0001348362.parquet,,,2026-07-20T15:27:00,2026-07-20T15:27:01,1.378
LFAC,0002084563,success,192.0,data\facts\0002084563.parquet,,,2026-07-20T15:27:02,2026-07-20T15:27:02,0.822
LFCR,0001005286,success,24342.0,data\facts\0001005286.parquet,,,2026-07-20T15:27:03,2026-07-20T15:27:04,1.303
LFLRF,0001800890,failed,,,HTTPError,404 Client Error: Not Found for url: https://data.sec.gov/api/xbrl/companyfacts/CIK0001800890.json,2026-07-20T15:27:04,2026-07-20T15:27:05,0.9
LFMD,0000948320,success,13305.0,data\facts\0000948320.parquet,,,2026-07-20T15:27:05,2026-07-20T15:27:06,0.929
LFS,0002030277,success,1108.0,data\facts\0002030277.parquet,,,2026-07-20T15:27:07,2026-07-20T15:27:08,0.964
LFST,0001845257,success,6525.0,data\facts\0001845257.parquet,,,2026-07-20T15:27:08,2026-07-20T15:27:09,1.09
LFT,0001547546,success,19999.0,data\facts\0001547546.parquet,,,2026-07-20T15:27:09,2026-07-20T15:27:10,1.218
LFTO,0001850351,success,10.0,data\facts\0001850351.parquet,,,2026-07-20T15:27:11,2026-07-20T15:27:12,0.899
LFUS,0000889331,success,24921.0,data\facts\0000889331.parquet,,,2026-07-20T15:27:12,2026-07-20T15:27:13,1.276
LFVN,0000849146,success,17831.0,data\facts\0000849146.parquet,,,2026-07-20T15:27:14,2026-07-20T15:27:15,1.003
LFWD,0001607962,success,10529.0,data\facts\0001607962.parquet,,,2026-07-20T15:27:15,2026-07-20T15:27:16,1.262
LGCL,0001954694,success,1241.0,data\facts\0001954694.parquet,,,2026-07-20T15:27:16,2026-07-20T15:27:17,0.845
LGCXF,0001921582,failed,,,HTTPError,404 Client Error: Not Found for url: https://data.sec.gov/api/xbrl/companyfacts/CIK0001921582.json,2026-07-20T15:27:18,2026-07-20T15:27:18,0.698
LGCY,0001836754,success,2557.0,data\facts\0001836754.parquet,,,2026-07-20T15:27:18,2026-07-20T15:27:19,0.918
LGHL,0001806524,success,4585.0,data\facts\0001806524.parquet,,,2026-07-20T15:27:20,2026-07-20T15:27:21,0.884
LGI,0001278211,failed,,,HTTPError,404 Client Error: Not Found for url: https://data.sec.gov/api/xbrl/companyfacts/CIK0001278211.json,2026-07-20T15:27:21,2026-07-20T15:27:22,0.97
LGIH,0001580670,success,14349.0,data\facts\0001580670.parquet,,,2026-07-20T15:27:22,2026-07-20T15:27:23,1.176
LGL,0000061004,success,14067.0,data\facts\0000061004.parquet,,,2026-07-20T15:27:24,2026-07-20T15:27:25,1.236
LGMK,0001566826,success,12349.0,data\facts\0001566826.parquet,,,2026-07-20T15:27:25,2026-07-20T15:27:26,1.083
LGN,0002052568,success,1169.0,data\facts\0002052568.parquet,,,2026-07-20T15:27:26,2026-07-20T15:27:27,0.872
LGND,0000886163,success,27180.0,data\facts\0000886163.parquet,,,2026-07-20T15:27:28,2026-07-20T15:27:29,1.264
LGO,0001400438,success,1392.0,data\facts\0001400438.parquet,,,2026-07-20T15:27:29,2026-07-20T15:27:30,0.869
LGPS,0002040290,success,860.0,data\facts\0002040290.parquet,,,2026-07-20T15:27:30,2026-07-20T15:27:31,0.704
LGSXY,0001447221,failed,,,HTTPError,404 Client Error: Not Found for url: https://data.sec.gov/api/xbrl/companyfacts/CIK0001447221.json,2026-07-20T15:27:31,2026-07-20T15:27:32,0.773
LGVN,0001721484,success,5175.0,data\facts\0001721484.parquet,,,2026-07-20T15:27:32,2026-07-20T15:27:33,0.871
LH,0000920148,success,28759.0,data\facts\0000920148.parquet,,,2026-07-20T15:27:33,2026-07-20T15:27:35,1.384
LHAI,0002017758,success,2153.0,data\facts\0002017758.parquet,,,2026-07-20T15:27:35,2026-07-20T15:27:36,0.886
LHSW,0002004024,success,397.0,data\facts\0002004024.parquet,,,2026-07-20T15:27:36,2026-07-20T15:27:37,0.96
LHX,0000202058,success,27863.0,data\facts\0000202058.parquet,,,2026-07-20T15:27:37,2026-07-20T15:27:38,1.01
LI,0001791706,success,4133.0,data\facts\0001791706.parquet,,,2026-07-20T15:27:39,2026-07-20T15:27:39,0.762
LIANY,0001831283,success,2268.0,data\facts\0001831283.parquet,,,2026-07-20T15:27:40,2026-07-20T15:27:41,0.852
LICN,0001876766,success,1987.0,data\facts\0001876766.parquet,,,2026-07-20T15:27:41,2026-07-20T15:27:42,0.701
LIDR,0001818644,success,6612.0,data\facts\0001818644.parquet,,,2026-07-20T15:27:42,2026-07-20T15:27:43,0.752
LIEN,0001843162,success,3358.0,data\facts\0001843162.parquet,,,2026-07-20T15:27:43,2026-07-20T15:27:44,0.952
LIF,0001581760,success,6459.0,data\facts\0001581760.parquet,,,2026-07-20T15:27:44,2026-07-20T15:27:45,0.978
LIFD,0001391135,success,13790.0,data\facts\0001391135.parquet,,,2026-07-20T15:27:45,2026-07-20T15:27:47,1.348
LIFE,0001788451,success,697.0,data\facts\0001788451.parquet,,,2026-07-20T15:27:47,2026-07-20T15:27:48,0.848
LII,0001069202,success,28551.0,data\facts\0001069202.parquet,,,2026-07-20T15:27:48,2026-07-20T15:27:50,1.806
LILA,0001712184,success,14325.0,data\facts\0001712184.parquet,,,2026-07-20T15:27:50,2026-07-20T15:27:52,1.686
LILIF,0001689448,failed,,,HTTPError,404 Client Error: Not Found for url: https://data.sec.gov/api/xbrl/companyfacts/CIK0001689448.json,2026-07-20T15:27:52,2026-07-20T15:27:53,1.021
LILW,0002065821,failed,,,HTTPError,404 Client Error: Not Found for url: https://data.sec.gov/api/xbrl/companyfacts/CIK0002065821.json,2026-07-20T15:27:54,2026-07-20T15:27:54,0.862
LIME,0001699963,success,18.0,data\facts\0001699963.parquet,,,2026-07-20T15:27:55,2026-07-20T15:27:56,0.985
LIMN,0001971387,success,904.0,data\facts\0001971387.parquet,,,2026-07-20T15:27:56,2026-07-20T15:27:57,1.052
LIMX,0001803977,success,4304.0,data\facts\0001803977.parquet,,,2026-07-20T15:27:57,2026-07-20T15:27:58,0.997
LIN,0001707925,success,13946.0,data\facts\0001707925.parquet,,,2026-07-20T15:27:59,2026-07-20T15:28:00,1.25
LINC,0001286613,success,21789.0,data\facts\0001286613.parquet,,,2026-07-20T15:28:00,2026-07-20T15:28:01,1.436
LIND,0001512499,success,15531.0,data\facts\0001512499.parquet,,,2026-07-20T15:28:02,2026-07-20T15:28:03,1.26
LINE,0001868159,success,4045.0,data\facts\0001868159.parquet,,,2026-07-20T15:28:03,2026-07-20T15:28:04,1.016
LINK,0000828146,success,8018.0,data\facts\0000828146.parquet,,,2026-07-20T15:28:05,2026-07-20T15:28:06,1.3
LINMF,0001066130,success,443.0,data\facts\0001066130.parquet,,,2026-07-20T15:28:06,2026-07-20T15:28:07,0.839
LION,0002052959,success,2198.0,data\facts\0002052959.parquet,,,2026-07-20T15:28:07,2026-07-20T15:28:08,0.976
LIPO,0001347242,success,2356.0,data\facts\0001347242.parquet,,,2026-07-20T15:28:09,2026-07-20T15:28:10,1.077
LIQT,0001307579,success,18688.0,data\facts\0001307579.parquet,,,2026-07-20T15:28:10,2026-07-20T15:28:11,1.392
LITB,0001523836,success,4716.0,data\facts\0001523836.parquet,,,2026-07-20T15:28:12,2026-07-20T15:28:13,1.119
LITE,0001633978,success,20846.0,data\facts\0001633978.parquet,,,2026-07-20T15:28:13,2026-07-20T15:28:14,1.261
LITS,0001262104,success,13132.0,data\facts\0001262104.parquet,,,2026-07-20T15:28:15,2026-07-20T15:28:16,1.332
LITSF,0001978165,failed,,,HTTPError,404 Client Error: Not Found for url: https://data.sec.gov/api/xbrl/companyfacts/CIK0001978165.json,2026-07-20T15:28:16,2026-07-20T15:28:17,1.002
LIVE,0001045742,success,20401.0,data\facts\0001045742.parquet,,,2026-07-20T15:28:18,2026-07-20T15:28:19,1.379
LIVG,0001593549,success,5080.0,data\facts\0001593549.parquet,,,2026-07-20T15:28:19,2026-07-20T15:28:20,1.223
LIVN,0001639691,success,18211.0,data\facts\0001639691.parquet,,,2026-07-20T15:28:21,2026-07-20T15:28:22,1.35
LKFN,0000721994,success,31589.0,data\facts\0000721994.parquet,,,2026-07-20T15:28:22,2026-07-20T15:28:24,1.695
LKFT,0001421876,success,4962.0,data\facts\0001421876.parquet,,,2026-07-20T15:28:24,2026-07-20T15:28:26,1.162
LKNCY,0001767582,success,3298.0,data\facts\0001767582.parquet,,,2026-07-20T15:28:26,2026-07-20T15:28:27,1.22
LKQ,0001065696,success,26329.0,data\facts\0001065696.parquet,,,2026-07-20T15:28:27,2026-07-20T15:28:29,1.477
LKSP,0002043508,success,271.0,data\facts\0002043508.parquet,,,2026-07-20T15:28:29,2026-07-20T15:28:30,0.854
LKYLY,0002091585,failed,,,HTTPError,404 Client Error: Not Found for url: https://data.sec.gov/api/xbrl/companyfacts/CIK0002091585.json,2026-07-20T15:28:30,2026-07-20T15:28:31,0.821
LLY,0000059478,success,23098.0,data\facts\0000059478.parquet,,,2026-07-20T15:28:31,2026-07-20T15:28:33,1.473
LLYVA,0002078416,success,729.0,data\facts\0002078416.parquet,,,2026-07-20T15:28:33,2026-07-20T15:28:34,1.11
LMAT,0001158895,success,20519.0,data\facts\0001158895.parquet,,,2026-07-20T15:28:35,2026-07-20T15:28:36,1.579
LMB,0001606163,success,13512.0,data\facts\0001606163.parquet,,,2026-07-20T15:28:36,2026-07-20T15:28:38,1.318
LMED,0001477960,success,995.0,data\facts\0001477960.parquet,,,2026-07-20T15:28:38,2026-07-20T15:28:39,0.921
LMFA,0001640384,success,10372.0,data\facts\0001640384.parquet,,,2026-07-20T15:28:39,2026-07-20T15:28:41,1.246
LMMY,0001939937,success,1719.0,data\facts\0001939937.parquet,,,2026-07-20T15:28:41,2026-07-20T15:28:42,0.979
LMND,0001691421,success,9236.0,data\facts\0001691421.parquet,,,2026-07-20T15:28:42,2026-07-20T15:28:43,1.093
LMNR,0001342423,success,23795.0,data\facts\0001342423.parquet,,,2026-07-20T15:28:43,2026-07-20T15:28:45,1.456
LMRI,0002071288,success,209.0,data\facts\0002071288.parquet,,,2026-07-20T15:28:45,2026-07-20T15:28:46,1.063
LMRMF,0001588837,failed,,,HTTPError,404 Client Error: Not Found for url: https://data.sec.gov/api/xbrl/companyfacts/CIK0001588837.json,2026-07-20T15:28:47,2026-07-20T15:28:47,0.763
LMRXF,0001001500,failed,,,HTTPError,404 Client Error: Not Found for url: https://data.sec.gov/api/xbrl/companyfacts/CIK0001001500.json,2026-07-20T15:28:48,2026-07-20T15:28:49,0.951
LMT,0000936468,success,22006.0,data\facts\0000936468.parquet,,,2026-07-20T15:28:49,2026-07-20T15:28:50,1.387
LNAI,0001527728,success,12939.0,data\facts\0001527728.parquet,,,2026-07-20T15:28:51,2026-07-20T15:28:52,1.254
LNC,0000059558,success,31743.0,data\facts\0000059558.parquet,,,2026-07-20T15:28:52,2026-07-20T15:28:54,1.746
LND,0001499849,success,2723.0,data\facts\0001499849.parquet,,,2026-07-20T15:28:54,2026-07-20T15:28:55,0.972
LNFGY,0002140948,failed,,,HTTPError,404 Client Error: Not Found for url: https://data.sec.gov/api/xbrl/companyfacts/CIK0002140948.json,2026-07-20T15:28:55,2026-07-20T15:28:56,0.909
LNG,0000003570,success,22937.0,data\facts\0000003570.parquet,,,2026-07-20T15:28:57,2026-07-20T15:28:58,1.402
LNKS,0001972074,success,1199.0,data\facts\0001972074.parquet,,,2026-07-20T15:28:58,2026-07-20T15:28:59,0.917
LNN,0000836157,success,25942.0,data\facts\0000836157.parquet,,,2026-07-20T15:29:00,2026-07-20T15:29:01,1.412
LNSR,0001320350,success,6639.0,data\facts\0001320350.parquet,,,2026-07-20T15:29:01,2026-07-20T15:29:02,1.201
LNT,0000352541,success,22654.0,data\facts\0000352541.parquet,,,2026-07-20T15:29:03,2026-07-20T15:29:04,1.465
LNTCY,0002098381,failed,,,HTTPError,404 Client Error: Not Found for url: https://data.sec.gov/api/xbrl/companyfacts/CIK0002098381.json,2026-07-20T15:29:04,2026-07-20T15:29:05,0.817
LNTH,0001521036,success,16115.0,data\facts\0001521036.parquet,,,2026-07-20T15:29:06,2026-07-20T15:29:07,1.375
LNTO,0002006925,failed,,,HTTPError,404 Client Error: Not Found for url: https://data.sec.gov/api/xbrl/companyfacts/CIK0002006925.json,2026-07-20T15:29:07,2026-07-20T15:29:08,0.923
LNXSY,0001311307,failed,,,HTTPError,404 Client Error: Not Found for url: https://data.sec.gov/api/xbrl/companyfacts/CIK0001311307.json,2026-07-20T15:29:09,2026-07-20T15:29:09,0.904
LNZA,0001843724,success,5294.0,data\facts\0001843724.parquet,,,2026-07-20T15:29:10,2026-07-20T15:29:11,1.094
LOAN,0001080340,success,9551.0,data\facts\0001080340.parquet,,,2026-07-20T15:29:11,2026-07-20T15:29:12,1.141
LOAR,0002000178,success,2481.0,data\facts\0002000178.parquet,,,2026-07-20T15:29:13,2026-07-20T15:29:14,0.999
LOB,0001462120,success,23105.0,data\facts\0001462120.parquet,,,2026-07-20T15:29:14,2026-07-20T15:29:15,1.462
LOBO,0001932072,success,1992.0,data\facts\0001932072.parquet,,,2026-07-20T15:29:16,2026-07-20T15:29:17,1.103
LOCL,0001840780,success,4540.0,data\facts\0001840780.parquet,,,2026-07-20T15:29:17,2026-07-20T15:29:18,1.024
LOCO,0001606366,success,18166.0,data\facts\0001606366.parquet,,,2026-07-20T15:29:18,2026-07-20T15:29:20,1.559
LODE,0001120970,success,19044.0,data\facts\0001120970.parquet,,,2026-07-20T15:29:20,2026-07-20T15:29:22,1.539
LOGC,0002064307,success,1019.0,data\facts\0002064307.parquet,,,2026-07-20T15:29:22,2026-07-20T15:29:23,1.038
LOGI,0001032975,success,25808.0,data\facts\0001032975.parquet,,,2026-07-20T15:29:23,2026-07-20T15:29:25,1.577
LOIMF,0001454147,failed,,,HTTPError,404 Client Error: Not Found for url: https://data.sec.gov/api/xbrl/companyfacts/CIK0001454147.json,2026-07-20T15:29:25,2026-07-20T15:29:26,0.89
LOMA,0001711375,success,3456.0,data\facts\0001711375.parquet,,,2026-07-20T15:29:26,2026-07-20T15:29:27,1.096
LOMLF,0001509397,failed,,,HTTPError,404 Client Error: Not Found for url: https://data.sec.gov/api/xbrl/companyfacts/CIK0001509397.json,2026-07-20T15:29:28,2026-07-20T15:29:28,0.776
LONA,0001620463,success,4997.0,data\facts\0001620463.parquet,,,2026-07-20T15:29:29,2026-07-20T15:29:30,1.1
LOOP,0001504678,success,11927.0,data\facts\0001504678.parquet,,,2026-07-20T15:29:30,2026-07-20T15:29:31,1.272
LOPE,0001434588,success,18857.0,data\facts\0001434588.parquet,,,2026-07-20T15:29:32,2026-07-20T15:29:33,1.268
LOT,0001962746,success,1727.0,data\facts\0001962746.parquet,,,2026-07-20T15:29:33,2026-07-20T15:29:34,0.747
LOTMY,0002041918,failed,,,HTTPError,404 Client Error: Not Found for url: https://data.sec.gov/api/xbrl/companyfacts/CIK0002041918.json,2026-07-20T15:29:34,2026-07-20T15:29:35,0.511
LOTT,0001568969,success,6319.0,data\facts\0001568969.parquet,,,2026-07-20T15:29:35,2026-07-20T15:29:36,0.662
LOVE,0001701758,success,10765.0,data\facts\0001701758.parquet,,,2026-07-20T15:29:36,2026-07-20T15:29:37,0.719
LOW,0000060667,success,24795.0,data\facts\0000060667.parquet,,,2026-07-20T15:29:37,2026-07-20T15:29:38,0.959
LPA,0001997711,success,1184.0,data\facts\0001997711.parquet,,,2026-07-20T15:29:38,2026-07-20T15:29:39,0.651
LPAA,0002015502,success,572.0,data\facts\0002015502.parquet,,,2026-07-20T15:29:39,2026-07-20T15:29:40,0.579
LPBB,0002023676,success,440.0,data\facts\0002023676.parquet,,,2026-07-20T15:29:40,2026-07-20T15:29:40,0.56
LPCHY,0002023870,failed,,,HTTPError,404 Client Error: Not Found for url: https://data.sec.gov/api/xbrl/companyfacts/CIK0002023870.json,2026-07-20T15:29:41,2026-07-20T15:29:41,0.561
LPCN,0001535955,success,12335.0,data\facts\0001535955.parquet,,,2026-07-20T15:29:41,2026-07-20T15:29:42,0.947
LPCV,0002083728,success,136.0,data\facts\0002083728.parquet,,,2026-07-20T15:29:43,2026-07-20T15:29:43,0.667
LPG,0001596993,success,11972.0,data\facts\0001596993.parquet,,,2026-07-20T15:29:44,2026-07-20T15:29:44,0.777
LPGCY,0002068440,failed,,,HTTPError,404 Client Error: Not Found for url: https://data.sec.gov/api/xbrl/companyfacts/CIK0002068440.json,2026-07-20T15:29:45,2026-07-20T15:29:45,0.666
LPL,0001290109,success,5796.0,data\facts\0001290109.parquet,,,2026-07-20T15:29:46,2026-07-20T15:29:46,0.906
LPLA,0001397911,success,24236.0,data\facts\0001397911.parquet,,,2026-07-20T15:29:47,2026-07-20T15:29:48,1.104
LPRO,0001806201,success,7346.0,data\facts\0001806201.parquet,,,2026-07-20T15:29:48,2026-07-20T15:29:49,0.742
LPSIF,0001472466,failed,,,HTTPError,404 Client Error: Not Found for url: https://data.sec.gov/api/xbrl/companyfacts/CIK0001472466.json,2026-07-20T15:29:49,2026-07-20T15:29:50,0.465
LPSN,0001102993,success,22483.0,data\facts\0001102993.parquet,,,2026-07-20T15:29:50,2026-07-20T15:29:51,0.987
LPTH,0000889971,success,18114.0,data\facts\0000889971.parquet,,,2026-07-20T15:29:51,2026-07-20T15:29:52,0.836
LPX,0000060519,success,29103.0,data\facts\0000060519.parquet,,,2026-07-20T15:29:52,2026-07-20T15:29:53,1.104
LQDA,0001819576,success,6323.0,data\facts\0001819576.parquet,,,2026-07-20T15:29:53,2026-07-20T15:29:54,0.674
LQDT,0001235468,success,18546.0,data\facts\0001235468.parquet,,,2026-07-20T15:29:54,2026-07-20T15:29:55,0.862
LQMT,0001141240,success,14970.0,data\facts\0001141240.parquet,,,2026-07-20T15:29:55,2026-07-20T15:29:56,0.798
LRCX,0000707549,success,26593.0,data\facts\0000707549.parquet,,,2026-07-20T15:29:57,2026-07-20T15:29:58,1.295
LRDC,0001442492,success,8262.0,data\facts\0001442492.parquet,,,2026-07-20T15:29:58,2026-07-20T15:29:59,1.269
LRE,0001888980,success,1056.0,data\facts\0001888980.parquet,,,2026-07-20T15:30:00,2026-07-20T15:30:01,0.946
LRHC,0001879403,success,3097.0,data\facts\0001879403.parquet,,,2026-07-20T15:30:01,2026-07-20T15:30:02,0.832
LRMR,0001374690,success,10817.0,data\facts\0001374690.parquet,,,2026-07-20T15:30:02,2026-07-20T15:30:03,1.004
LRN,0001157408,success,21158.0,data\facts\0001157408.parquet,,,2026-07-20T15:30:03,2026-07-20T15:30:05,1.288
LRRIF,0001992500,failed,,,HTTPError,404 Client Error: Not Found for url: https://data.sec.gov/api/xbrl/companyfacts/CIK0001992500.json,2026-07-20T15:30:05,2026-07-20T15:30:05,0.613
LSAK,0001041514,success,31354.0,data\facts\0001041514.parquet,,,2026-07-20T15:30:06,2026-07-20T15:30:07,1.502
LSBA,0002075589,success,5.0,data\facts\0002075589.parquet,,,2026-07-20T15:30:08,2026-07-20T15:30:08,0.803
LSBCF,0001946399,success,1590.0,data\facts\0001946399.parquet,,,2026-07-20T15:30:09,2026-07-20T15:30:09,0.817
LSBK,0002059653,success,1747.0,data\facts\0002059653.parquet,,,2026-07-20T15:30:10,2026-07-20T15:30:11,0.958
LSCC,0000855658,success,19788.0,data\facts\0000855658.parquet,,,2026-07-20T15:30:11,2026-07-20T15:30:12,0.98
LSE,0001985139,success,1166.0,data\facts\0001985139.parquet,,,2026-07-20T15:30:12,2026-07-20T15:30:13,0.888
LSEB,0001888740,success,2433.0,data\facts\0001888740.parquet,,,2026-07-20T15:30:13,2026-07-20T15:30:14,0.696
LSEGY,0001842726,failed,,,HTTPError,404 Client Error: Not Found for url: https://data.sec.gov/api/xbrl/companyfacts/CIK0001842726.json,2026-07-20T15:30:14,2026-07-20T15:30:15,0.874
LSF,0001650696,success,8499.0,data\facts\0001650696.parquet,,,2026-07-20T15:30:16,2026-07-20T15:30:17,0.98
LSH,0001996192,success,3052.0,data\facts\0001996192.parquet,,,2026-07-20T15:30:17,2026-07-20T15:30:18,0.884
LSHGY,0002063675,failed,,,HTTPError,404 Client Error: Not Found for url: https://data.sec.gov/api/xbrl/companyfacts/CIK0002063675.json,2026-07-20T15:30:18,2026-07-20T15:30:19,0.766
LSPD,0001823306,success,1552.0,data\facts\0001823306.parquet,,,2026-07-20T15:30:19,2026-07-20T15:30:20,0.787
LSRCF,0001822989,failed,,,HTTPError,404 Client Error: Not Found for url: https://data.sec.gov/api/xbrl/companyfacts/CIK0001822989.json,2026-07-20T15:30:20,2026-07-20T15:30:21,0.833
LSTA,0000320017,success,17638.0,data\facts\0000320017.parquet,,,2026-07-20T15:30:21,2026-07-20T15:30:22,1.1
LSTR,0000853816,success,21625.0,data\facts\0000853816.parquet,,,2026-07-20T15:30:23,2026-07-20T15:30:24,1.231
LTAFF,0002115899,failed,,,HTTPError,404 Client Error: Not Found for url: https://data.sec.gov/api/xbrl/companyfacts/CIK0002115899.json,2026-07-20T15:30:24,2026-07-20T15:30:25,0.854
LTAFX,0001496254,failed,,,ValueError,Company Facts에서 facts 데이터를 찾지 못했습니다.,2026-07-20T15:30:25,2026-07-20T15:30:26,0.824
LTBR,0001084554,success,11757.0,data\facts\0001084554.parquet,,,2026-07-20T15:30:26,2026-07-20T15:30:27,1.111
LTC,0000887905,success,19559.0,data\facts\0000887905.parquet,,,2026-07-20T15:30:28,2026-07-20T15:30:29,1.243
LTCH,0001826000,success,9150.0,data\facts\0001826000.parquet,,,2026-07-20T15:30:29,2026-07-20T15:30:30,1.073
LTCN,0001732406,success,1986.0,data\facts\0001732406.parquet,,,2026-07-20T15:30:31,2026-07-20T15:30:32,1.076
LTESF,0001946746,success,374.0,data\facts\0001946746.parquet,,,2026-07-20T15:30:32,2026-07-20T15:30:33,0.733
LTGHY,0001569963,failed,,,HTTPError,404 Client Error: Not Found for url: https://data.sec.gov/api/xbrl/companyfacts/CIK0001569963.json,2026-07-20T15:30:33,2026-07-20T15:30:34,0.87
LTGR,0002104177,success,11.0,data\facts\0002104177.parquet,,,2026-07-20T15:30:34,2026-07-20T15:30:35,0.739
LTH,0001869198,success,7300.0,data\facts\0001869198.parquet,,,2026-07-20T15:30:35,2026-07-20T15:30:36,1.005
LTHIF,0001364252,failed,,,HTTPError,404 Client Error: Not Found for url: https://data.sec.gov/api/xbrl/companyfacts/CIK0001364252.json,2026-07-20T15:30:36,2026-07-20T15:30:37,0.695
LTM,0001047716,success,5131.0,data\facts\0001047716.parquet,,,2026-07-20T15:30:37,2026-07-20T15:30:38,0.838
LTRN,0001763950,success,4697.0,data\facts\0001763950.parquet,,,2026-07-20T15:30:38,2026-07-20T15:30:39,0.793
LTRX,0001114925,success,14159.0,data\facts\0001114925.parquet,,,2026-07-20T15:30:40,2026-07-20T15:30:40,0.992
LTSV,0001619312,success,6691.0,data\facts\0001619312.parquet,,,2026-07-20T15:30:41,2026-07-20T15:30:42,0.99
LTUM,0001415332,success,9205.0,data\facts\0001415332.parquet,,,2026-07-20T15:30:42,2026-07-20T15:30:43,0.989
LU,0001816007,success,2482.0,data\facts\0001816007.parquet,,,2026-07-20T15:30:43,2026-07-20T15:30:44,1.029
LUCD,0001799011,success,4073.0,data\facts\0001799011.parquet,,,2026-07-20T15:30:45,2026-07-20T15:30:45,0.819
LUCK,0001840572,success,7816.0,data\facts\0001840572.parquet,,,2026-07-20T15:30:46,2026-07-20T15:30:47,0.99
LUCN,0001726079,success,1945.0,data\facts\0001726079.parquet,,,2026-07-20T15:30:47,2026-07-20T15:30:48,0.896
LUCY,0001808377,success,3258.0,data\facts\0001808377.parquet,,,2026-07-20T15:30:48,2026-07-20T15:30:49,0.736
LUD,0001984124,success,849.0,data\facts\0001984124.parquet,,,2026-07-20T15:30:49,2026-07-20T15:30:50,0.742
LUDG,0001960262,success,1892.0,data\facts\0001960262.parquet,,,2026-07-20T15:30:50,2026-07-20T15:30:51,0.884
LULU,0001397187,success,19724.0,data\facts\0001397187.parquet,,,2026-07-20T15:30:51,2026-07-20T15:30:53,1.17
LUMN,0000018926,success,24553.0,data\facts\0000018926.parquet,,,2026-07-20T15:30:53,2026-07-20T15:30:54,1.312
LUNG,0001127537,success,9800.0,data\facts\0001127537.parquet,,,2026-07-20T15:30:54,2026-07-20T15:30:55,0.992
LUNR,0001844452,success,5249.0,data\facts\0001844452.parquet,,,2026-07-20T15:30:56,2026-07-20T15:30:57,1.062
LUV,0000092380,success,26682.0,data\facts\0000092380.parquet,,,2026-07-20T15:30:57,2026-07-20T15:30:59,1.584
LUVU,0001374567,success,16731.0,data\facts\0001374567.parquet,,,2026-07-20T15:30:59,2026-07-20T15:31:00,1.074
LUXE,0001831907,success,2688.0,data\facts\0001831907.parquet,,,2026-07-20T15:31:00,2026-07-20T15:31:02,1.244
LVLU,0001780201,success,5384.0,data\facts\0001780201.parquet,,,2026-07-20T15:31:02,2026-07-20T15:31:03,0.974
LVO,0001491419,success,15907.0,data\facts\0001491419.parquet,,,2026-07-20T15:31:03,2026-07-20T15:31:04,1.037
LVRLF,0001168981,success,2262.0,data\facts\0001168981.parquet,,,2026-07-20T15:31:04,2026-07-20T15:31:06,1.117
LVS,0001300514,success,23871.0,data\facts\0001300514.parquet,,,2026-07-20T15:31:06,2026-07-20T15:31:07,1.091
LVWR,0001898795,success,4280.0,data\facts\0001898795.parquet,,,2026-07-20T15:31:07,2026-07-20T15:31:08,1.034
LW,0001679273,success,14298.0,data\facts\0001679273.parquet,,,2026-07-20T15:31:09,2026-07-20T15:31:10,1.218
LWAC,0002061379,success,280.0,data\facts\0002061379.parquet,,,2026-07-20T15:31:10,2026-07-20T15:31:11,0.845
LWAY,0000814586,success,19074.0,data\facts\0000814586.parquet,,,2026-07-20T15:31:11,2026-07-20T15:31:13,1.68
LWLG,0001325964,success,11753.0,data\facts\0001325964.parquet,,,2026-07-20T15:31:13,2026-07-20T15:31:14,1.26
LX,0001708259,success,5491.0,data\facts\0001708259.parquet,,,2026-07-20T15:31:15,2026-07-20T15:31:16,1.003
LXEH,0001814067,success,3475.0,data\facts\0001814067.parquet,,,2026-07-20T15:31:16,2026-07-20T15:31:17,1.238
LXEO,0001907108,success,2595.0,data\facts\0001907108.parquet,,,2026-07-20T15:31:17,2026-07-20T15:31:18,0.865
LXFR,0001096056,success,14397.0,data\facts\0001096056.parquet,,,2026-07-20T15:31:19,2026-07-20T15:31:20,1.015
LXP,0000910108,success,22560.0,data\facts\0000910108.parquet,,,2026-07-20T15:31:20,2026-07-20T15:31:21,1.279
LXRX,0001062822,success,15117.0,data\facts\0001062822.parquet,,,2026-07-20T15:31:21,2026-07-20T15:31:22,1.106
LXU,0000060714,success,21170.0,data\facts\0000060714.parquet,,,2026-07-20T15:31:23,2026-07-20T15:31:24,1.046
LYB,0001489393,success,24787.0,data\facts\0001489393.parquet,,,2026-07-20T15:31:24,2026-07-20T15:31:25,1.317
LYEL,0001806952,success,5703.0,data\facts\0001806952.parquet,,,2026-07-20T15:31:26,2026-07-20T15:31:27,0.972
LYFT,0001759509,success,11490.0,data\facts\0001759509.parquet,,,2026-07-20T15:31:27,2026-07-20T15:31:28,0.96
LYG,0001160106,success,8619.0,data\facts\0001160106.parquet,,,2026-07-20T15:31:28,2026-07-20T15:31:29,1.219
LYRA,0001327273,success,6242.0,data\facts\0001327273.parquet,,,2026-07-20T15:31:30,2026-07-20T15:31:31,0.828
LYTHF,0001816319,success,2147.0,data\facts\0001816319.parquet,,,2026-07-20T15:31:31,2026-07-20T15:31:32,0.844
LYTS,0000763532,success,21826.0,data\facts\0000763532.parquet,,,2026-07-20T15:31:32,2026-07-20T15:31:33,1.308
LYV,0001335258,success,23946.0,data\facts\0001335258.parquet,,,2026-07-20T15:31:34,2026-07-20T15:31:35,1.329
LZ,0001286139,success,8228.0,data\facts\0001286139.parquet,,,2026-07-20T15:31:35,2026-07-20T15:31:36,1.273
LZB,0000057131,success,21894.0,data\facts\0000057131.parquet,,,2026-07-20T15:31:37,2026-07-20T15:31:38,1.318
LZM,0001958217,success,2108.0,data\facts\0001958217.parquet,,,2026-07-20T15:31:38,2026-07-20T15:31:39,0.945
LZMH,0001967397,success,1331.0,data\facts\0001967397.parquet,,,2026-07-20T15:31:40,2026-07-20T15:31:41,0.961
M,0000794367,success,25117.0,data\facts\0000794367.parquet,,,2026-07-20T15:31:41,2026-07-20T15:31:42,1.337
MA,0001141391,success,27134.0,data\facts\0001141391.parquet,,,2026-07-20T15:31:42,2026-07-20T15:31:44,1.482
MAAI,0000912595,success,16182.0,data\facts\0000912595.parquet,,,2026-07-20T15:31:44,2026-07-20T15:31:45,1.225
MAAS,0001750264,success,3603.0,data\facts\0001750264.parquet,,,2026-07-20T15:31:46,2026-07-20T15:31:47,1.082
MAC,0000912242,success,23891.0,data\facts\0000912242.parquet,,,2026-07-20T15:31:47,2026-07-20T15:31:49,1.473
MACI,0002016221,success,564.0,data\facts\0002016221.parquet,,,2026-07-20T15:31:49,2026-07-20T15:31:50,1.04
MACT,0001957783,success,408.0,data\facts\0001957783.parquet,,,2026-07-20T15:31:50,2026-07-20T15:31:51,0.889
MADL,0001052354,success,2242.0,data\facts\0001052354.parquet,,,2026-07-20T15:31:51,2026-07-20T15:31:52,0.931
MAGE,0001515317,success,9634.0,data\facts\0001515317.parquet,,,2026-07-20T15:31:53,2026-07-20T15:31:54,1.09
MAGH,0002046117,success,742.0,data\facts\0002046117.parquet,,,2026-07-20T15:31:54,2026-07-20T15:31:55,0.917
MAGN,0000041719,success,19399.0,data\facts\0000041719.parquet,,,2026-07-20T15:31:55,2026-07-20T15:31:56,1.243
MAIA,0001878313,success,3205.0,data\facts\0001878313.parquet,,,2026-07-20T15:31:57,2026-07-20T15:31:58,0.998
MAIN,0001396440,success,4149.0,data\facts\0001396440.parquet,,,2026-07-20T15:31:58,2026-07-20T15:31:59,0.976
MAIR,0002098430,success,32.0,data\facts\0002098430.parquet,,,2026-07-20T15:31:59,2026-07-20T15:32:00,0.897
MAJI,0001492448,success,2115.0,data\facts\0001492448.parquet,,,2026-07-20T15:32:00,2026-07-20T15:32:01,0.936
MAKO,0001784930,failed,,,HTTPError,404 Client Error: Not Found for url: https://data.sec.gov/api/xbrl/companyfacts/CIK0001784930.json,2026-07-20T15:32:02,2026-07-20T15:32:03,0.869
MALG,0001309251,success,1822.0,data\facts\0001309251.parquet,,,2026-07-20T15:32:03,2026-07-20T15:32:04,1.024
MAMA,0001520358,success,16700.0,data\facts\0001520358.parquet,,,2026-07-20T15:32:04,2026-07-20T15:32:05,1.219
MAMK,0002008007,success,590.0,data\facts\0002008007.parquet,,,2026-07-20T15:32:06,2026-07-20T15:32:07,1.004
MAMO,0001952853,success,3669.0,data\facts\0001952853.parquet,,,2026-07-20T15:32:07,2026-07-20T15:32:08,0.979
MAN,0000871763,success,22238.0,data\facts\0000871763.parquet,,,2026-07-20T15:32:08,2026-07-20T15:32:09,0.942
MANA,0001852023,failed,,,HTTPError,404 Client Error: Not Found for url: https://data.sec.gov/api/xbrl/companyfacts/CIK0001852023.json,2026-07-20T15:32:09,2026-07-20T15:32:10,0.527
MANE,0001827635,success,456.0,data\facts\0001827635.parquet,,,2026-07-20T15:32:10,2026-07-20T15:32:11,0.567
MANH,0001056696,success,16570.0,data\facts\0001056696.parquet,,,2026-07-20T15:32:11,2026-07-20T15:32:12,0.706
MANU,0001549107,success,7457.0,data\facts\0001549107.parquet,,,2026-07-20T15:32:12,2026-07-20T15:32:13,0.969
MAPPF,0001493130,failed,,,HTTPError,404 Client Error: Not Found for url: https://data.sec.gov/api/xbrl/companyfacts/CIK0001493130.json,2026-07-20T15:32:13,2026-07-20T15:32:14,0.786
MAPS,0001779474,success,6275.0,data\facts\0001779474.parquet,,,2026-07-20T15:32:14,2026-07-20T15:32:15,1.003
MAR,0001048286,success,21367.0,data\facts\0001048286.parquet,,,2026-07-20T15:32:15,2026-07-20T15:32:17,1.281
MARA,0001507605,success,16809.0,data\facts\0001507605.parquet,,,2026-07-20T15:32:17,2026-07-20T15:32:18,1.213
MARH,0002087064,success,5.0,data\facts\0002087064.parquet,,,2026-07-20T15:32:19,2026-07-20T15:32:19,0.817
MARPS,0000062362,failed,,,HTTPError,404 Client Error: Not Found for url: https://data.sec.gov/api/xbrl/companyfacts/CIK0000062362.json,2026-07-20T15:32:20,2026-07-20T15:32:20,0.783
MARUF,0000801645,failed,,,HTTPError,404 Client Error: Not Found for url: https://data.sec.gov/api/xbrl/companyfacts/CIK0000801645.json,2026-07-20T15:32:21,2026-07-20T15:32:21,0.758
MAS,0000062996,success,28701.0,data\facts\0000062996.parquet,,,2026-07-20T15:32:22,2026-07-20T15:32:23,1.41
MASK,0001993097,success,3065.0,data\facts\0001993097.parquet,,,2026-07-20T15:32:23,2026-07-20T15:32:24,0.876
MASS,0001555279,success,6228.0,data\facts\0001555279.parquet,,,2026-07-20T15:32:25,2026-07-20T15:32:26,1.002
MAT,0000063276,success,27952.0,data\facts\0000063276.parquet,,,2026-07-20T15:32:26,2026-07-20T15:32:27,1.454
MATH,0001682241,success,4403.0,data\facts\0001682241.parquet,,,2026-07-20T15:32:28,2026-07-20T15:32:29,0.942
MATV,0001000623,success,27075.0,data\facts\0001000623.parquet,,,2026-07-20T15:32:29,2026-07-20T15:32:30,1.411
MATW,0000063296,success,23702.0,data\facts\0000063296.parquet,,,2026-07-20T15:32:31,2026-07-20T15:32:32,1.452
MATX,0000003453,success,19707.0,data\facts\0000003453.parquet,,,2026-07-20T15:32:32,2026-07-20T15:32:33,1.134
MAUTF,0001830918,failed,,,HTTPError,404 Client Error: Not Found for url: https://data.sec.gov/api/xbrl/companyfacts/CIK0001830918.json,2026-07-20T15:32:34,2026-07-20T15:32:34,0.781
MAUUF,0001905688,failed,,,HTTPError,404 Client Error: Not Found for url: https://data.sec.gov/api/xbrl/companyfacts/CIK0001905688.json,2026-07-20T15:32:35,2026-07-20T15:32:36,0.802
MAX,0001818383,success,6768.0,data\facts\0001818383.parquet,,,2026-07-20T15:32:36,2026-07-20T15:32:37,1.021
MAXNQ,0001796898,success,2792.0,data\facts\0001796898.parquet,,,2026-07-20T15:32:37,2026-07-20T15:32:38,0.923
MAYS,0000054187,success,14617.0,data\facts\0000054187.parquet,,,2026-07-20T15:32:38,2026-07-20T15:32:39,1.127
MAZE,0001842295,success,1042.0,data\facts\0001842295.parquet,,,2026-07-20T15:32:40,2026-07-20T15:32:41,0.968
MB,0002027265,success,410.0,data\facts\0002027265.parquet,,,2026-07-20T15:32:41,2026-07-20T15:32:42,0.877
MBAI,0001610590,success,3836.0,data\facts\0001610590.parquet,,,2026-07-20T15:32:42,2026-07-20T15:32:43,1.159
MBAV,0002016072,success,508.0,data\facts\0002016072.parquet,,,2026-07-20T15:32:44,2026-07-20T15:32:44,0.841
MBBC,0001835385,success,9139.0,data\facts\0001835385.parquet,,,2026-07-20T15:32:45,2026-07-20T15:32:46,1.046
MBC,0001941365,success,4920.0,data\facts\0001941365.parquet,,,2026-07-20T15:32:46,2026-07-20T15:32:47,0.914
MBGAF,0001067318,failed,,,HTTPError,404 Client Error: Not Found for url: https://data.sec.gov/api/xbrl/companyfacts/CIK0001067318.json,2026-07-20T15:32:47,2026-07-20T15:32:48,0.773
MBGL,0002090312,success,4.0,data\facts\0002090312.parquet,,,2026-07-20T15:32:48,2026-07-20T15:32:49,0.912
MBI,0000814585,success,22891.0,data\facts\0000814585.parquet,,,2026-07-20T15:32:49,2026-07-20T15:32:51,1.397
MBIN,0001629019,success,15891.0,data\facts\0001629019.parquet,,,2026-07-20T15:32:51,2026-07-20T15:32:52,1.368
MBIO,0001680048,success,7579.0,data\facts\0001680048.parquet,,,2026-07-20T15:32:53,2026-07-20T15:32:54,1.157
MBLY,0001910139,success,4363.0,data\facts\0001910139.parquet,,,2026-07-20T15:32:54,2026-07-20T15:32:55,1.24
MBOT,0000883975,success,12197.0,data\facts\0000883975.parquet,,,2026-07-20T15:32:56,2026-07-20T15:32:57,1.367
MBRFY,0001496919,failed,,,HTTPError,404 Client Error: Not Found for url: https://data.sec.gov/api/xbrl/companyfacts/CIK0001496919.json,2026-07-20T15:32:57,2026-07-20T15:32:58,0.938
MBRX,0001659617,success,8731.0,data\facts\0001659617.parquet,,,2026-07-20T15:32:59,2026-07-20T15:33:00,1.132
MBSHY,0002079706,failed,,,HTTPError,404 Client Error: Not Found for url: https://data.sec.gov/api/xbrl/companyfacts/CIK0002079706.json,2026-07-20T15:33:00,2026-07-20T15:33:01,0.829
MBUMF,0001534281,failed,,,HTTPError,404 Client Error: Not Found for url: https://data.sec.gov/api/xbrl/companyfacts/CIK0001534281.json,2026-07-20T15:33:01,2026-07-20T15:33:02,0.975
MBUU,0001590976,success,17690.0,data\facts\0001590976.parquet,,,2026-07-20T15:33:02,2026-07-20T15:33:04,1.074
MBVI,0002073928,success,162.0,data\facts\0002073928.parquet,,,2026-07-20T15:33:04,2026-07-20T15:33:05,0.978
MBWM,0001042729,success,27995.0,data\facts\0001042729.parquet,,,2026-07-20T15:33:05,2026-07-20T15:33:07,1.483
MBX,0001776111,success,1799.0,data\facts\0001776111.parquet,,,2026-07-20T15:33:07,2026-07-20T15:33:08,0.933
MC,0001596967,success,12752.0,data\facts\0001596967.parquet,,,2026-07-20T15:33:08,2026-07-20T15:33:09,1.036
MCAG,0001859035,success,2311.0,data\facts\0001859035.parquet,,,2026-07-20T15:33:09,2026-07-20T15:33:11,1.052
MCAH,0002109876,success,48.0,data\facts\0002109876.parquet,,,2026-07-20T15:33:11,2026-07-20T15:33:12,0.932
MCB,0001476034,success,15272.0,data\facts\0001476034.parquet,,,2026-07-20T15:33:12,2026-07-20T15:33:13,1.33
MCBS,0001747068,success,10838.0,data\facts\0001747068.parquet,,,2026-07-20T15:33:14,2026-07-20T15:33:15,1.229
MCD,0000063908,success,23466.0,data\facts\0000063908.parquet,,,2026-07-20T15:33:15,2026-07-20T15:33:17,1.488
MCFN,0002131882,success,376.0,data\facts\0002131882.parquet,,,2026-07-20T15:33:17,2026-07-20T15:33:18,0.96
MCFT,0001638290,success,12991.0,data\facts\0001638290.parquet,,,2026-07-20T15:33:18,2026-07-20T15:33:19,1.198
MCGA,0002064658,success,294.0,data\facts\0002064658.parquet,,,2026-07-20T15:33:20,2026-07-20T15:33:21,0.886
MCHB,0001518715,success,31778.0,data\facts\0001518715.parquet,,,2026-07-20T15:33:21,2026-07-20T15:33:23,1.756
MCHP,0000827054,success,28431.0,data\facts\0000827054.parquet,,,2026-07-20T15:33:23,2026-07-20T15:33:25,1.662
MCHX,0001224133,success,15079.0,data\facts\0001224133.parquet,,,2026-07-20T15:33:25,2026-07-20T15:33:26,1.369
MCI,0000275694,failed,,,HTTPError,404 Client Error: Not Found for url: https://data.sec.gov/api/xbrl/companyfacts/CIK0000275694.json,2026-07-20T15:33:27,2026-07-20T15:33:28,0.924
MCK,0000927653,success,28205.0,data\facts\0000927653.parquet,,,2026-07-20T15:33:28,2026-07-20T15:33:29,1.555
MCLE,0001827855,success,2201.0,data\facts\0001827855.parquet,,,2026-07-20T15:33:30,2026-07-20T15:33:31,0.989
MCN,0001289868,success,2.0,data\facts\0001289868.parquet,,,2026-07-20T15:33:31,2026-07-20T15:33:32,0.931
MCO,0001059556,success,34713.0,data\facts\0001059556.parquet,,,2026-07-20T15:33:32,2026-07-20T15:33:34,1.869
MCOM,0001788841,success,5456.0,data\facts\0001788841.parquet,,,2026-07-20T15:33:34,2026-07-20T15:33:36,1.122
MCRB,0001609809,success,12462.0,data\facts\0001609809.parquet,,,2026-07-20T15:33:36,2026-07-20T15:33:37,1.31
MCRI,0000907242,success,15635.0,data\facts\0000907242.parquet,,,2026-07-20T15:33:37,2026-07-20T15:33:39,1.296
MCRP,0001993431,success,644.0,data\facts\0001993431.parquet,,,2026-07-20T15:33:39,2026-07-20T15:33:40,0.964
MCS,0000062234,success,25479.0,data\facts\0000062234.parquet,,,2026-07-20T15:33:40,2026-07-20T15:33:42,1.576
MCTA,0002035992,failed,,,HTTPError,404 Client Error: Not Found for url: https://data.sec.gov/api/xbrl/companyfacts/CIK0002035992.json,2026-07-20T15:33:42,2026-07-20T15:33:43,0.905
MCUJF,0001133519,success,2851.0,data\facts\0001133519.parquet,,,2026-07-20T15:33:43,2026-07-20T15:33:44,1.078
MCY,0000064996,success,22540.0,data\facts\0000064996.parquet,,,2026-07-20T15:33:45,2026-07-20T15:33:46,1.427
MD,0000893949,success,21481.0,data\facts\0000893949.parquet,,,2026-07-20T15:33:46,2026-07-20T15:33:48,1.502
MDA,0001857047,success,5.0,data\facts\0001857047.parquet,,,2026-07-20T15:33:48,2026-07-20T15:33:49,0.933
MDAI,0001833498,success,4398.0,data\facts\0001833498.parquet,,,2026-07-20T15:33:50,2026-07-20T15:33:51,1.119
MDAT,0002091521,success,3.0,data\facts\0002091521.parquet,,,2026-07-20T15:33:51,2026-07-20T15:33:52,1.002
MDB,0001441816,success,13166.0,data\facts\0001441816.parquet,,,2026-07-20T15:33:52,2026-07-20T15:33:53,1.161
MDBH,0001934642,success,2866.0,data\facts\0001934642.parquet,,,2026-07-20T15:33:54,2026-07-20T15:33:55,1.36
MDCE,0001404593,success,1538.0,data\facts\0001404593.parquet,,,2026-07-20T15:33:55,2026-07-20T15:33:56,1.088
MDCOY,0002094100,failed,,,HTTPError,404 Client Error: Not Found for url: https://data.sec.gov/api/xbrl/companyfacts/CIK0002094100.json,2026-07-20T15:33:57,2026-07-20T15:33:58,1.012
MDCX,0001997296,success,1221.0,data\facts\0001997296.parquet,,,2026-07-20T15:33:58,2026-07-20T15:33:59,1.167
MDDTY,0002038958,failed,,,HTTPError,404 Client Error: Not Found for url: https://data.sec.gov/api/xbrl/companyfacts/CIK0002038958.json,2026-07-20T15:34:00,2026-07-20T15:34:01,1.021
MDEX,0001318268,success,7996.0,data\facts\0001318268.parquet,,,2026-07-20T15:34:01,2026-07-20T15:34:02,1.372
MDGL,0001157601,success,11959.0,data\facts\0001157601.parquet,,,2026-07-20T15:34:03,2026-07-20T15:34:04,1.418
MDIA,0001784254,success,7460.0,data\facts\0001784254.parquet,,,2026-07-20T15:34:04,2026-07-20T15:34:06,1.232
MDKGY,0002098332,failed,,,HTTPError,404 Client Error: Not Found for url: https://data.sec.gov/api/xbrl/companyfacts/CIK0002098332.json,2026-07-20T15:34:06,2026-07-20T15:34:07,1.149
MDLK,0001611046,success,1920.0,data\facts\0001611046.parquet,,,2026-07-20T15:34:07,2026-07-20T15:34:08,1.135
MDLN,0002046386,success,908.0,data\facts\0002046386.parquet,,,2026-07-20T15:34:09,2026-07-20T15:34:10,1.141
MDLZ,0001103982,success,29291.0,data\facts\0001103982.parquet,,,2026-07-20T15:34:10,2026-07-20T15:34:12,1.821
MDNAF,0001807983,success,575.0,data\facts\0001807983.parquet,,,2026-07-20T15:34:12,2026-07-20T15:34:13,1.088
MDNC,0001931055,success,3455.0,data\facts\0001931055.parquet,,,2026-07-20T15:34:14,2026-07-20T15:34:15,1.13
MDRR,0001654595,success,7620.0,data\facts\0001654595.parquet,,,2026-07-20T15:34:15,2026-07-20T15:34:16,1.259
MDT,0001613103,success,21007.0,data\facts\0001613103.parquet,,,2026-07-20T15:34:17,2026-07-20T15:34:18,1.36
MDU,0000067716,success,32171.0,data\facts\0000067716.parquet,,,2026-07-20T15:34:18,2026-07-20T15:34:20,1.759
MDV,0001645873,success,11803.0,data\facts\0001645873.parquet,,,2026-07-20T15:34:20,2026-07-20T15:34:22,1.448
MDWD,0001593984,success,6214.0,data\facts\0001593984.parquet,,,2026-07-20T15:34:22,2026-07-20T15:34:23,1.232
MDWK,0001295514,success,3170.0,data\facts\0001295514.parquet,,,2026-07-20T15:34:24,2026-07-20T15:34:25,1.124
MDXG,0001376339,success,19434.0,data\facts\0001376339.parquet,,,2026-07-20T15:34:25,2026-07-20T15:34:27,1.609
MDXH,0001872529,success,1986.0,data\facts\0001872529.parquet,,,2026-07-20T15:34:27,2026-07-20T15:34:28,1.083
MDY,0000936958,failed,,,HTTPError,404 Client Error: Not Found for url: https://data.sec.gov/api/xbrl/companyfacts/CIK0000936958.json,2026-07-20T15:34:28,2026-07-20T15:34:29,0.994
MEC,0001766368,success,8980.0,data\facts\0001766368.parquet,,,2026-07-20T15:34:30,2026-07-20T15:34:31,1.416
MECPF,0001945166,failed,,,HTTPError,404 Client Error: Not Found for url: https://data.sec.gov/api/xbrl/companyfacts/CIK0001945166.json,2026-07-20T15:34:31,2026-07-20T15:34:32,0.902
MED,0000910329,success,17632.0,data\facts\0000910329.parquet,,,2026-07-20T15:34:33,2026-07-20T15:34:34,1.453
MEDP,0001668397,success,13389.0,data\facts\0001668397.parquet,,,2026-07-20T15:34:34,2026-07-20T15:34:36,1.623
MEGI,0001855066,failed,,,ValueError,Company Facts에서 facts 데이터를 찾지 못했습니다.,2026-07-20T15:34:36,2026-07-20T15:34:37,0.953
MEGL,0001881472,success,1253.0,data\facts\0001881472.parquet,,,2026-07-20T15:34:38,2026-07-20T15:34:39,1.109
MEHA,0001837254,success,769.0,data\facts\0001837254.parquet,,,2026-07-20T15:34:39,2026-07-20T15:34:40,1.187
MEI,0000065270,success,18470.0,data\facts\0000065270.parquet,,,2026-07-20T15:34:40,2026-07-20T15:34:42,1.342
MEIUF,0001699967,failed,,,HTTPError,404 Client Error: Not Found for url: https://data.sec.gov/api/xbrl/companyfacts/CIK0001699967.json,2026-07-20T15:34:42,2026-07-20T15:34:43,0.898
MELI,0001099590,success,25693.0,data\facts\0001099590.parquet,,,2026-07-20T15:34:43,2026-07-20T15:34:45,1.511
MENS,0001954488,success,341.0,data\facts\0001954488.parquet,,,2026-07-20T15:34:45,2026-07-20T15:34:46,1.151
MEOH,0000886977,success,2938.0,data\facts\0000886977.parquet,,,2026-07-20T15:34:47,2026-07-20T15:34:48,1.06
MERC,0001333274,success,21238.0,data\facts\0001333274.parquet,,,2026-07-20T15:34:48,2026-07-20T15:34:49,1.542
MESH,0002081468,success,127.0,data\facts\0002081468.parquet,,,2026-07-20T15:34:50,2026-07-20T15:34:51,0.968
MESO,0001345099,success,7803.0,data\facts\0001345099.parquet,,,2026-07-20T15:34:51,2026-07-20T15:34:52,1.279
MET,0001099219,success,61925.0,data\facts\0001099219.parquet,,,2026-07-20T15:34:53,2026-07-20T15:34:55,2.366
META,0001326801,success,17730.0,data\facts\0001326801.parquet,,,2026-07-20T15:34:55,2026-07-20T15:34:57,1.39
METC,0001687187,success,9300.0,data\facts\0001687187.parquet,,,2026-07-20T15:34:57,2026-07-20T15:34:58,1.229
METRY,0002073643,failed,,,HTTPError,404 Client Error: Not Found for url: https://data.sec.gov/api/xbrl/companyfacts/CIK0002073643.json,2026-07-20T15:34:59,2026-07-20T15:35:00,0.934
MEVO,0002087361,success,75.0,data\facts\0002087361.parquet,,,2026-07-20T15:35:00,2026-07-20T15:35:01,1.001
MFA,0001055160,success,24764.0,data\facts\0001055160.parquet,,,2026-07-20T15:35:01,2026-07-20T15:35:03,1.541
MFBI,0002024899,success,2689.0,data\facts\0002024899.parquet,,,2026-07-20T15:35:03,2026-07-20T15:35:04,1.172
MFC,0001086888,success,3411.0,data\facts\0001086888.parquet,,,2026-07-20T15:35:04,2026-07-20T15:35:06,1.126
MFG,0001335730,success,20012.0,data\facts\0001335730.parquet,,,2026-07-20T15:35:06,2026-07-20T15:35:07,1.484
MFI,0001940941,success,2335.0,data\facts\0001940941.parquet,,,2026-07-20T15:35:08,2026-07-20T15:35:09,1.242
MFIC,0001278752,success,4916.0,data\facts\0001278752.parquet,,,2026-07-20T15:35:09,2026-07-20T15:35:10,1.083
MFIN,0001000209,success,17085.0,data\facts\0001000209.parquet,,,2026-07-20T15:35:11,2026-07-20T15:35:12,1.512
MFM,0000801961,failed,,,HTTPError,404 Client Error: Not Found for url: https://data.sec.gov/api/xbrl/companyfacts/CIK0000801961.json,2026-07-20T15:35:12,2026-07-20T15:35:13,0.941
MFON,0001447380,success,15110.0,data\facts\0001447380.parquet,,,2026-07-20T15:35:14,2026-07-20T15:35:15,1.386
MFP,0002088281,success,4.0,data\facts\0002088281.parquet,,,2026-07-20T15:35:15,2026-07-20T15:35:16,0.907
MG,0001436126,success,22246.0,data\facts\0001436126.parquet,,,2026-07-20T15:35:17,2026-07-20T15:35:18,1.539
MGA,0000749098,success,7746.0,data\facts\0000749098.parquet,,,2026-07-20T15:35:18,2026-07-20T15:35:20,1.186
MGAM,0001886362,success,3076.0,data\facts\0001886362.parquet,,,2026-07-20T15:35:20,2026-07-20T15:35:21,1.078
MGCLY,0002039784,failed,,,HTTPError,404 Client Error: Not Found for url: https://data.sec.gov/api/xbrl/companyfacts/CIK0002039784.json,2026-07-20T15:35:21,2026-07-20T15:35:22,0.91
MGEE,0001161728,success,21203.0,data\facts\0001161728.parquet,,,2026-07-20T15:35:22,2026-07-20T15:35:24,1.489
MGF,0000811922,failed,,,HTTPError,404 Client Error: Not Found for url: https://data.sec.gov/api/xbrl/companyfacts/CIK0000811922.json,2026-07-20T15:35:24,2026-07-20T15:35:25,1.036
MGHL,0001162283,success,6056.0,data\facts\0001162283.parquet,,,2026-07-20T15:35:26,2026-07-20T15:35:27,1.088
MGIH,0001903995,success,1002.0,data\facts\0001903995.parquet,,,2026-07-20T15:35:27,2026-07-20T15:35:28,1.086
MGLD,0001005101,success,16158.0,data\facts\0001005101.parquet,,,2026-07-20T15:35:28,2026-07-20T15:35:30,1.38
MGM,0000789570,success,25170.0,data\facts\0000789570.parquet,,,2026-07-20T15:35:30,2026-07-20T15:35:32,1.468
MGMNF,0001965615,failed,,,HTTPError,404 Client Error: Not Found for url: https://data.sec.gov/api/xbrl/companyfacts/CIK0001965615.json,2026-07-20T15:35:32,2026-07-20T15:35:33,0.869
MGN,0001995075,success,464.0,data\facts\0001995075.parquet,,,2026-07-20T15:35:33,2026-07-20T15:35:34,1.018
MGNC,0001949864,success,1110.0,data\facts\0001949864.parquet,,,2026-07-20T15:35:34,2026-07-20T15:35:35,1.114
MGNI,0001595974,success,17060.0,data\facts\0001595974.parquet,,,2026-07-20T15:35:36,2026-07-20T15:35:37,1.259
MGNO,0002033615,success,2250.0,data\facts\0002033615.parquet,,,2026-07-20T15:35:37,2026-07-20T15:35:38,1.047
MGNX,0001125345,success,12444.0,data\facts\0001125345.parquet,,,2026-07-20T15:35:39,2026-07-20T15:35:40,1.258
MGPI,0000835011,success,21837.0,data\facts\0000835011.parquet,,,2026-07-20T15:35:40,2026-07-20T15:35:42,1.418
MGRC,0000752714,success,18120.0,data\facts\0000752714.parquet,,,2026-07-20T15:35:42,2026-07-20T15:35:43,1.371
MGRT,0002033377,success,376.0,data\facts\0002033377.parquet,,,2026-07-20T15:35:44,2026-07-20T15:35:45,0.92
MGRX,0001938046,success,3341.0,data\facts\0001938046.parquet,,,2026-07-20T15:35:45,2026-07-20T15:35:46,1.142
MGSD,0002003750,success,1450.0,data\facts\0002003750.parquet,,,2026-07-20T15:35:46,2026-07-20T15:35:47,1.138
MGTE,0001965052,success,1118.0,data\facts\0001965052.parquet,,,2026-07-20T15:35:48,2026-07-20T15:35:49,0.955
MGTI,0001001601,success,12736.0,data\facts\0001001601.parquet,,,2026-07-20T15:35:49,2026-07-20T15:35:50,1.3
MGTX,0001735438,success,8795.0,data\facts\0001735438.parquet,,,2026-07-20T15:35:51,2026-07-20T15:35:52,1.2
MGX,0001785279,success,2461.0,data\facts\0001785279.parquet,,,2026-07-20T15:35:52,2026-07-20T15:35:53,1.143
MGY,0001698990,success,9275.0,data\facts\0001698990.parquet,,,2026-07-20T15:35:54,2026-07-20T15:35:55,1.184
MGYR,0001337068,success,23691.0,data\facts\0001337068.parquet,,,2026-07-20T15:35:55,2026-07-20T15:35:57,1.568
MH,0001951070,success,1461.0,data\facts\0001951070.parquet,,,2026-07-20T15:35:57,2026-07-20T15:35:58,1.132
MHD,0001034665,failed,,,HTTPError,404 Client Error: Not Found for url: https://data.sec.gov/api/xbrl/companyfacts/CIK0001034665.json,2026-07-20T15:35:58,2026-07-20T15:35:59,0.903
MHF,0000830487,failed,,,HTTPError,404 Client Error: Not Found for url: https://data.sec.gov/api/xbrl/companyfacts/CIK0000830487.json,2026-07-20T15:36:00,2026-07-20T15:36:00,0.882
MHH,0001437226,success,20391.0,data\facts\0001437226.parquet,,,2026-07-20T15:36:01,2026-07-20T15:36:02,1.46
MHK,0000851968,success,24523.0,data\facts\0000851968.parquet,,,2026-07-20T15:36:02,2026-07-20T15:36:04,1.481
MHLA,0001412100,success,23135.0,data\facts\0001412100.parquet,,,2026-07-20T15:36:04,2026-07-20T15:36:06,1.55
MHO,0000799292,success,19481.0,data\facts\0000799292.parquet,,,2026-07-20T15:36:06,2026-07-20T15:36:08,1.41
MHUAF,0001835615,success,3531.0,data\facts\0001835615.parquet,,,2026-07-20T15:36:08,2026-07-20T15:36:09,1.163
MHUBF,0001869137,failed,,,HTTPError,404 Client Error: Not Found for url: https://data.sec.gov/api/xbrl/companyfacts/CIK0001869137.json,2026-07-20T15:36:09,2026-07-20T15:36:10,1.039
MI,0001958713,success,952.0,data\facts\0001958713.parquet,,,2026-07-20T15:36:11,2026-07-20T15:36:12,1.019
MIAC,0002136530,success,3.0,data\facts\0002136530.parquet,,,2026-07-20T15:36:12,2026-07-20T15:36:13,0.998
MIAX,0001438472,success,1690.0,data\facts\0001438472.parquet,,,2026-07-20T15:36:13,2026-07-20T15:36:14,1.03
MIBE,0001872066,success,1320.0,data\facts\0001872066.parquet,,,2026-07-20T15:36:15,2026-07-20T15:36:16,1.013
MICC,0002071668,success,471.0,data\facts\0002071668.parquet,,,2026-07-20T15:36:16,2026-07-20T15:36:17,1.004
MIDD,0000769520,success,21947.0,data\facts\0000769520.parquet,,,2026-07-20T15:36:17,2026-07-20T15:36:19,1.487
MILIF,0001866460,failed,,,HTTPError,404 Client Error: Not Found for url: https://data.sec.gov/api/xbrl/companyfacts/CIK0001866460.json,2026-07-20T15:36:19,2026-07-20T15:36:20,0.933
MIMDF,0001920576,failed,,,HTTPError,404 Client Error: Not Found for url: https://data.sec.gov/api/xbrl/companyfacts/CIK0001920576.json,2026-07-20T15:36:20,2026-07-20T15:36:21,0.964
MIMI,0001998560,success,344.0,data\facts\0001998560.parquet,,,2026-07-20T15:36:22,2026-07-20T15:36:23,1.004
MIMTF,0001460447,failed,,,HTTPError,404 Client Error: Not Found for url: https://data.sec.gov/api/xbrl/companyfacts/CIK0001460447.json,2026-07-20T15:36:23,2026-07-20T15:36:24,0.953
MIN,0000826735,failed,,,HTTPError,404 Client Error: Not Found for url: https://data.sec.gov/api/xbrl/companyfacts/CIK0000826735.json,2026-07-20T15:36:24,2026-07-20T15:36:25,0.905
MINBY,0001034983,failed,,,HTTPError,404 Client Error: Not Found for url: https://data.sec.gov/api/xbrl/companyfacts/CIK0001034983.json,2026-07-20T15:36:25,2026-07-20T15:36:26,0.751
MIND,0000926423,success,18740.0,data\facts\0000926423.parquet,,,2026-07-20T15:36:26,2026-07-20T15:36:28,1.367
MINE,0001823255,success,5.0,data\facts\0001823255.parquet,,,2026-07-20T15:36:28,2026-07-20T15:36:29,0.812
MINR,0001854816,success,2026.0,data\facts\0001854816.parquet,,,2026-07-20T15:36:29,2026-07-20T15:36:30,1.012
MIR,0001809987,success,9369.0,data\facts\0001809987.parquet,,,2026-07-20T15:36:30,2026-07-20T15:36:32,1.209
MIRA,0001904286,success,1833.0,data\facts\0001904286.parquet,,,2026-07-20T15:36:32,2026-07-20T15:36:33,1.083
MIRM,0001759425,success,7531.0,data\facts\0001759425.parquet,,,2026-07-20T15:36:33,2026-07-20T15:36:35,1.228
MIST,0001408443,success,4778.0,data\facts\0001408443.parquet,,,2026-07-20T15:36:35,2026-07-20T15:36:36,0.99
MITI,0000802257,success,14454.0,data\facts\0000802257.parquet,,,2026-07-20T15:36:36,2026-07-20T15:36:37,1.322
MITK,0000807863,success,21465.0,data\facts\0000807863.parquet,,,2026-07-20T15:36:38,2026-07-20T15:36:39,1.479
MITQ,0001770236,success,5132.0,data\facts\0001770236.parquet,,,2026-07-20T15:36:40,2026-07-20T15:36:41,1.004
MITT,0001514281,success,18208.0,data\facts\0001514281.parquet,,,2026-07-20T15:36:41,2026-07-20T15:36:42,1.451
MITUF,0001446420,failed,,,HTTPError,404 Client Error: Not Found for url: https://data.sec.gov/api/xbrl/companyfacts/CIK0001446420.json,2026-07-20T15:36:43,2026-07-20T15:36:44,0.922
MIY,0000890393,failed,,,ValueError,Company Facts에서 facts 데이터를 찾지 못했습니다.,2026-07-20T15:36:44,2026-07-20T15:36:45,1.006
MKAR,0002052373,success,5.0,data\facts\0002052373.parquet,,,2026-07-20T15:36:45,2026-07-20T15:36:46,0.804
MKC,0000063754,success,22071.0,data\facts\0000063754.parquet,,,2026-07-20T15:36:46,2026-07-20T15:36:48,1.306
MKDW,0001991332,success,803.0,data\facts\0001991332.parquet,,,2026-07-20T15:36:48,2026-07-20T15:36:49,1.11
MKL,0001096343,success,28591.0,data\facts\0001096343.parquet,,,2026-07-20T15:36:49,2026-07-20T15:36:51,1.59
MKLY,0002067592,success,272.0,data\facts\0002067592.parquet,,,2026-07-20T15:36:51,2026-07-20T15:36:52,0.834
MKSI,0001049502,success,25347.0,data\facts\0001049502.parquet,,,2026-07-20T15:36:52,2026-07-20T15:36:54,1.433
MKTW,0001805651,success,7015.0,data\facts\0001805651.parquet,,,2026-07-20T15:36:54,2026-07-20T15:36:55,0.963
MKTX,0001278021,success,22453.0,data\facts\0001278021.parquet,,,2026-07-20T15:36:55,2026-07-20T15:36:57,1.379
MKZR,0001550913,success,6929.0,data\facts\0001550913.parquet,,,2026-07-20T15:36:57,2026-07-20T15:36:58,1.163
MLAA,0002094265,success,97.0,data\facts\0002094265.parquet,,,2026-07-20T15:36:58,2026-07-20T15:36:59,0.88
MLAB,0000724004,success,17966.0,data\facts\0000724004.parquet,,,2026-07-20T15:37:00,2026-07-20T15:37:01,1.08
MLCI,0002051820,success,965.0,data\facts\0002051820.parquet,,,2026-07-20T15:37:01,2026-07-20T15:37:02,0.969
MLCO,0001381640,success,9142.0,data\facts\0001381640.parquet,,,2026-07-20T15:37:02,2026-07-20T15:37:03,0.972
MLEC,0001937737,success,1706.0,data\facts\0001937737.parquet,,,2026-07-20T15:37:03,2026-07-20T15:37:04,0.946
MLGO,0001800392,success,3780.0,data\facts\0001800392.parquet,,,2026-07-20T15:37:05,2026-07-20T15:37:05,0.627
MLI,0000089439,success,22019.0,data\facts\0000089439.parquet,,,2026-07-20T15:37:05,2026-07-20T15:37:06,0.782
MLIZY,0002080003,failed,,,HTTPError,404 Client Error: Not Found for url: https://data.sec.gov/api/xbrl/companyfacts/CIK0002080003.json,2026-07-20T15:37:06,2026-07-20T15:37:07,0.5
MLKN,0000066382,success,25297.0,data\facts\0000066382.parquet,,,2026-07-20T15:37:07,2026-07-20T15:37:08,0.779
MLM,0000916076,success,26561.0,data\facts\0000916076.parquet,,,2026-07-20T15:37:08,2026-07-20T15:37:09,1.027
MLMC,0001099234,success,1550.0,data\facts\0001099234.parquet,,,2026-07-20T15:37:10,2026-07-20T15:37:10,0.582
MLP,0000063330,success,13777.0,data\facts\0000063330.parquet,,,2026-07-20T15:37:10,2026-07-20T15:37:11,1.066
MLR,0000924822,success,16623.0,data\facts\0000924822.parquet,,,2026-07-20T15:37:12,2026-07-20T15:37:13,1.033
MLSS,0000855683,success,12975.0,data\facts\0000855683.parquet,,,2026-07-20T15:37:13,2026-07-20T15:37:14,0.96
MLTX,0001821586,success,4960.0,data\facts\0001821586.parquet,,,2026-07-20T15:37:14,2026-07-20T15:37:15,0.981
MLYS,0001933414,success,2247.0,data\facts\0001933414.parquet,,,2026-07-20T15:37:16,2026-07-20T15:37:16,0.72
MMA,0001981519,success,512.0,data\facts\0001981519.parquet,,,2026-07-20T15:37:17,2026-07-20T15:37:17,0.898
MMCP,0001879293,success,2718.0,data\facts\0001879293.parquet,,,2026-07-20T15:37:18,2026-07-20T15:37:19,0.81
MMD,0001518557,failed,,,HTTPError,404 Client Error: Not Found for url: https://data.sec.gov/api/xbrl/companyfacts/CIK0001518557.json,2026-07-20T15:37:19,2026-07-20T15:37:20,0.865
MMED,0002062583,success,828.0,data\facts\0002062583.parquet,,,2026-07-20T15:37:20,2026-07-20T15:37:21,0.858
MMEX,0001440799,success,9861.0,data\facts\0001440799.parquet,,,2026-07-20T15:37:21,2026-07-20T15:37:22,1.019
MMI,0001578732,success,20743.0,data\facts\0001578732.parquet,,,2026-07-20T15:37:22,2026-07-20T15:37:24,1.244
MMLP,0001176334,success,19874.0,data\facts\0001176334.parquet,,,2026-07-20T15:37:24,2026-07-20T15:37:25,1.29
MMM,0000066740,success,34951.0,data\facts\0000066740.parquet,,,2026-07-20T15:37:25,2026-07-20T15:37:27,1.46
MMMW,0001117228,success,2267.0,data\facts\0001117228.parquet,,,2026-07-20T15:37:27,2026-07-20T15:37:28,0.797
MMS,0001032220,success,19473.0,data\facts\0001032220.parquet,,,2026-07-20T15:37:28,2026-07-20T15:37:29,1.126
MMSI,0000856982,success,24659.0,data\facts\0000856982.parquet,,,2026-07-20T15:37:30,2026-07-20T15:37:31,1.279
MMT,0000809173,failed,,,HTTPError,404 Client Error: Not Found for url: https://data.sec.gov/api/xbrl/companyfacts/CIK0000809173.json,2026-07-20T15:37:31,2026-07-20T15:37:32,0.659
MMTIF,0001085921,success,1949.0,data\facts\0001085921.parquet,,,2026-07-20T15:37:32,2026-07-20T15:37:33,0.988
MMTRS,0000066496,success,783.0,data\facts\0000066496.parquet,,,2026-07-20T15:37:33,2026-07-20T15:37:34,0.832
MMTX,0002077033,success,204.0,data\facts\0002077033.parquet,,,2026-07-20T15:37:35,2026-07-20T15:37:35,0.839
MMU,0000886043,failed,,,HTTPError,404 Client Error: Not Found for url: https://data.sec.gov/api/xbrl/companyfacts/CIK0000886043.json,2026-07-20T15:37:36,2026-07-20T15:37:36,0.656
MMXGY,0002109556,failed,,,HTTPError,404 Client Error: Not Found for url: https://data.sec.gov/api/xbrl/companyfacts/CIK0002109556.json,2026-07-20T15:37:37,2026-07-20T15:37:37,0.696
MMYT,0001495153,success,4475.0,data\facts\0001495153.parquet,,,2026-07-20T15:37:38,2026-07-20T15:37:38,0.804
MNDO,0001119083,success,5799.0,data\facts\0001119083.parquet,,,2026-07-20T15:37:39,2026-07-20T15:37:40,0.985
MNDR,0001976695,success,1779.0,data\facts\0001976695.parquet,,,2026-07-20T15:37:40,2026-07-20T15:37:41,0.847
MNDY,0001845338,success,2549.0,data\facts\0001845338.parquet,,,2026-07-20T15:37:41,2026-07-20T15:37:42,0.88
MNKD,0000899460,success,18764.0,data\facts\0000899460.parquet,,,2026-07-20T15:37:42,2026-07-20T15:37:43,1.254
MNOV,0001226616,success,12320.0,data\facts\0001226616.parquet,,,2026-07-20T15:37:44,2026-07-20T15:37:45,1.166
MNPR,0001645469,success,5639.0,data\facts\0001645469.parquet,,,2026-07-20T15:37:45,2026-07-20T15:37:46,0.993
MNR,0001980088,success,3441.0,data\facts\0001980088.parquet,,,2026-07-20T15:37:46,2026-07-20T15:37:47,0.824
MNRO,0000876427,success,19079.0,data\facts\0000876427.parquet,,,2026-07-20T15:37:48,2026-07-20T15:37:49,1.272
MNSB,0001693577,success,14016.0,data\facts\0001693577.parquet,,,2026-07-20T15:37:49,2026-07-20T15:37:50,1.197
MNSKY,0001584297,failed,,,HTTPError,404 Client Error: Not Found for url: https://data.sec.gov/api/xbrl/companyfacts/CIK0001584297.json,2026-07-20T15:37:51,2026-07-20T15:37:51,0.886
MNSO,0001815846,success,3620.0,data\facts\0001815846.parquet,,,2026-07-20T15:37:52,2026-07-20T15:37:53,0.901
MNST,0000865752,success,21550.0,data\facts\0000865752.parquet,,,2026-07-20T15:37:53,2026-07-20T15:37:54,1.193
MNTGY,0002123346,failed,,,HTTPError,404 Client Error: Not Found for url: https://data.sec.gov/api/xbrl/companyfacts/CIK0002123346.json,2026-07-20T15:37:54,2026-07-20T15:37:55,0.856
MNTK,0001826600,success,6772.0,data\facts\0001826600.parquet,,,2026-07-20T15:37:56,2026-07-20T15:37:57,1.029
MNTN,0001891027,success,1166.0,data\facts\0001891027.parquet,,,2026-07-20T15:37:57,2026-07-20T15:37:58,0.802
MNTR,0001599117,success,13132.0,data\facts\0001599117.parquet,,,2026-07-20T15:37:58,2026-07-20T15:37:59,1.223
MNTS,0001781162,success,7350.0,data\facts\0001781162.parquet,,,2026-07-20T15:37:59,2026-07-20T15:38:00,1.087
MNY,0001974044,success,1016.0,data\facts\0001974044.parquet,,,2026-07-20T15:38:01,2026-07-20T15:38:02,0.865
MNYCY,0002131961,failed,,,HTTPError,404 Client Error: Not Found for url: https://data.sec.gov/api/xbrl/companyfacts/CIK0002131961.json,2026-07-20T15:38:02,2026-07-20T15:38:03,0.629
MNZLY,0002062807,failed,,,HTTPError,404 Client Error: Not Found for url: https://data.sec.gov/api/xbrl/companyfacts/CIK0002062807.json,2026-07-20T15:38:03,2026-07-20T15:38:04,0.77
MNZO,0001119949,failed,,,HTTPError,404 Client Error: Not Found for url: https://data.sec.gov/api/xbrl/companyfacts/CIK0001119949.json,2026-07-20T15:38:04,2026-07-20T15:38:05,0.666
MO,0000764180,success,24620.0,data\facts\0000764180.parquet,,,2026-07-20T15:38:05,2026-07-20T15:38:06,1.374
MOB,0001898643,success,2111.0,data\facts\0001898643.parquet,,,2026-07-20T15:38:07,2026-07-20T15:38:07,0.879
MOBI,0001489993,success,240.0,data\facts\0001489993.parquet,,,2026-07-20T15:38:08,2026-07-20T15:38:08,0.772
MOBQ,0001084267,success,13458.0,data\facts\0001084267.parquet,,,2026-07-20T15:38:09,2026-07-20T15:38:10,1.205
MOBX,0001855467,success,5378.0,data\facts\0001855467.parquet,,,2026-07-20T15:38:10,2026-07-20T15:38:11,0.799
MOD,0000067347,success,24685.0,data\facts\0000067347.parquet,,,2026-07-20T15:38:11,2026-07-20T15:38:13,1.302
MODD,0001074871,success,9568.0,data\facts\0001074871.parquet,,,2026-07-20T15:38:13,2026-07-20T15:38:14,1.073
MOG-A,0000067887,success,26800.0,data\facts\0000067887.parquet,,,2026-07-20T15:38:14,2026-07-20T15:38:15,1.131
MOGMF,0002011589,failed,,,HTTPError,404 Client Error: Not Found for url: https://data.sec.gov/api/xbrl/companyfacts/CIK0002011589.json,2026-07-20T15:38:16,2026-07-20T15:38:16,0.748
MOGU,0001743971,success,4021.0,data\facts\0001743971.parquet,,,2026-07-20T15:38:17,2026-07-20T15:38:17,0.81
MOH,0001179929,success,24499.0,data\facts\0001179929.parquet,,,2026-07-20T15:38:18,2026-07-20T15:38:19,1.368
MOJO,0001414953,success,8270.0,data\facts\0001414953.parquet,,,2026-07-20T15:38:19,2026-07-20T15:38:21,1.144
MOLN,0001745114,success,2845.0,data\facts\0001745114.parquet,,,2026-07-20T15:38:21,2026-07-20T15:38:22,0.708
MOMO,0001610601,success,5551.0,data\facts\0001610601.parquet,,,2026-07-20T15:38:22,2026-07-20T15:38:23,1.002
MONRF,0001605755,failed,,,HTTPError,404 Client Error: Not Found for url: https://data.sec.gov/api/xbrl/companyfacts/CIK0001605755.json,2026-07-20T15:38:23,2026-07-20T15:38:24,0.617
MORN,0001289419,success,26209.0,data\facts\0001289419.parquet,,,2026-07-20T15:38:24,2026-07-20T15:38:25,1.261
MOS,0001285785,success,29369.0,data\facts\0001285785.parquet,,,2026-07-20T15:38:26,2026-07-20T15:38:27,1.391
MOT,0002099681,success,13.0,data\facts\0002099681.parquet,,,2026-07-20T15:38:27,2026-07-20T15:38:28,0.7
MOV,0000072573,success,24267.0,data\facts\0000072573.parquet,,,2026-07-20T15:38:28,2026-07-20T15:38:29,1.226
MOVE,0001734750,success,5330.0,data\facts\0001734750.parquet,,,2026-07-20T15:38:30,2026-07-20T15:38:31,1.084
MP,0001801368,success,8782.0,data\facts\0001801368.parquet,,,2026-07-20T15:38:31,2026-07-20T15:38:32,0.84
MPA,0000891038,failed,,,ValueError,Company Facts에서 facts 데이터를 찾지 못했습니다.,2026-07-20T15:38:32,2026-07-20T15:38:33,0.722
MPAA,0000918251,success,22614.0,data\facts\0000918251.parquet,,,2026-07-20T15:38:33,2026-07-20T15:38:34,1.02
MPB,0000879635,success,31215.0,data\facts\0000879635.parquet,,,2026-07-20T15:38:34,2026-07-20T15:38:36,1.513
MPC,0001510295,success,27742.0,data\facts\0001510295.parquet,,,2026-07-20T15:38:36,2026-07-20T15:38:38,1.343
MPJPY,0002100603,failed,,,HTTPError,404 Client Error: Not Found for url: https://data.sec.gov/api/xbrl/companyfacts/CIK0002100603.json,2026-07-20T15:38:38,2026-07-20T15:38:38,0.637
MPLT,0001770069,success,714.0,data\facts\0001770069.parquet,,,2026-07-20T15:38:39,2026-07-20T15:38:40,0.902
MPLX,0001552000,success,18668.0,data\facts\0001552000.parquet,,,2026-07-20T15:38:40,2026-07-20T15:38:41,1.118
MPNGF,0001754088,failed,,,HTTPError,404 Client Error: Not Found for url: https://data.sec.gov/api/xbrl/companyfacts/CIK0001754088.json,2026-07-20T15:38:41,2026-07-20T15:38:42,0.679
MPT,0001287865,success,18621.0,data\facts\0001287865.parquet,,,2026-07-20T15:38:42,2026-07-20T15:38:44,1.225
MPTI,0001902314,success,3653.0,data\facts\0001902314.parquet,,,2026-07-20T15:38:44,2026-07-20T15:38:45,0.839
MPU,0001953021,success,1212.0,data\facts\0001953021.parquet,,,2026-07-20T15:38:45,2026-07-20T15:38:46,0.865
MPV,0000831655,failed,,,HTTPError,404 Client Error: Not Found for url: https://data.sec.gov/api/xbrl/companyfacts/CIK0000831655.json,2026-07-20T15:38:46,2026-07-20T15:38:47,0.709
MPWR,0001280452,success,23502.0,data\facts\0001280452.parquet,,,2026-07-20T15:38:47,2026-07-20T15:38:49,1.462
MQ,0001522540,success,7582.0,data\facts\0001522540.parquet,,,2026-07-20T15:38:49,2026-07-20T15:38:50,1.071
MQY,0000890196,failed,,,ValueError,Company Facts에서 facts 데이터를 찾지 못했습니다.,2026-07-20T15:38:50,2026-07-20T15:38:51,0.679
MRAAF,0001450468,failed,,,HTTPError,404 Client Error: Not Found for url: https://data.sec.gov/api/xbrl/companyfacts/CIK0001450468.json,2026-07-20T15:38:51,2026-07-20T15:38:52,0.847
MRAI,0001844392,success,5244.0,data\facts\0001844392.parquet,,,2026-07-20T15:38:52,2026-07-20T15:38:53,0.986
MRAM,0001438423,success,9818.0,data\facts\0001438423.parquet,,,2026-07-20T15:38:53,2026-07-20T15:38:54,0.915
MRBK,0001750735,success,15275.0,data\facts\0001750735.parquet,,,2026-07-20T15:38:55,2026-07-20T15:38:56,0.913
MRCIF,0001752564,failed,,,HTTPError,404 Client Error: Not Found for url: https://data.sec.gov/api/xbrl/companyfacts/CIK0001752564.json,2026-07-20T15:38:56,2026-07-20T15:38:57,0.942
MRCL,0002029014,success,691.0,data\facts\0002029014.parquet,,,2026-07-20T15:38:57,2026-07-20T15:38:58,0.668
MRCO,0002106436,success,5.0,data\facts\0002106436.parquet,,,2026-07-20T15:38:58,2026-07-20T15:38:59,0.937
MRCY,0001049521,success,20497.0,data\facts\0001049521.parquet,,,2026-07-20T15:38:59,2026-07-20T15:39:00,1.165
MRDN,0001437925,success,14152.0,data\facts\0001437925.parquet,,,2026-07-20T15:39:01,2026-07-20T15:39:02,0.885
MREGY,0002063417,failed,,,HTTPError,404 Client Error: Not Found for url: https://data.sec.gov/api/xbrl/companyfacts/CIK0002063417.json,2026-07-20T15:39:02,2026-07-20T15:39:03,0.752
MREO,0001719714,success,4606.0,data\facts\0001719714.parquet,,,2026-07-20T15:39:03,2026-07-20T15:39:04,0.919
MRK,0000310158,success,29021.0,data\facts\0000310158.parquet,,,2026-07-20T15:39:04,2026-07-20T15:39:05,1.247
MRKR,0001094038,success,10921.0,data\facts\0001094038.parquet,,,2026-07-20T15:39:06,2026-07-20T15:39:07,1.169
MRLN,0002028707,success,766.0,data\facts\0002028707.parquet,,,2026-07-20T15:39:07,2026-07-20T15:39:08,0.768
MRM,0001819704,success,2433.0,data\facts\0001819704.parquet,,,2026-07-20T15:39:08,2026-07-20T15:39:09,0.788
MRMD,0001522767,success,14630.0,data\facts\0001522767.parquet,,,2026-07-20T15:39:09,2026-07-20T15:39:11,1.251
MRNA,0001682852,success,11794.0,data\facts\0001682852.parquet,,,2026-07-20T15:39:11,2026-07-20T15:39:12,1.104
MRNO,0001988776,success,1160.0,data\facts\0001988776.parquet,,,2026-07-20T15:39:12,2026-07-20T15:39:13,0.786
MROSY,0001516535,failed,,,HTTPError,404 Client Error: Not Found for url: https://data.sec.gov/api/xbrl/companyfacts/CIK0001516535.json,2026-07-20T15:39:13,2026-07-20T15:39:14,0.831
MRP,0002017206,success,791.0,data\facts\0002017206.parquet,,,2026-07-20T15:39:14,2026-07-20T15:39:15,0.761
MRPT,0001143994,success,106.0,data\facts\0001143994.parquet,,,2026-07-20T15:39:15,2026-07-20T15:39:16,0.915
MRRDF,0001839886,failed,,,HTTPError,404 Client Error: Not Found for url: https://data.sec.gov/api/xbrl/companyfacts/CIK0001839886.json,2026-07-20T15:39:17,2026-07-20T15:39:17,0.682
MRSH,0000062709,success,33319.0,data\facts\0000062709.parquet,,,2026-07-20T15:39:18,2026-07-20T15:39:19,1.57
MRT,0001852767,success,2049.0,data\facts\0001852767.parquet,,,2026-07-20T15:39:19,2026-07-20T15:39:20,0.986
MRTN,0000799167,success,14966.0,data\facts\0000799167.parquet,,,2026-07-20T15:39:21,2026-07-20T15:39:22,1.043
MRUWY,0002093667,failed,,,HTTPError,404 Client Error: Not Found for url: https://data.sec.gov/api/xbrl/companyfacts/CIK0002093667.json,2026-07-20T15:39:22,2026-07-20T15:39:23,0.647
MRVI,0001823239,success,7939.0,data\facts\0001823239.parquet,,,2026-07-20T15:39:23,2026-07-20T15:39:24,1.076
MRVL,0001835632,success,8059.0,data\facts\0001835632.parquet,,,2026-07-20T15:39:24,2026-07-20T15:39:25,0.801
MRX,0001997464,success,1186.0,data\facts\0001997464.parquet,,,2026-07-20T15:39:25,2026-07-20T15:39:26,0.93
MRZLF,0001301854,failed,,,HTTPError,404 Client Error: Not Found for url: https://data.sec.gov/api/xbrl/companyfacts/CIK0001301854.json,2026-07-20T15:39:27,2026-07-20T15:39:27,0.624
MS,0000895421,success,46730.0,data\facts\0000895421.parquet,,,2026-07-20T15:39:28,2026-07-20T15:39:29,1.587
MSA,0000066570,success,26137.0,data\facts\0000066570.parquet,,,2026-07-20T15:39:29,2026-07-20T15:39:31,1.291
MSAI,0001863990,success,3347.0,data\facts\0001863990.parquet,,,2026-07-20T15:39:31,2026-07-20T15:39:32,0.801
MSAV,0002099338,success,5.0,data\facts\0002099338.parquet,,,2026-07-20T15:39:32,2026-07-20T15:39:33,0.988
MSB,0000065172,success,5083.0,data\facts\0000065172.parquet,,,2026-07-20T15:39:33,2026-07-20T15:39:34,0.827
MSBB,0001967306,success,5408.0,data\facts\0001967306.parquet,,,2026-07-20T15:39:34,2026-07-20T15:39:36,1.077
MSBI,0001466026,success,23719.0,data\facts\0001466026.parquet,,,2026-07-20T15:39:36,2026-07-20T15:39:37,1.081
MSBT,0002103612,failed,,,HTTPError,404 Client Error: Not Found for url: https://data.sec.gov/api/xbrl/companyfacts/CIK0002103612.json,2026-07-20T15:39:37,2026-07-20T15:39:38,0.72
MSC,0001713334,success,2760.0,data\facts\0001713334.parquet,,,2026-07-20T15:39:38,2026-07-20T15:39:39,0.975
MSCI,0001408198,success,27223.0,data\facts\0001408198.parquet,,,2026-07-20T15:39:39,2026-07-20T15:39:41,1.338
MSD,0000904112,failed,,,HTTPError,404 Client Error: Not Found for url: https://data.sec.gov/api/xbrl/companyfacts/CIK0000904112.json,2026-07-20T15:39:41,2026-07-20T15:39:42,0.644
MSDL,0001782524,success,3856.0,data\facts\0001782524.parquet,,,2026-07-20T15:39:42,2026-07-20T15:39:43,0.816
MSEX,0000066004,success,19510.0,data\facts\0000066004.parquet,,,2026-07-20T15:39:43,2026-07-20T15:39:44,1.079
MSFT,0000789019,success,32070.0,data\facts\0000789019.parquet,,,2026-07-20T15:39:44,2026-07-20T15:39:46,1.474
MSGE,0001952073,success,4136.0,data\facts\0001952073.parquet,,,2026-07-20T15:39:46,2026-07-20T15:39:47,1.023
MSGM,0001821175,success,5255.0,data\facts\0001821175.parquet,,,2026-07-20T15:39:48,2026-07-20T15:39:49,0.921
MSGS,0001636519,success,15925.0,data\facts\0001636519.parquet,,,2026-07-20T15:39:49,2026-07-20T15:39:50,1.224
MSGY,0002020228,success,398.0,data\facts\0002020228.parquet,,,2026-07-20T15:39:50,2026-07-20T15:39:51,0.815
MSH,0002137634,success,5.0,data\facts\0002137634.parquet,,,2026-07-20T15:39:51,2026-07-20T15:39:52,0.904
MSI,0000068505,success,35199.0,data\facts\0000068505.parquet,,,2026-07-20T15:39:53,2026-07-20T15:39:54,1.848
MSIF,0001535778,success,4016.0,data\facts\0001535778.parquet,,,2026-07-20T15:39:55,2026-07-20T15:39:56,1.082
MSLE,0001421642,success,233.0,data\facts\0001421642.parquet,,,2026-07-20T15:39:56,2026-07-20T15:39:57,0.996
MSM,0001003078,success,20154.0,data\facts\0001003078.parquet,,,2026-07-20T15:39:57,2026-07-20T15:39:59,1.361
MSN,0000032621,success,12862.0,data\facts\0000032621.parquet,,,2026-07-20T15:39:59,2026-07-20T15:40:00,1.39
MSPR,0001802450,success,3234.0,data\facts\0001802450.parquet,,,2026-07-20T15:40:01,2026-07-20T15:40:02,0.949
MSS,0001892292,success,4949.0,data\facts\0001892292.parquet,,,2026-07-20T15:40:02,2026-07-20T15:40:03,1.022
MSSAF,0001882464,success,2555.0,data\facts\0001882464.parquet,,,2026-07-20T15:40:03,2026-07-20T15:40:04,0.795
MSSHY,0002087844,failed,,,HTTPError,404 Client Error: Not Found for url: https://data.sec.gov/api/xbrl/companyfacts/CIK0002087844.json,2026-07-20T15:40:04,2026-07-20T15:40:05,0.685
MSTR,0001050446,success,19546.0,data\facts\0001050446.parquet,,,2026-07-20T15:40:05,2026-07-20T15:40:06,1.261
MSUXF,0001710864,failed,,,HTTPError,404 Client Error: Not Found for url: https://data.sec.gov/api/xbrl/companyfacts/CIK0001710864.json,2026-07-20T15:40:07,2026-07-20T15:40:08,0.736
MSYND,0001693687,success,3178.0,data\facts\0001693687.parquet,,,2026-07-20T15:40:08,2026-07-20T15:40:09,1.104
MT,0001243429,success,7983.0,data\facts\0001243429.parquet,,,2026-07-20T15:40:09,2026-07-20T15:40:10,0.997
MTA,0001722606,success,2190.0,data\facts\0001722606.parquet,,,2026-07-20T15:40:11,2026-07-20T15:40:11,0.861
MTAK,0002133136,success,5.0,data\facts\0002133136.parquet,,,2026-07-20T15:40:12,2026-07-20T15:40:12,0.666
MTAL,0002107724,success,60.0,data\facts\0002107724.parquet,,,2026-07-20T15:40:13,2026-07-20T15:40:13,0.813
MTB,0000036270,success,39886.0,data\facts\0000036270.parquet,,,2026-07-20T15:40:14,2026-07-20T15:40:15,1.403
MTC,0001742518,success,2686.0,data\facts\0001742518.parquet,,,2026-07-20T15:40:15,2026-07-20T15:40:16,0.978
MTCH,0000891103,success,29778.0,data\facts\0000891103.parquet,,,2026-07-20T15:40:17,2026-07-20T15:40:18,1.278
MTD,0001037646,success,24147.0,data\facts\0001037646.parquet,,,2026-07-20T15:40:18,2026-07-20T15:40:19,1.139
MTDR,0001520006,success,19558.0,data\facts\0001520006.parquet,,,2026-07-20T15:40:20,2026-07-20T15:40:21,1.043
MTEK,0001872964,success,2241.0,data\facts\0001872964.parquet,,,2026-07-20T15:40:21,2026-07-20T15:40:22,0.95
MTEN,0001948099,success,1900.0,data\facts\0001948099.parquet,,,2026-07-20T15:40:22,2026-07-20T15:40:23,0.943
MTEX,0001056358,success,21587.0,data\facts\0001056358.parquet,,,2026-07-20T15:40:23,2026-07-20T15:40:25,1.37
MTG,0000876437,success,23714.0,data\facts\0000876437.parquet,,,2026-07-20T15:40:25,2026-07-20T15:40:26,1.32
MTGLY,0002128448,failed,,,HTTPError,404 Client Error: Not Found for url: https://data.sec.gov/api/xbrl/companyfacts/CIK0002128448.json,2026-07-20T15:40:27,2026-07-20T15:40:27,0.713
MTGRF,0001537543,failed,,,HTTPError,404 Client Error: Not Found for url: https://data.sec.gov/api/xbrl/companyfacts/CIK0001537543.json,2026-07-20T15:40:28,2026-07-20T15:40:28,0.794
MTH,0000833079,success,18591.0,data\facts\0000833079.parquet,,,2026-07-20T15:40:29,2026-07-20T15:40:30,1.213
MTLK,0001098462,success,2130.0,data\facts\0001098462.parquet,,,2026-07-20T15:40:30,2026-07-20T15:40:31,0.795
MTLMY,0002091028,failed,,,HTTPError,404 Client Error: Not Found for url: https://data.sec.gov/api/xbrl/companyfacts/CIK0002091028.json,2026-07-20T15:40:31,2026-07-20T15:40:32,0.685
MTLS,0001091223,success,3398.0,data\facts\0001091223.parquet,,,2026-07-20T15:40:32,2026-07-20T15:40:33,1.012
MTMTY,0002090231,failed,,,HTTPError,404 Client Error: Not Found for url: https://data.sec.gov/api/xbrl/companyfacts/CIK0002090231.json,2026-07-20T15:40:34,2026-07-20T15:40:34,0.841
MTMV,0001393044,success,469.0,data\facts\0001393044.parquet,,,2026-07-20T15:40:35,2026-07-20T15:40:35,0.722
MTN,0000812011,success,25408.0,data\facts\0000812011.parquet,,,2026-07-20T15:40:36,2026-07-20T15:40:37,1.276
MTNB,0001582554,success,11632.0,data\facts\0001582554.parquet,,,2026-07-20T15:40:37,2026-07-20T15:40:39,1.231
MTNE,0002044817,success,66.0,data\facts\0002044817.parquet,,,2026-07-20T15:40:39,2026-07-20T15:40:40,0.877
MTR,0000313364,failed,,,HTTPError,404 Client Error: Not Found for url: https://data.sec.gov/api/xbrl/companyfacts/CIK0000313364.json,2026-07-20T15:40:40,2026-07-20T15:40:41,0.872
MTRN,0001104657,success,22992.0,data\facts\0001104657.parquet,,,2026-07-20T15:40:41,2026-07-20T15:40:43,1.465
MTRX,0000866273,success,20750.0,data\facts\0000866273.parquet,,,2026-07-20T15:40:43,2026-07-20T15:40:44,1.093
MTSI,0001493594,success,22679.0,data\facts\0001493594.parquet,,,2026-07-20T15:40:44,2026-07-20T15:40:46,1.221
MTTAF,0001999111,failed,,,HTTPError,404 Client Error: Not Found for url: https://data.sec.gov/api/xbrl/companyfacts/CIK0001999111.json,2026-07-20T15:40:46,2026-07-20T15:40:46,0.637
MTUS,0001598428,success,16510.0,data\facts\0001598428.parquet,,,2026-07-20T15:40:47,2026-07-20T15:40:48,1.067
MTVA,0001638287,success,7816.0,data\facts\0001638287.parquet,,,2026-07-20T15:40:48,2026-07-20T15:40:49,0.983
MTW,0000061986,success,25334.0,data\facts\0000061986.parquet,,,2026-07-20T15:40:49,2026-07-20T15:40:51,1.241
MTWO,0001753373,success,3052.0,data\facts\0001753373.parquet,,,2026-07-20T15:40:51,2026-07-20T15:40:52,0.972
MTX,0000891014,success,23472.0,data\facts\0000891014.parquet,,,2026-07-20T15:40:52,2026-07-20T15:40:53,1.093
MTZ,0000015615,success,26207.0,data\facts\0000015615.parquet,,,2026-07-20T15:40:53,2026-07-20T15:40:54,1.033
MU,0000723125,success,27074.0,data\facts\0000723125.parquet,,,2026-07-20T15:40:55,2026-07-20T15:40:56,1.262
MUA,0000901243,success,27.0,data\facts\0000901243.parquet,,,2026-07-20T15:40:56,2026-07-20T15:40:57,0.682
MUC,0001051004,failed,,,ValueError,Company Facts에서 facts 데이터를 찾지 못했습니다.,2026-07-20T15:40:57,2026-07-20T15:40:58,0.694
MUFG,0000067088,success,22103.0,data\facts\0000067088.parquet,,,2026-07-20T15:40:58,2026-07-20T15:41:00,1.321
MUJ,0001053988,failed,,,ValueError,Company Facts에서 facts 데이터를 찾지 못했습니다.,2026-07-20T15:41:00,2026-07-20T15:41:00,0.676
MUR,0000717423,success,28702.0,data\facts\0000717423.parquet,,,2026-07-20T15:41:01,2026-07-20T15:41:02,1.47
MUSA,0001573516,success,19308.0,data\facts\0001573516.parquet,,,2026-07-20T15:41:03,2026-07-20T15:41:04,1.09
MUX,0000314203,success,17542.0,data\facts\0000314203.parquet,,,2026-07-20T15:41:04,2026-07-20T15:41:05,1.184
MUYNY,0002123524,failed,,,HTTPError,404 Client Error: Not Found for url: https://data.sec.gov/api/xbrl/companyfacts/CIK0002123524.json,2026-07-20T15:41:05,2026-07-20T15:41:06,0.639
MUZE,0002093484,success,101.0,data\facts\0002093484.parquet,,,2026-07-20T15:41:06,2026-07-20T15:41:07,0.665
MVBF,0001277902,success,34086.0,data\facts\0001277902.parquet,,,2026-07-20T15:41:07,2026-07-20T15:41:09,1.478
MVCO,0000924095,success,2256.0,data\facts\0000924095.parquet,,,2026-07-20T15:41:09,2026-07-20T15:41:10,0.877
MVIS,0000065770,success,17280.0,data\facts\0000065770.parquet,,,2026-07-20T15:41:10,2026-07-20T15:41:11,1.087
MVNC,0001439264,success,7376.0,data\facts\0001439264.parquet,,,2026-07-20T15:41:11,2026-07-20T15:41:13,1.194
MVO,0001371782,failed,,,HTTPError,404 Client Error: Not Found for url: https://data.sec.gov/api/xbrl/companyfacts/CIK0001371782.json,2026-07-20T15:41:13,2026-07-20T15:41:14,0.802
MVST,0001760689,success,9439.0,data\facts\0001760689.parquet,,,2026-07-20T15:41:14,2026-07-20T15:41:15,0.931
MWA,0001350593,success,26543.0,data\facts\0001350593.parquet,,,2026-07-20T15:41:15,2026-07-20T15:41:16,1.175
MWAI,0001520118,success,9658.0,data\facts\0001520118.parquet,,,2026-07-20T15:41:17,2026-07-20T15:41:18,1.025
MWC,0002083526,success,726.0,data\facts\0002083526.parquet,,,2026-07-20T15:41:18,2026-07-20T15:41:19,0.964
MWG,0001941500,success,1165.0,data\facts\0001941500.parquet,,,2026-07-20T15:41:19,2026-07-20T15:41:20,0.785
MWH,0002065636,success,207.0,data\facts\0002065636.parquet,,,2026-07-20T15:41:20,2026-07-20T15:41:21,0.863
MWYN,0002030522,success,1630.0,data\facts\0002030522.parquet,,,2026-07-20T15:41:21,2026-07-20T15:41:22,0.916
MX,0001325702,success,22299.0,data\facts\0001325702.parquet,,,2026-07-20T15:41:23,2026-07-20T15:41:24,1.168
MXC,0000066418,success,14616.0,data\facts\0000066418.parquet,,,2026-07-20T15:41:24,2026-07-20T15:41:25,0.949
MXCT,0001287098,success,5496.0,data\facts\0001287098.parquet,,,2026-07-20T15:41:25,2026-07-20T15:41:26,0.98
MXE,0000863900,failed,,,ValueError,Company Facts에서 facts 데이터를 찾지 못했습니다.,2026-07-20T15:41:27,2026-07-20T15:41:27,0.717
MXF,0000065433,failed,,,ValueError,Company Facts에서 facts 데이터를 찾지 못했습니다.,2026-07-20T15:41:28,2026-07-20T15:41:28,0.704
MXL,0001288469,success,22894.0,data\facts\0001288469.parquet,,,2026-07-20T15:41:29,2026-07-20T15:41:30,1.079
MXUBY,0002061911,failed,,,HTTPError,404 Client Error: Not Found for url: https://data.sec.gov/api/xbrl/companyfacts/CIK0002061911.json,2026-07-20T15:41:30,2026-07-20T15:41:31,0.745
MYCB,0001556801,success,6445.0,data\facts\0001556801.parquet,,,2026-07-20T15:41:31,2026-07-20T15:41:32,0.897
MYCRY,0002032399,failed,,,HTTPError,404 Client Error: Not Found for url: https://data.sec.gov/api/xbrl/companyfacts/CIK0002032399.json,2026-07-20T15:41:32,2026-07-20T15:41:33,0.876
MYE,0000069488,success,21929.0,data\facts\0000069488.parquet,,,2026-07-20T15:41:33,2026-07-20T15:41:34,0.915
MYFW,0001327607,success,14943.0,data\facts\0001327607.parquet,,,2026-07-20T15:41:35,2026-07-20T15:41:36,1.205
MYGN,0000899923,success,23662.0,data\facts\0000899923.parquet,,,2026-07-20T15:41:36,2026-07-20T15:41:37,1.199
MYI,0000883412,failed,,,ValueError,Company Facts에서 facts 데이터를 찾지 못했습니다.,2026-07-20T15:41:37,2026-07-20T15:41:38,0.662
MYN,0000882150,failed,,,HTTPError,404 Client Error: Not Found for url: https://data.sec.gov/api/xbrl/companyfacts/CIK0000882150.json,2026-07-20T15:41:38,2026-07-20T15:41:39,0.819
MYND,0001708441,success,5581.0,data\facts\0001708441.parquet,,,2026-07-20T15:41:40,2026-07-20T15:41:40,0.819
MYO,0001369290,success,9931.0,data\facts\0001369290.parquet,,,2026-07-20T15:41:41,2026-07-20T15:41:42,1.033
MYPS,0001823878,success,7391.0,data\facts\0001823878.parquet,,,2026-07-20T15:41:42,2026-07-20T15:41:43,0.877
MYRG,0000700923,success,19874.0,data\facts\0000700923.parquet,,,2026-07-20T15:41:43,2026-07-20T15:41:44,1.225
MYSE,0001648960,success,4585.0,data\facts\0001648960.parquet,,,2026-07-20T15:41:45,2026-07-20T15:41:46,1.169
MYSZ,0001211805,success,8875.0,data\facts\0001211805.parquet,,,2026-07-20T15:41:46,2026-07-20T15:41:47,0.74
MYX,0002080087,success,64.0,data\facts\0002080087.parquet,,,2026-07-20T15:41:47,2026-07-20T15:41:48,0.837
MZTI,0000057515,success,17223.0,data\facts\0000057515.parquet,,,2026-07-20T15:41:48,2026-07-20T15:41:49,0.956
MZYX,0002097376,success,57.0,data\facts\0002097376.parquet,,,2026-07-20T15:41:49,2026-07-20T15:41:50,0.979
NAAS,0001712178,success,5411.0,data\facts\0001712178.parquet,,,2026-07-20T15:41:51,2026-07-20T15:41:52,0.897
NABL,0001834488,success,6916.0,data\facts\0001834488.parquet,,,2026-07-20T15:41:52,2026-07-20T15:41:53,0.829
NAC,0001074952,success,16.0,data\facts\0001074952.parquet,,,2026-07-20T15:41:53,2026-07-20T15:41:54,0.763
NAD,0001083839,failed,,,HTTPError,404 Client Error: Not Found for url: https://data.sec.gov/api/xbrl/companyfacts/CIK0001083839.json,2026-07-20T15:41:54,2026-07-20T15:41:55,0.614
NAFS,0001409253,success,2558.0,data\facts\0001409253.parquet,,,2026-07-20T15:41:55,2026-07-20T15:41:56,0.934
NAGE,0001386570,success,16193.0,data\facts\0001386570.parquet,,,2026-07-20T15:41:56,2026-07-20T15:41:57,1.215
NAII,0000787253,success,16434.0,data\facts\0000787253.parquet,,,2026-07-20T15:41:58,2026-07-20T15:41:59,1.129
NAK,0001164771,success,1530.0,data\facts\0001164771.parquet,,,2026-07-20T15:41:59,2026-07-20T15:42:00,0.914
NAKA,0001946573,success,2047.0,data\facts\0001946573.parquet,,,2026-07-20T15:42:00,2026-07-20T15:42:01,0.895
NALG,0001059689,failed,,,HTTPError,404 Client Error: Not Found for url: https://data.sec.gov/api/xbrl/companyfacts/CIK0001059689.json,2026-07-20T15:42:01,2026-07-20T15:42:02,0.694
NAMI,0001967631,success,1353.0,data\facts\0001967631.parquet,,,2026-07-20T15:42:02,2026-07-20T15:42:03,0.845
NAMM,0002026514,success,372.0,data\facts\0002026514.parquet,,,2026-07-20T15:42:03,2026-07-20T15:42:05,1.007
NAMS,0001936258,success,2945.0,data\facts\0001936258.parquet,,,2026-07-20T15:42:05,2026-07-20T15:42:06,0.941
NAN,0001074769,failed,,,HTTPError,404 Client Error: Not Found for url: https://data.sec.gov/api/xbrl/companyfacts/CIK0001074769.json,2026-07-20T15:42:06,2026-07-20T15:42:07,0.662
NANO,0002101833,success,81.0,data\facts\0002101833.parquet,,,2026-07-20T15:42:07,2026-07-20T15:42:08,0.822
NARA,0002138186,failed,,,ValueError,변환된 Fact Store가 비어 있습니다.,2026-07-20T15:42:08,2026-07-20T15:42:09,0.703
NASC,0001509957,success,7538.0,data\facts\0001509957.parquet,,,2026-07-20T15:42:09,2026-07-20T15:42:10,1.074
NAT,0001000177,success,6820.0,data\facts\0001000177.parquet,,,2026-07-20T15:42:10,2026-07-20T15:42:11,0.85
NATH,0000069733,success,20323.0,data\facts\0000069733.parquet,,,2026-07-20T15:42:11,2026-07-20T15:42:13,1.224
NATL,0001974138,success,5409.0,data\facts\0001974138.parquet,,,2026-07-20T15:42:13,2026-07-20T15:42:14,0.806
NATNF,0002096533,failed,,,HTTPError,404 Client Error: Not Found for url: https://data.sec.gov/api/xbrl/companyfacts/CIK0002096533.json,2026-07-20T15:42:14,2026-07-20T15:42:15,0.68
NATR,0000275053,success,18247.0,data\facts\0000275053.parquet,,,2026-07-20T15:42:15,2026-07-20T15:42:16,1.078
NAUT,0001808805,success,5306.0,data\facts\0001808805.parquet,,,2026-07-20T15:42:16,2026-07-20T15:42:17,0.888
NAVI,0001593538,success,20438.0,data\facts\0001593538.parquet,,,2026-07-20T15:42:18,2026-07-20T15:42:19,0.961
NAVN,0001639723,success,1403.0,data\facts\0001639723.parquet,,,2026-07-20T15:42:19,2026-07-20T15:42:20,0.983
NAZ,0000892992,success,21.0,data\facts\0000892992.parquet,,,2026-07-20T15:42:20,2026-07-20T15:42:21,0.701
NB,0001512228,success,9135.0,data\facts\0001512228.parquet,,,2026-07-20T15:42:21,2026-07-20T15:42:22,1.05
NBB,0001478888,success,34.0,data\facts\0001478888.parquet,,,2026-07-20T15:42:22,2026-07-20T15:42:23,0.629
NBBK,0001979330,success,5557.0,data\facts\0001979330.parquet,,,2026-07-20T15:42:23,2026-07-20T15:42:24,1.003
NBH,0001178839,failed,,,ValueError,Company Facts에서 facts 데이터를 찾지 못했습니다.,2026-07-20T15:42:25,2026-07-20T15:42:25,0.615
NBHC,0001475841,success,28344.0,data\facts\0001475841.parquet,,,2026-07-20T15:42:25,2026-07-20T15:42:27,1.375
NBIS,0001513845,success,9561.0,data\facts\0001513845.parquet,,,2026-07-20T15:42:27,2026-07-20T15:42:28,0.799
NBIX,0000914475,success,16198.0,data\facts\0000914475.parquet,,,2026-07-20T15:42:28,2026-07-20T15:42:29,1.044
NBKBY,0002093618,failed,,,HTTPError,404 Client Error: Not Found for url: https://data.sec.gov/api/xbrl/companyfacts/CIK0002093618.json,2026-07-20T15:42:29,2026-07-20T15:42:30,0.603
NBLXF,0001813419,failed,,,HTTPError,404 Client Error: Not Found for url: https://data.sec.gov/api/xbrl/companyfacts/CIK0001813419.json,2026-07-20T15:42:30,2026-07-20T15:42:31,0.841
NBND,0001725911,success,4697.0,data\facts\0001725911.parquet,,,2026-07-20T15:42:31,2026-07-20T15:42:32,0.839
NBP,0001778016,success,3949.0,data\facts\0001778016.parquet,,,2026-07-20T15:42:33,2026-07-20T15:42:33,0.79
NBR,0001163739,success,29070.0,data\facts\0001163739.parquet,,,2026-07-20T15:42:34,2026-07-20T15:42:35,1.412
NBRG,0001918414,success,189.0,data\facts\0001918414.parquet,,,2026-07-20T15:42:35,2026-07-20T15:42:36,0.79
NBTB,0000790359,success,33448.0,data\facts\0000790359.parquet,,,2026-07-20T15:42:36,2026-07-20T15:42:38,1.554
NBTX,0001760854,success,4465.0,data\facts\0001760854.parquet,,,2026-07-20T15:42:38,2026-07-20T15:42:39,0.894
NBXG,0001843181,failed,,,ValueError,Company Facts에서 facts 데이터를 찾지 못했습니다.,2026-07-20T15:42:39,2026-07-20T15:42:40,0.673
NC,0000789933,success,18475.0,data\facts\0000789933.parquet,,,2026-07-20T15:42:40,2026-07-20T15:42:41,0.887
NCA,0000818851,success,29.0,data\facts\0000818851.parquet,,,2026-07-20T15:42:41,2026-07-20T15:42:42,0.676
NCAUF,0001627868,failed,,,HTTPError,404 Client Error: Not Found for url: https://data.sec.gov/api/xbrl/companyfacts/CIK0001627868.json,2026-07-20T15:42:42,2026-07-20T15:42:43,0.792
NCDL,0001737924,success,4964.0,data\facts\0001737924.parquet,,,2026-07-20T15:42:43,2026-07-20T15:42:45,1.07
NCEL,0001783036,success,2554.0,data\facts\0001783036.parquet,,,2026-07-20T15:42:45,2026-07-20T15:42:46,0.916
NCEW,0001968043,success,1182.0,data\facts\0001968043.parquet,,,2026-07-20T15:42:46,2026-07-20T15:42:47,0.853
NCHEF,0001570299,failed,,,HTTPError,404 Client Error: Not Found for url: https://data.sec.gov/api/xbrl/companyfacts/CIK0001570299.json,2026-07-20T15:42:47,2026-07-20T15:42:48,0.859
NCI,0001916331,success,1293.0,data\facts\0001916331.parquet,,,2026-07-20T15:42:48,2026-07-20T15:42:49,0.925
NCIQ,0002031069,success,328.0,data\facts\0002031069.parquet,,,2026-07-20T15:42:50,2026-07-20T15:42:50,0.736
NCL,0001923780,success,2981.0,data\facts\0001923780.parquet,,,2026-07-20T15:42:51,2026-07-20T15:42:51,0.823
NCLH,0001513761,success,17620.0,data\facts\0001513761.parquet,,,2026-07-20T15:42:52,2026-07-20T15:42:53,1.065
NCLTY,0001801729,failed,,,HTTPError,404 Client Error: Not Found for url: https://data.sec.gov/api/xbrl/companyfacts/CIK0001801729.json,2026-07-20T15:42:53,2026-07-20T15:42:54,0.62
NCMI,0001377630,success,21047.0,data\facts\0001377630.parquet,,,2026-07-20T15:42:54,2026-07-20T15:42:55,1.184
NCNA,0001709626,success,5268.0,data\facts\0001709626.parquet,,,2026-07-20T15:42:55,2026-07-20T15:42:56,0.832
NCNO,0001902733,success,7886.0,data\facts\0001902733.parquet,,,2026-07-20T15:42:56,2026-07-20T15:42:58,1.098
NCO,0002116230,failed,,,ValueError,변환된 Fact Store가 비어 있습니다.,2026-07-20T15:42:58,2026-07-20T15:42:59,0.9
NCPL,0001414767,success,9051.0,data\facts\0001414767.parquet,,,2026-07-20T15:42:59,2026-07-20T15:43:00,0.871
NCRA,0001756180,success,13634.0,data\facts\0001756180.parquet,,,2026-07-20T15:43:00,2026-07-20T15:43:01,1.294
NCSM,0001692427,success,13365.0,data\facts\0001692427.parquet,,,2026-07-20T15:43:02,2026-07-20T15:43:03,1.071
NCT,0002018529,success,1639.0,data\facts\0002018529.parquet,,,2026-07-20T15:43:03,2026-07-20T15:43:04,0.711
NCTY,0001296774,success,8927.0,data\facts\0001296774.parquet,,,2026-07-20T15:43:04,2026-07-20T15:43:05,0.942
NCV,0001214935,failed,,,HTTPError,404 Client Error: Not Found for url: https://data.sec.gov/api/xbrl/companyfacts/CIK0001214935.json,2026-07-20T15:43:05,2026-07-20T15:43:06,0.625
NCZ,0001227857,failed,,,HTTPError,404 Client Error: Not Found for url: https://data.sec.gov/api/xbrl/companyfacts/CIK0001227857.json,2026-07-20T15:43:06,2026-07-20T15:43:07,0.653
NDAQ,0001120193,success,27882.0,data\facts\0001120193.parquet,,,2026-07-20T15:43:07,2026-07-20T15:43:08,1.201
NDEKF,0000353991,failed,,,HTTPError,404 Client Error: Not Found for url: https://data.sec.gov/api/xbrl/companyfacts/CIK0000353991.json,2026-07-20T15:43:09,2026-07-20T15:43:10,0.908
NDLS,0001275158,success,15930.0,data\facts\0001275158.parquet,,,2026-07-20T15:43:10,2026-07-20T15:43:11,0.97
NDMO,0001793129,failed,,,ValueError,Company Facts에서 facts 데이터를 찾지 못했습니다.,2026-07-20T15:43:11,2026-07-20T15:43:12,0.695
NDRA,0001681682,success,7395.0,data\facts\0001681682.parquet,,,2026-07-20T15:43:12,2026-07-20T15:43:13,0.793
NDSN,0000072331,success,21576.0,data\facts\0000072331.parquet,,,2026-07-20T15:43:13,2026-07-20T15:43:14,1.137
NE,0001895262,success,4676.0,data\facts\0001895262.parquet,,,2026-07-20T15:43:15,2026-07-20T15:43:15,0.817
NEA,0001195737,failed,,,ValueError,Company Facts에서 facts 데이터를 찾지 못했습니다.,2026-07-20T15:43:16,2026-07-20T15:43:16,0.676
NECB,0001847398,success,10124.0,data\facts\0001847398.parquet,,,2026-07-20T15:43:17,2026-07-20T15:43:17,0.787
NEE,0000753308,success,26332.0,data\facts\0000753308.parquet,,,2026-07-20T15:43:18,2026-07-20T15:43:19,1.338
NEGG,0001474627,success,8251.0,data\facts\0001474627.parquet,,,2026-07-20T15:43:19,2026-07-20T15:43:20,0.816
NELR,0001941360,success,1568.0,data\facts\0001941360.parquet,,,2026-07-20T15:43:20,2026-07-20T15:43:21,0.956
NEM,0001164727,success,37607.0,data\facts\0001164727.parquet,,,2026-07-20T15:43:22,2026-07-20T15:43:23,1.309
NEN,0000746514,success,13752.0,data\facts\0000746514.parquet,,,2026-07-20T15:43:23,2026-07-20T15:43:24,1.214
NEO,0001077183,success,19750.0,data\facts\0001077183.parquet,,,2026-07-20T15:43:25,2026-07-20T15:43:26,0.972
NEOG,0000711377,success,19170.0,data\facts\0000711377.parquet,,,2026-07-20T15:43:26,2026-07-20T15:43:27,0.918
NEON,0000087050,success,13866.0,data\facts\0000087050.parquet,,,2026-07-20T15:43:27,2026-07-20T15:43:28,0.889
NEOV,0001748137,success,2541.0,data\facts\0001748137.parquet,,,2026-07-20T15:43:28,2026-07-20T15:43:29,0.691
NEPH,0001196298,success,15050.0,data\facts\0001196298.parquet,,,2026-07-20T15:43:29,2026-07-20T15:43:30,0.924
NERV,0001598646,success,8330.0,data\facts\0001598646.parquet,,,2026-07-20T15:43:30,2026-07-20T15:43:31,0.914
NESR,0001698514,success,6848.0,data\facts\0001698514.parquet,,,2026-07-20T15:43:32,2026-07-20T15:43:32,0.755
NET,0001477333,success,10523.0,data\facts\0001477333.parquet,,,2026-07-20T15:43:33,2026-07-20T15:43:34,1.101
NEU,0001282637,success,23300.0,data\facts\0001282637.parquet,,,2026-07-20T15:43:34,2026-07-20T15:43:35,1.057
NEUC,0002093976,success,5.0,data\facts\0002093976.parquet,,,2026-07-20T15:43:35,2026-07-20T15:43:36,0.917
NEUP,0001191070,success,2738.0,data\facts\0001191070.parquet,,,2026-07-20T15:43:36,2026-07-20T15:43:37,0.755
NEUT,0002065741,failed,,,HTTPError,404 Client Error: Not Found for url: https://data.sec.gov/api/xbrl/companyfacts/CIK0002065741.json,2026-07-20T15:43:37,2026-07-20T15:43:38,0.625
NEWH,0001371128,success,10750.0,data\facts\0001371128.parquet,,,2026-07-20T15:43:38,2026-07-20T15:43:39,0.933
NEWP,0001369085,success,1042.0,data\facts\0001369085.parquet,,,2026-07-20T15:43:40,2026-07-20T15:43:40,0.82
NEWT,0001587987,success,7089.0,data\facts\0001587987.parquet,,,2026-07-20T15:43:41,2026-07-20T15:43:41,0.813
NEXA,0001713930,success,4430.0,data\facts\0001713930.parquet,,,2026-07-20T15:43:42,2026-07-20T15:43:43,0.845
NEXCF,0001737270,failed,,,HTTPError,404 Client Error: Not Found for url: https://data.sec.gov/api/xbrl/companyfacts/CIK0001737270.json,2026-07-20T15:43:43,2026-07-20T15:43:44,0.702
NEXHY,0001985406,failed,,,HTTPError,404 Client Error: Not Found for url: https://data.sec.gov/api/xbrl/companyfacts/CIK0001985406.json,2026-07-20T15:43:44,2026-07-20T15:43:44,0.629
NEXM,0000795800,success,5562.0,data\facts\0000795800.parquet,,,2026-07-20T15:43:45,2026-07-20T15:43:46,1.053
NEXN,0001849396,success,1821.0,data\facts\0001849396.parquet,,,2026-07-20T15:43:46,2026-07-20T15:43:47,0.735
NEXR,0001885408,success,2191.0,data\facts\0001885408.parquet,,,2026-07-20T15:43:47,2026-07-20T15:43:48,0.769
NEXT,0001612720,success,8716.0,data\facts\0001612720.parquet,,,2026-07-20T15:43:48,2026-07-20T15:43:49,0.914
NFBK,0001493225,success,31503.0,data\facts\0001493225.parquet,,,2026-07-20T15:43:49,2026-07-20T15:43:51,1.337
NFE,0001749723,success,14384.0,data\facts\0001749723.parquet,,,2026-07-20T15:43:51,2026-07-20T15:43:52,1.016
NFG,0000070145,success,26506.0,data\facts\0000070145.parquet,,,2026-07-20T15:43:52,2026-07-20T15:43:53,1.143
NFGC,0001840616,success,1067.0,data\facts\0001840616.parquet,,,2026-07-20T15:43:54,2026-07-20T15:43:55,0.866
NFJ,0001260563,failed,,,HTTPError,404 Client Error: Not Found for url: https://data.sec.gov/api/xbrl/companyfacts/CIK0001260563.json,2026-07-20T15:43:55,2026-07-20T15:43:55,0.628
NFLX,0001065280,success,23897.0,data\facts\0001065280.parquet,,,2026-07-20T15:43:56,2026-07-20T15:43:57,1.146
NG,0001173420,success,14094.0,data\facts\0001173420.parquet,,,2026-07-20T15:43:57,2026-07-20T15:43:58,0.843
NGCG,0001061040,failed,,,HTTPError,404 Client Error: Not Found for url: https://data.sec.gov/api/xbrl/companyfacts/CIK0001061040.json,2026-07-20T15:43:58,2026-07-20T15:43:59,0.83
NGCOY,0002092248,failed,,,HTTPError,404 Client Error: Not Found for url: https://data.sec.gov/api/xbrl/companyfacts/CIK0002092248.json,2026-07-20T15:43:59,2026-07-20T15:44:00,0.764
NGEN,0001751912,success,191.0,data\facts\0001751912.parquet,,,2026-07-20T15:44:00,2026-07-20T15:44:01,0.89
NGG,0001004315,success,7687.0,data\facts\0001004315.parquet,,,2026-07-20T15:44:02,2026-07-20T15:44:03,0.981
NGHI,0001574676,success,2834.0,data\facts\0001574676.parquet,,,2026-07-20T15:44:03,2026-07-20T15:44:04,0.925
NGL,0001504461,success,28477.0,data\facts\0001504461.parquet,,,2026-07-20T15:44:04,2026-07-20T15:44:05,1.295
NGLD,0001605481,success,5880.0,data\facts\0001605481.parquet,,,2026-07-20T15:44:06,2026-07-20T15:44:07,0.882
NGNE,0001404644,success,11183.0,data\facts\0001404644.parquet,,,2026-07-20T15:44:07,2026-07-20T15:44:08,1.112
NGS,0001084991,success,17365.0,data\facts\0001084991.parquet,,,2026-07-20T15:44:08,2026-07-20T15:44:09,1.098
NGTF,0001593001,success,9498.0,data\facts\0001593001.parquet,,,2026-07-20T15:44:10,2026-07-20T15:44:10,0.816
NGVC,0001547459,success,15498.0,data\facts\0001547459.parquet,,,2026-07-20T15:44:11,2026-07-20T15:44:12,1.002
NGVT,0001653477,success,19173.0,data\facts\0001653477.parquet,,,2026-07-20T15:44:12,2026-07-20T15:44:13,1.196
NGXXF,0002044153,failed,,,HTTPError,404 Client Error: Not Found for url: https://data.sec.gov/api/xbrl/companyfacts/CIK0002044153.json,2026-07-20T15:44:13,2026-07-20T15:44:14,0.698
NHC,0001047335,success,27128.0,data\facts\0001047335.parquet,,,2026-07-20T15:44:14,2026-07-20T15:44:16,1.479
NHFLF,0001075822,failed,,,HTTPError,404 Client Error: Not Found for url: https://data.sec.gov/api/xbrl/companyfacts/CIK0001075822.json,2026-07-20T15:44:16,2026-07-20T15:44:17,0.842
NHI,0000877860,success,22975.0,data\facts\0000877860.parquet,,,2026-07-20T15:44:17,2026-07-20T15:44:18,1.19
NHIC,0002043699,success,412.0,data\facts\0002043699.parquet,,,2026-07-20T15:44:19,2026-07-20T15:44:20,0.842
NHIV,0002099767,success,33.0,data\facts\0002099767.parquet,,,2026-07-20T15:44:20,2026-07-20T15:44:21,0.814
NHKSY,0002087500,failed,,,HTTPError,404 Client Error: Not Found for url: https://data.sec.gov/api/xbrl/companyfacts/CIK0002087500.json,2026-07-20T15:44:21,2026-07-20T15:44:22,0.832
NHLTY,0002060863,failed,,,HTTPError,404 Client Error: Not Found for url: https://data.sec.gov/api/xbrl/companyfacts/CIK0002060863.json,2026-07-20T15:44:22,2026-07-20T15:44:23,0.831
NHP,0001561032,success,18295.0,data\facts\0001561032.parquet,,,2026-07-20T15:44:23,2026-07-20T15:44:24,1.076
NHS,0001487610,failed,,,HTTPError,404 Client Error: Not Found for url: https://data.sec.gov/api/xbrl/companyfacts/CIK0001487610.json,2026-07-20T15:44:25,2026-07-20T15:44:25,0.739
NHTC,0000912061,success,15490.0,data\facts\0000912061.parquet,,,2026-07-20T15:44:26,2026-07-20T15:44:27,1.12
NI,0001111711,success,32495.0,data\facts\0001111711.parquet,,,2026-07-20T15:44:27,2026-07-20T15:44:28,1.391
NIC,0001174850,success,22423.0,data\facts\0001174850.parquet,,,2026-07-20T15:44:29,2026-07-20T15:44:30,1.261
NICE,0001003935,success,8227.0,data\facts\0001003935.parquet,,,2026-07-20T15:44:30,2026-07-20T15:44:31,0.854
NICH,0000772263,success,2398.0,data\facts\0000772263.parquet,,,2026-07-20T15:44:31,2026-07-20T15:44:32,0.768
NICHX,0001736510,success,7.0,data\facts\0001736510.parquet,,,2026-07-20T15:44:32,2026-07-20T15:44:33,0.814
NICM,0001526475,failed,,,HTTPError,404 Client Error: Not Found for url: https://data.sec.gov/api/xbrl/companyfacts/CIK0001526475.json,2026-07-20T15:44:34,2026-07-20T15:44:34,0.716
NIE,0001383441,failed,,,HTTPError,404 Client Error: Not Found for url: https://data.sec.gov/api/xbrl/companyfacts/CIK0001383441.json,2026-07-20T15:44:34,2026-07-20T15:44:35,0.769
NIHK,0001084475,success,3417.0,data\facts\0001084475.parquet,,,2026-07-20T15:44:36,2026-07-20T15:44:36,0.963
NIKA,0001145604,success,2333.0,data\facts\0001145604.parquet,,,2026-07-20T15:44:37,2026-07-20T15:44:38,1.001
NIM,0000890119,failed,,,HTTPError,404 Client Error: Not Found for url: https://data.sec.gov/api/xbrl/companyfacts/CIK0000890119.json,2026-07-20T15:44:38,2026-07-20T15:44:39,0.681
NIMU,0000720762,success,7794.0,data\facts\0000720762.parquet,,,2026-07-20T15:44:39,2026-07-20T15:44:40,1.029
NINE,0001532286,success,10158.0,data\facts\0001532286.parquet,,,2026-07-20T15:44:40,2026-07-20T15:44:41,1.103
NIO,0001736541,success,7461.0,data\facts\0001736541.parquet,,,2026-07-20T15:44:42,2026-07-20T15:44:43,0.867
NIOMF,0001937453,failed,,,HTTPError,404 Client Error: Not Found for url: https://data.sec.gov/api/xbrl/companyfacts/CIK0001937453.json,2026-07-20T15:44:43,2026-07-20T15:44:44,0.784
NIPG,0001966233,success,452.0,data\facts\0001966233.parquet,,,2026-07-20T15:44:44,2026-07-20T15:44:45,0.871
NIQ,0002054696,success,2091.0,data\facts\0002054696.parquet,,,2026-07-20T15:44:45,2026-07-20T15:44:46,0.91
NIU,0001744781,success,4446.0,data\facts\0001744781.parquet,,,2026-07-20T15:44:46,2026-07-20T15:44:47,0.922
NIVF,0001981662,success,1383.0,data\facts\0001981662.parquet,,,2026-07-20T15:44:48,2026-07-20T15:44:48,0.778
NIXX,0001462223,success,13552.0,data\facts\0001462223.parquet,,,2026-07-20T15:44:49,2026-07-20T15:44:50,1.125
NJR,0000356309,success,27934.0,data\facts\0000356309.parquet,,,2026-07-20T15:44:50,2026-07-20T15:44:51,1.24
NKE,0000320187,success,20002.0,data\facts\0000320187.parquet,,,2026-07-20T15:44:52,2026-07-20T15:44:53,1.228
NKGFF,0001839154,failed,,,HTTPError,404 Client Error: Not Found for url: https://data.sec.gov/api/xbrl/companyfacts/CIK0001839154.json,2026-07-20T15:44:53,2026-07-20T15:44:54,0.748
NKLR,0002067627,success,476.0,data\facts\0002067627.parquet,,,2026-07-20T15:44:54,2026-07-20T15:44:55,0.831
NKSH,0000796534,success,24650.0,data\facts\0000796534.parquet,,,2026-07-20T15:44:55,2026-07-20T15:44:57,1.26
NKTR,0000906709,success,16768.0,data\facts\0000906709.parquet,,,2026-07-20T15:44:57,2026-07-20T15:44:58,1.24
NKTX,0001787400,success,5592.0,data\facts\0001787400.parquet,,,2026-07-20T15:44:58,2026-07-20T15:44:59,1.064
NKX,0001195738,failed,,,HTTPError,404 Client Error: Not Found for url: https://data.sec.gov/api/xbrl/companyfacts/CIK0001195738.json,2026-07-20T15:45:00,2026-07-20T15:45:00,0.7
NL,0000072162,success,19014.0,data\facts\0000072162.parquet,,,2026-07-20T15:45:01,2026-07-20T15:45:02,1.285
NLCP,0001854964,success,5191.0,data\facts\0001854964.parquet,,,2026-07-20T15:45:02,2026-07-20T15:45:03,1.011
NLOP,0001952976,success,3284.0,data\facts\0001952976.parquet,,,2026-07-20T15:45:04,2026-07-20T15:45:05,0.923
NLST,0001282631,success,16484.0,data\facts\0001282631.parquet,,,2026-07-20T15:45:05,2026-07-20T15:45:06,1.058
NLY,0001043219,success,26814.0,data\facts\0001043219.parquet,,,2026-07-20T15:45:06,2026-07-20T15:45:08,1.443
NMAD,0001335105,success,9074.0,data\facts\0001335105.parquet,,,2026-07-20T15:45:08,2026-07-20T15:45:09,1.09
NMAI,0001861115,failed,,,HTTPError,404 Client Error: Not Found for url: https://data.sec.gov/api/xbrl/companyfacts/CIK0001861115.json,2026-07-20T15:45:09,2026-07-20T15:45:10,0.654
NMAX,0002026478,success,1866.0,data\facts\0002026478.parquet,,,2026-07-20T15:45:10,2026-07-20T15:45:11,0.804
NMCO,0001774342,failed,,,ValueError,Company Facts에서 facts 데이터를 찾지 못했습니다.,2026-07-20T15:45:11,2026-07-20T15:45:12,0.734
NMCPF,0002003813,failed,,,HTTPError,404 Client Error: Not Found for url: https://data.sec.gov/api/xbrl/companyfacts/CIK0002003813.json,2026-07-20T15:45:12,2026-07-20T15:45:13,0.856
NMEX,0001415744,success,8561.0,data\facts\0001415744.parquet,,,2026-07-20T15:45:13,2026-07-20T15:45:15,1.11
NMFC,0001496099,success,5131.0,data\facts\0001496099.parquet,,,2026-07-20T15:45:15,2026-07-20T15:45:16,1.036
NMG,0001649752,success,1708.0,data\facts\0001649752.parquet,,,2026-07-20T15:45:16,2026-07-20T15:45:17,0.677
NMHI,0001947861,success,3832.0,data\facts\0001947861.parquet,,,2026-07-20T15:45:17,2026-07-20T15:45:18,0.676
NMI,0000830271,success,21.0,data\facts\0000830271.parquet,,,2026-07-20T15:45:18,2026-07-20T15:45:19,0.564
NMIH,0001547903,success,19580.0,data\facts\0001547903.parquet,,,2026-07-20T15:45:19,2026-07-20T15:45:20,0.833
NML,0001562051,failed,,,HTTPError,404 Client Error: Not Found for url: https://data.sec.gov/api/xbrl/companyfacts/CIK0001562051.json,2026-07-20T15:45:20,2026-07-20T15:45:20,0.558
NMM,0001415921,success,8923.0,data\facts\0001415921.parquet,,,2026-07-20T15:45:21,2026-07-20T15:45:21,0.696
NMP,0002054876,success,270.0,data\facts\0002054876.parquet,,,2026-07-20T15:45:22,2026-07-20T15:45:22,0.691
NMPGY,0001333172,success,10376.0,data\facts\0001333172.parquet,,,2026-07-20T15:45:23,2026-07-20T15:45:23,0.842
NMR,0001163653,success,23992.0,data\facts\0001163653.parquet,,,2026-07-20T15:45:24,2026-07-20T15:45:25,1.122
NMRA,0001885522,success,2383.0,data\facts\0001885522.parquet,,,2026-07-20T15:45:25,2026-07-20T15:45:26,0.72
NMRK,0001690680,success,15504.0,data\facts\0001690680.parquet,,,2026-07-20T15:45:26,2026-07-20T15:45:27,0.75
NMS,0001607997,failed,,,HTTPError,404 Client Error: Not Found for url: https://data.sec.gov/api/xbrl/companyfacts/CIK0001607997.json,2026-07-20T15:45:27,2026-07-20T15:45:27,0.516
NMT,0000897419,success,21.0,data\facts\0000897419.parquet,,,2026-07-20T15:45:28,2026-07-20T15:45:28,0.564
NMTC,0001500198,success,10129.0,data\facts\0001500198.parquet,,,2026-07-20T15:45:29,2026-07-20T15:45:30,1.366
NMZ,0001266585,failed,,,HTTPError,404 Client Error: Not Found for url: https://data.sec.gov/api/xbrl/companyfacts/CIK0001266585.json,2026-07-20T15:45:30,2026-07-20T15:45:31,1.052
NN,0001865631,success,5159.0,data\facts\0001865631.parquet,,,2026-07-20T15:45:32,2026-07-20T15:45:33,1.054
NNAX,0001132509,success,8317.0,data\facts\0001132509.parquet,,,2026-07-20T15:45:33,2026-07-20T15:45:34,1.238
NNBR,0000918541,success,21636.0,data\facts\0000918541.parquet,,,2026-07-20T15:45:34,2026-07-20T15:45:36,1.583
NNDM,0001643303,success,4665.0,data\facts\0001643303.parquet,,,2026-07-20T15:45:36,2026-07-20T15:45:37,1.103
NNE,0001923891,success,1878.0,data\facts\0001923891.parquet,,,2026-07-20T15:45:38,2026-07-20T15:45:39,0.896
NNFSF,0001834267,failed,,,HTTPError,404 Client Error: Not Found for url: https://data.sec.gov/api/xbrl/companyfacts/CIK0001834267.json,2026-07-20T15:45:39,2026-07-20T15:45:40,1.0
NNI,0001258602,success,24590.0,data\facts\0001258602.parquet,,,2026-07-20T15:45:40,2026-07-20T15:45:42,1.615
NNN,0000751364,success,22771.0,data\facts\0000751364.parquet,,,2026-07-20T15:45:42,2026-07-20T15:45:44,1.519
NNNN,0001982708,success,321.0,data\facts\0001982708.parquet,,,2026-07-20T15:45:44,2026-07-20T15:45:45,0.847
NNOX,0001795251,success,2196.0,data\facts\0001795251.parquet,,,2026-07-20T15:45:45,2026-07-20T15:45:46,0.987
NNRGF,0001951593,failed,,,HTTPError,404 Client Error: Not Found for url: https://data.sec.gov/api/xbrl/companyfacts/CIK0001951593.json,2026-07-20T15:45:46,2026-07-20T15:45:47,0.852
NNUP,0000888981,success,9442.0,data\facts\0000888981.parquet,,,2026-07-20T15:45:48,2026-07-20T15:45:49,1.124
NNVC,0001379006,success,12077.0,data\facts\0001379006.parquet,,,2026-07-20T15:45:49,2026-07-20T15:45:50,1.108
NNY,0000818850,failed,,,HTTPError,404 Client Error: Not Found for url: https://data.sec.gov/api/xbrl/companyfacts/CIK0000818850.json,2026-07-20T15:45:50,2026-07-20T15:45:51,0.85
NOA,0001368519,success,5857.0,data\facts\0001368519.parquet,,,2026-07-20T15:45:52,2026-07-20T15:45:53,1.012
NOAH,0001499543,success,9355.0,data\facts\0001499543.parquet,,,2026-07-20T15:45:53,2026-07-20T15:45:54,0.996
NOBH,0000072205,success,13046.0,data\facts\0000072205.parquet,,,2026-07-20T15:45:54,2026-07-20T15:45:55,1.254
NOC,0001133421,success,24090.0,data\facts\0001133421.parquet,,,2026-07-20T15:45:56,2026-07-20T15:45:57,1.547
NODK,0001681206,success,18287.0,data\facts\0001681206.parquet,,,2026-07-20T15:45:57,2026-07-20T15:45:59,1.479
NOEM,0001956648,success,720.0,data\facts\0001956648.parquet,,,2026-07-20T15:45:59,2026-07-20T15:46:00,0.858
NOFCF,0002108180,failed,,,HTTPError,404 Client Error: Not Found for url: https://data.sec.gov/api/xbrl/companyfacts/CIK0002108180.json,2026-07-20T15:46:00,2026-07-20T15:46:01,0.972
NOG,0001104485,success,19938.0,data\facts\0001104485.parquet,,,2026-07-20T15:46:02,2026-07-20T15:46:03,1.28
NOK,0000924613,success,6248.0,data\facts\0000924613.parquet,,,2026-07-20T15:46:03,2026-07-20T15:46:04,1.039
NOMA,0001994214,success,460.0,data\facts\0001994214.parquet,,,2026-07-20T15:46:05,2026-07-20T15:46:06,0.964
NOMD,0001651717,success,11715.0,data\facts\0001651717.parquet,,,2026-07-20T15:46:06,2026-07-20T15:46:07,0.977
NOPFF,0001991188,failed,,,HTTPError,404 Client Error: Not Found for url: https://data.sec.gov/api/xbrl/companyfacts/CIK0001991188.json,2026-07-20T15:46:07,2026-07-20T15:46:08,1.07
NORD,0001011060,success,9526.0,data\facts\0001011060.parquet,,,2026-07-20T15:46:08,2026-07-20T15:46:10,1.203
NORT,0002135939,failed,,,ValueError,변환된 Fact Store가 비어 있습니다.,2026-07-20T15:46:10,2026-07-20T15:46:11,0.855
NOTE,0001823466,success,5765.0,data\facts\0001823466.parquet,,,2026-07-20T15:46:11,2026-07-20T15:46:12,1.118
NOTVQ,0000720154,success,20386.0,data\facts\0000720154.parquet,,,2026-07-20T15:46:13,2026-07-20T15:46:14,1.265
NOV,0001021860,success,27528.0,data\facts\0001021860.parquet,,,2026-07-20T15:46:14,2026-07-20T15:46:16,1.593
NOVT,0001076930,success,24002.0,data\facts\0001076930.parquet,,,2026-07-20T15:46:16,2026-07-20T15:46:17,1.346
NOW,0001373715,success,21257.0,data\facts\0001373715.parquet,,,2026-07-20T15:46:18,2026-07-20T15:46:19,1.524
NP,0002067129,success,846.0,data\facts\0002067129.parquet,,,2026-07-20T15:46:19,2026-07-20T15:46:20,0.869
NPAC,0002048948,success,340.0,data\facts\0002048948.parquet,,,2026-07-20T15:46:21,2026-07-20T15:46:22,0.98
NPB,0001336706,success,3213.0,data\facts\0001336706.parquet,,,2026-07-20T15:46:22,2026-07-20T15:46:23,0.925
NPCE,0001528287,success,6294.0,data\facts\0001528287.parquet,,,2026-07-20T15:46:23,2026-07-20T15:46:24,1.227
NPCT,0001835068,failed,,,HTTPError,404 Client Error: Not Found for url: https://data.sec.gov/api/xbrl/companyfacts/CIK0001835068.json,2026-07-20T15:46:25,2026-07-20T15:46:26,0.899
NPFD,0001865389,failed,,,ValueError,Company Facts에서 facts 데이터를 찾지 못했습니다.,2026-07-20T15:46:26,2026-07-20T15:46:27,0.759
NPHC,0001119643,success,14666.0,data\facts\0001119643.parquet,,,2026-07-20T15:46:27,2026-07-20T15:46:28,1.105
NPIXY,0002072389,failed,,,HTTPError,404 Client Error: Not Found for url: https://data.sec.gov/api/xbrl/companyfacts/CIK0002072389.json,2026-07-20T15:46:28,2026-07-20T15:46:29,0.761
NPK,0000080172,success,16694.0,data\facts\0000080172.parquet,,,2026-07-20T15:46:29,2026-07-20T15:46:31,1.192
NPKI,0000071829,success,18695.0,data\facts\0000071829.parquet,,,2026-07-20T15:46:31,2026-07-20T15:46:32,1.326
NPLY,0001978111,success,1157.0,data\facts\0001978111.parquet,,,2026-07-20T15:46:32,2026-07-20T15:46:33,0.889
NPO,0001164863,success,25784.0,data\facts\0001164863.parquet,,,2026-07-20T15:46:34,2026-07-20T15:46:35,1.62
NPRFF,0001859022,failed,,,HTTPError,404 Client Error: Not Found for url: https://data.sec.gov/api/xbrl/companyfacts/CIK0001859022.json,2026-07-20T15:46:36,2026-07-20T15:46:37,0.891
NPT,0002014337,success,393.0,data\facts\0002014337.parquet,,,2026-07-20T15:46:37,2026-07-20T15:46:38,1.034
NPV,0000897421,success,5.0,data\facts\0000897421.parquet,,,2026-07-20T15:46:38,2026-07-20T15:46:39,0.964
NPWR,0001845437,success,5042.0,data\facts\0001845437.parquet,,,2026-07-20T15:46:39,2026-07-20T15:46:41,1.135
NRC,0000070487,success,18451.0,data\facts\0000070487.parquet,,,2026-07-20T15:46:41,2026-07-20T15:46:42,1.303
NRDE,0001759546,success,4217.0,data\facts\0001759546.parquet,,,2026-07-20T15:46:43,2026-07-20T15:46:44,1.105
NRDS,0001625278,success,5754.0,data\facts\0001625278.parquet,,,2026-07-20T15:46:44,2026-07-20T15:46:45,1.054
NRDY,0001819404,success,5053.0,data\facts\0001819404.parquet,,,2026-07-20T15:46:45,2026-07-20T15:46:46,1.119
NREF,0001786248,success,6283.0,data\facts\0001786248.parquet,,,2026-07-20T15:46:47,2026-07-20T15:46:48,1.16
NRG,0001013871,success,33584.0,data\facts\0001013871.parquet,,,2026-07-20T15:46:48,2026-07-20T15:46:50,1.748
NRGFF,0002102593,failed,,,HTTPError,404 Client Error: Not Found for url: https://data.sec.gov/api/xbrl/companyfacts/CIK0002102593.json,2026-07-20T15:46:50,2026-07-20T15:46:51,0.919
NRGV,0001828536,success,7641.0,data\facts\0001828536.parquet,,,2026-07-20T15:46:51,2026-07-20T15:46:53,1.069
NRHI,0001680689,success,4426.0,data\facts\0001680689.parquet,,,2026-07-20T15:46:53,2026-07-20T15:46:54,1.102
NRIM,0001163370,success,33458.0,data\facts\0001163370.parquet,,,2026-07-20T15:46:54,2026-07-20T15:46:56,1.622
NRIS,0001603793,success,6911.0,data\facts\0001603793.parquet,,,2026-07-20T15:46:56,2026-07-20T15:46:57,1.14
NRIX,0001549595,success,5980.0,data\facts\0001549595.parquet,,,2026-07-20T15:46:58,2026-07-20T15:46:59,1.015
NRK,0001195739,failed,,,ValueError,Company Facts에서 facts 데이터를 찾지 못했습니다.,2026-07-20T15:46:59,2026-07-20T15:47:00,0.957
NRO,0001261166,failed,,,ValueError,Company Facts에서 facts 데이터를 찾지 못했습니다.,2026-07-20T15:47:00,2026-07-20T15:47:01,0.98
NROM,0000709005,success,13695.0,data\facts\0000709005.parquet,,,2026-07-20T15:47:02,2026-07-20T15:47:03,1.383
NRP,0001171486,success,19921.0,data\facts\0001171486.parquet,,,2026-07-20T15:47:03,2026-07-20T15:47:05,1.489
NRRSF,0001778940,failed,,,HTTPError,404 Client Error: Not Found for url: https://data.sec.gov/api/xbrl/companyfacts/CIK0001778940.json,2026-07-20T15:47:05,2026-07-20T15:47:06,0.853
NRRWF,0001680637,failed,,,HTTPError,404 Client Error: Not Found for url: https://data.sec.gov/api/xbrl/companyfacts/CIK0001680637.json,2026-07-20T15:47:06,2026-07-20T15:47:07,0.965
NRSAX,0001663712,failed,,,ValueError,Company Facts에서 facts 데이터를 찾지 못했습니다.,2026-07-20T15:47:07,2026-07-20T15:47:08,0.961
NRSN,0001875091,success,2054.0,data\facts\0001875091.parquet,,,2026-07-20T15:47:09,2026-07-20T15:47:10,1.089
NRT,0000072633,success,122.0,data\facts\0000072633.parquet,,,2026-07-20T15:47:10,2026-07-20T15:47:11,0.955
NRUC,0000070502,success,19166.0,data\facts\0000070502.parquet,,,2026-07-20T15:47:11,2026-07-20T15:47:13,1.432
NRXP,0001719406,success,6475.0,data\facts\0001719406.parquet,,,2026-07-20T15:47:13,2026-07-20T15:47:14,1.127
NRXS,0001933567,success,3264.0,data\facts\0001933567.parquet,,,2026-07-20T15:47:15,2026-07-20T15:47:16,1.155
NSA,0001618563,success,15535.0,data\facts\0001618563.parquet,,,2026-07-20T15:47:16,2026-07-20T15:47:17,1.425
NSARO,0000013372,success,815.0,data\facts\0000013372.parquet,,,2026-07-20T15:47:18,2026-07-20T15:47:19,1.055
NSC,0000702165,success,20219.0,data\facts\0000702165.parquet,,,2026-07-20T15:47:19,2026-07-20T15:47:21,1.463
NSFDF,0001009922,success,4220.0,data\facts\0001009922.parquet,,,2026-07-20T15:47:21,2026-07-20T15:47:22,1.086
NSIT,0000932696,success,19369.0,data\facts\0000932696.parquet,,,2026-07-20T15:47:22,2026-07-20T15:47:24,1.487
NSLR,0001509470,success,4384.0,data\facts\0001509470.parquet,,,2026-07-20T15:47:24,2026-07-20T15:47:25,1.122
NSNFY,0002027166,failed,,,HTTPError,404 Client Error: Not Found for url: https://data.sec.gov/api/xbrl/companyfacts/CIK0002027166.json,2026-07-20T15:47:25,2026-07-20T15:47:26,0.872
NSP,0001000753,success,18941.0,data\facts\0001000753.parquet,,,2026-07-20T15:47:27,2026-07-20T15:47:28,1.381
NSPR,0001433607,success,12511.0,data\facts\0001433607.parquet,,,2026-07-20T15:47:28,2026-07-20T15:47:30,1.273
NSRCF,0001302084,success,5008.0,data\facts\0001302084.parquet,,,2026-07-20T15:47:30,2026-07-20T15:47:31,1.127
NSRX,0002029039,success,469.0,data\facts\0002029039.parquet,,,2026-07-20T15:47:31,2026-07-20T15:47:32,0.99
NSSC,0000069633,success,16198.0,data\facts\0000069633.parquet,,,2026-07-20T15:47:33,2026-07-20T15:47:34,1.364
NSTM,0000912544,success,4649.0,data\facts\0000912544.parquet,,,2026-07-20T15:47:34,2026-07-20T15:47:35,1.027
NSTS,0001881592,success,7179.0,data\facts\0001881592.parquet,,,2026-07-20T15:47:36,2026-07-20T15:47:37,1.128
NSURF,0002002326,failed,,,HTTPError,404 Client Error: Not Found for url: https://data.sec.gov/api/xbrl/companyfacts/CIK0002002326.json,2026-07-20T15:47:37,2026-07-20T15:47:38,0.933
NSYS,0000722313,success,16740.0,data\facts\0000722313.parquet,,,2026-07-20T15:47:38,2026-07-20T15:47:40,1.426
NTAP,0001002047,success,28418.0,data\facts\0001002047.parquet,,,2026-07-20T15:47:40,2026-07-20T15:47:42,1.738
NTB,0001653242,success,6826.0,data\facts\0001653242.parquet,,,2026-07-20T15:47:42,2026-07-20T15:47:43,1.163
NTCL,0001927578,success,840.0,data\facts\0001927578.parquet,,,2026-07-20T15:47:44,2026-07-20T15:47:45,0.989
NTCMY,0002126620,failed,,,HTTPError,404 Client Error: Not Found for url: https://data.sec.gov/api/xbrl/companyfacts/CIK0002126620.json,2026-07-20T15:47:45,2026-07-20T15:47:46,0.914
NTCS,0001933359,success,1835.0,data\facts\0001933359.parquet,,,2026-07-20T15:47:46,2026-07-20T15:47:47,0.989
NTCT,0001078075,success,26560.0,data\facts\0001078075.parquet,,,2026-07-20T15:47:47,2026-07-20T15:47:49,1.489
NTES,0001110646,success,8324.0,data\facts\0001110646.parquet,,,2026-07-20T15:47:49,2026-07-20T15:47:50,1.104
NTGR,0001122904,success,24727.0,data\facts\0001122904.parquet,,,2026-07-20T15:47:51,2026-07-20T15:47:52,1.454
NTHI,0001979414,success,929.0,data\facts\0001979414.parquet,,,2026-07-20T15:47:52,2026-07-20T15:47:54,1.022
NTIC,0000875582,success,19167.0,data\facts\0000875582.parquet,,,2026-07-20T15:47:54,2026-07-20T15:47:55,1.319
NTIP,0001065078,success,12610.0,data\facts\0001065078.parquet,,,2026-07-20T15:47:55,2026-07-20T15:47:57,1.153
NTLA,0001652130,success,10705.0,data\facts\0001652130.parquet,,,2026-07-20T15:47:57,2026-07-20T15:47:58,1.262
NTMJ,0002084296,success,5.0,data\facts\0002084296.parquet,,,2026-07-20T15:47:58,2026-07-20T15:48:00,1.15
NTNX,0001618732,success,14480.0,data\facts\0001618732.parquet,,,2026-07-20T15:48:00,2026-07-20T15:48:01,1.38
NTPIF,0000829365,success,4905.0,data\facts\0000829365.parquet,,,2026-07-20T15:48:02,2026-07-20T15:48:03,1.286
NTR,0001725964,success,3298.0,data\facts\0001725964.parquet,,,2026-07-20T15:48:03,2026-07-20T15:48:04,1.125
NTRA,0001604821,success,13834.0,data\facts\0001604821.parquet,,,2026-07-20T15:48:05,2026-07-20T15:48:06,1.371
NTRB,0001676047,success,8234.0,data\facts\0001676047.parquet,,,2026-07-20T15:48:06,2026-07-20T15:48:07,1.143
NTRP,0000788611,success,13078.0,data\facts\0000788611.parquet,,,2026-07-20T15:48:08,2026-07-20T15:48:09,1.365
NTRR,0001512886,success,5360.0,data\facts\0001512886.parquet,,,2026-07-20T15:48:09,2026-07-20T15:48:11,1.159
NTRS,0000073124,success,38663.0,data\facts\0000073124.parquet,,,2026-07-20T15:48:11,2026-07-20T15:48:13,1.866
NTRX,0001363598,failed,,,HTTPError,404 Client Error: Not Found for url: https://data.sec.gov/api/xbrl/companyfacts/CIK0001363598.json,2026-07-20T15:48:13,2026-07-20T15:48:14,0.971
NTSK,0002063196,success,1190.0,data\facts\0002063196.parquet,,,2026-07-20T15:48:14,2026-07-20T15:48:16,1.087
NTST,0001798100,success,9072.0,data\facts\0001798100.parquet,,,2026-07-20T15:48:16,2026-07-20T15:48:17,1.254
NTTYY,0000769594,success,5485.0,data\facts\0000769594.parquet,,,2026-07-20T15:48:17,2026-07-20T15:48:19,1.143
NTWK,0001039280,success,22629.0,data\facts\0001039280.parquet,,,2026-07-20T15:48:19,2026-07-20T15:48:20,1.543
NTWO,0002028027,success,425.0,data\facts\0002028027.parquet,,,2026-07-20T15:48:21,2026-07-20T15:48:22,1.006
NTZ,0000900391,success,3781.0,data\facts\0000900391.parquet,,,2026-07-20T15:48:22,2026-07-20T15:48:23,0.95
NU,0001691493,success,1170.0,data\facts\0001691493.parquet,,,2026-07-20T15:48:23,2026-07-20T15:48:24,0.932
NUAI,0002028336,success,1685.0,data\facts\0002028336.parquet,,,2026-07-20T15:48:24,2026-07-20T15:48:25,0.871
NUCL,0002089283,success,658.0,data\facts\0002089283.parquet,,,2026-07-20T15:48:26,2026-07-20T15:48:27,1.039
NUE,0000073309,success,26096.0,data\facts\0000073309.parquet,,,2026-07-20T15:48:27,2026-07-20T15:48:28,1.427
NULGF,0001502758,failed,,,HTTPError,404 Client Error: Not Found for url: https://data.sec.gov/api/xbrl/companyfacts/CIK0001502758.json,2026-07-20T15:48:29,2026-07-20T15:48:30,0.854
NUMD,0001543637,success,8498.0,data\facts\0001543637.parquet,,,2026-07-20T15:48:30,2026-07-20T15:48:31,1.212
NUS,0001021561,success,19992.0,data\facts\0001021561.parquet,,,2026-07-20T15:48:31,2026-07-20T15:48:33,1.403
NUTR,0002006468,success,675.0,data\facts\0002006468.parquet,,,2026-07-20T15:48:33,2026-07-20T15:48:34,0.921
NUTX,0001479681,success,15297.0,data\facts\0001479681.parquet,,,2026-07-20T15:48:34,2026-07-20T15:48:36,1.437
NUV,0000812801,failed,,,HTTPError,404 Client Error: Not Found for url: https://data.sec.gov/api/xbrl/companyfacts/CIK0000812801.json,2026-07-20T15:48:36,2026-07-20T15:48:37,0.977
NUVB,0001811063,success,5621.0,data\facts\0001811063.parquet,,,2026-07-20T15:48:37,2026-07-20T15:48:38,0.917
NUVI,0001410708,success,2146.0,data\facts\0001410708.parquet,,,2026-07-20T15:48:39,2026-07-20T15:48:40,0.995
NUVL,0001861560,success,3904.0,data\facts\0001861560.parquet,,,2026-07-20T15:48:40,2026-07-20T15:48:41,0.953
NUVR,0000071557,success,17359.0,data\facts\0000071557.parquet,,,2026-07-20T15:48:41,2026-07-20T15:48:43,1.371
NUW,0001450445,failed,,,ValueError,Company Facts에서 facts 데이터를 찾지 못했습니다.,2026-07-20T15:48:43,2026-07-20T15:48:44,0.961
NUWE,0001506492,success,10881.0,data\facts\0001506492.parquet,,,2026-07-20T15:48:44,2026-07-20T15:48:45,1.212
NVA,0001852551,success,537.0,data\facts\0001852551.parquet,,,2026-07-20T15:48:46,2026-07-20T15:48:47,0.983
NVAX,0001000694,success,18606.0,data\facts\0001000694.parquet,,,2026-07-20T15:48:47,2026-07-20T15:48:48,1.398
NVCR,0001645113,success,16441.0,data\facts\0001645113.parquet,,,2026-07-20T15:48:49,2026-07-20T15:48:50,1.331
NVCT,0001875558,success,1995.0,data\facts\0001875558.parquet,,,2026-07-20T15:48:50,2026-07-20T15:48:51,1.02
NVDA,0001045810,skipped,,data\facts\0001045810.parquet,,,2026-07-20T15:48:52,2026-07-20T15:48:52,0.0
NVEC,0000724910,success,13968.0,data\facts\0000724910.parquet,,,2026-07-20T15:48:52,2026-07-20T15:48:53,1.379
NVG,0001090116,failed,,,HTTPError,404 Client Error: Not Found for url: https://data.sec.gov/api/xbrl/companyfacts/CIK0001090116.json,2026-07-20T15:48:54,2026-07-20T15:48:55,0.94
NVGLF,0001607807,failed,,,HTTPError,404 Client Error: Not Found for url: https://data.sec.gov/api/xbrl/companyfacts/CIK0001607807.json,2026-07-20T15:48:55,2026-07-20T15:48:56,0.898
NVGS,0001581804,success,8226.0,data\facts\0001581804.parquet,,,2026-07-20T15:48:56,2026-07-20T15:48:57,1.117
NVMI,0001109345,success,5919.0,data\facts\0001109345.parquet,,,2026-07-20T15:48:57,2026-07-20T15:48:59,1.153
NVNI,0001965143,success,1760.0,data\facts\0001965143.parquet,,,2026-07-20T15:48:59,2026-07-20T15:49:00,1.002
NVNO,0001661053,success,5899.0,data\facts\0001661053.parquet,,,2026-07-20T15:49:00,2026-07-20T15:49:01,1.083
NVO,0000353278,success,4216.0,data\facts\0000353278.parquet,,,2026-07-20T15:49:02,2026-07-20T15:49:03,1.095
NVR,0000906163,success,13913.0,data\facts\0000906163.parquet,,,2026-07-20T15:49:03,2026-07-20T15:49:04,1.242
NVRI,0002104052,success,315.0,data\facts\0002104052.parquet,,,2026-07-20T15:49:05,2026-07-20T15:49:06,0.946
NVS,0001114448,success,8605.0,data\facts\0001114448.parquet,,,2026-07-20T15:49:06,2026-07-20T15:49:07,1.185
NVSGF,0001415758,failed,,,HTTPError,404 Client Error: Not Found for url: https://data.sec.gov/api/xbrl/companyfacts/CIK0001415758.json,2026-07-20T15:49:07,2026-07-20T15:49:08,0.924
NVST,0001757073,success,11464.0,data\facts\0001757073.parquet,,,2026-07-20T15:49:09,2026-07-20T15:49:10,1.273
NVT,0001720635,success,12743.0,data\facts\0001720635.parquet,,,2026-07-20T15:49:10,2026-07-20T15:49:11,1.271
NVTS,0001821769,success,6251.0,data\facts\0001821769.parquet,,,2026-07-20T15:49:12,2026-07-20T15:49:13,1.141
NVVE,0001836875,success,9340.0,data\facts\0001836875.parquet,,,2026-07-20T15:49:13,2026-07-20T15:49:14,1.223
NVX,0001859795,success,2839.0,data\facts\0001859795.parquet,,,2026-07-20T15:49:15,2026-07-20T15:49:16,0.991
NWAX,0002074878,success,143.0,data\facts\0002074878.parquet,,,2026-07-20T15:49:16,2026-07-20T15:49:17,1.004
NWBI,0001471265,success,32399.0,data\facts\0001471265.parquet,,,2026-07-20T15:49:17,2026-07-20T15:49:19,1.771
NWBO,0001072379,success,16771.0,data\facts\0001072379.parquet,,,2026-07-20T15:49:19,2026-07-20T15:49:21,1.531
NWCYY,0002073913,failed,,,HTTPError,404 Client Error: Not Found for url: https://data.sec.gov/api/xbrl/companyfacts/CIK0002073913.json,2026-07-20T15:49:21,2026-07-20T15:49:22,0.915
NWE,0001993004,success,4083.0,data\facts\0001993004.parquet,,,2026-07-20T15:49:23,2026-07-20T15:49:24,1.204
NWFL,0001013272,success,28769.0,data\facts\0001013272.parquet,,,2026-07-20T15:49:24,2026-07-20T15:49:26,1.66
NWG,0000844150,success,7695.0,data\facts\0000844150.parquet,,,2026-07-20T15:49:26,2026-07-20T15:49:27,1.273
NWGL,0001948294,success,630.0,data\facts\0001948294.parquet,,,2026-07-20T15:49:28,2026-07-20T15:49:29,1.018
NWL,0000814453,success,26045.0,data\facts\0000814453.parquet,,,2026-07-20T15:49:29,2026-07-20T15:49:30,1.469
NWN,0001733998,success,13571.0,data\facts\0001733998.parquet,,,2026-07-20T15:49:31,2026-07-20T15:49:32,1.355
NWPG,0001289223,success,998.0,data\facts\0001289223.parquet,,,2026-07-20T15:49:32,2026-07-20T15:49:33,1.0
NWPP,0001163389,success,19687.0,data\facts\0001163389.parquet,,,2026-07-20T15:49:34,2026-07-20T15:49:35,1.279
NWPX,0001001385,success,19679.0,data\facts\0001001385.parquet,,,2026-07-20T15:49:35,2026-07-20T15:49:37,1.451
NWSA,0001564708,success,20115.0,data\facts\0001564708.parquet,,,2026-07-20T15:49:37,2026-07-20T15:49:39,1.426
NWSGY,0001449664,failed,,,HTTPError,404 Client Error: Not Found for url: https://data.sec.gov/api/xbrl/companyfacts/CIK0001449664.json,2026-07-20T15:49:39,2026-07-20T15:49:40,0.888
NWTG,0001934245,success,2425.0,data\facts\0001934245.parquet,,,2026-07-20T15:49:40,2026-07-20T15:49:41,1.099
NX,0001423221,success,29017.0,data\facts\0001423221.parquet,,,2026-07-20T15:49:41,2026-07-20T15:49:43,1.766
NXB,0002067767,success,776.0,data\facts\0002067767.parquet,,,2026-07-20T15:49:44,2026-07-20T15:49:45,1.058
NXDR,0001846069,success,5965.0,data\facts\0001846069.parquet,,,2026-07-20T15:49:45,2026-07-20T15:49:46,1.078
NXDT,0001356115,success,4917.0,data\facts\0001356115.parquet,,,2026-07-20T15:49:46,2026-07-20T15:49:47,1.158
NXE,0001698535,success,2222.0,data\facts\0001698535.parquet,,,2026-07-20T15:49:48,2026-07-20T15:49:49,1.089
NXG,0001506488,success,13.0,data\facts\0001506488.parquet,,,2026-07-20T15:49:49,2026-07-20T15:49:50,0.969
NXGL,0001468929,success,7337.0,data\facts\0001468929.parquet,,,2026-07-20T15:49:50,2026-07-20T15:49:52,1.187
NXL,0001527352,success,3467.0,data\facts\0001527352.parquet,,,2026-07-20T15:49:52,2026-07-20T15:49:53,1.125
NXMH,0001811530,success,2194.0,data\facts\0001811530.parquet,,,2026-07-20T15:49:53,2026-07-20T15:49:54,0.864
NXNT,0001976663,success,1165.0,data\facts\0001976663.parquet,,,2026-07-20T15:49:55,2026-07-20T15:49:56,1.032
NXP,0000883618,success,31.0,data\facts\0000883618.parquet,,,2026-07-20T15:49:56,2026-07-20T15:49:57,0.93
NXPGY,0001455632,failed,,,HTTPError,404 Client Error: Not Found for url: https://data.sec.gov/api/xbrl/companyfacts/CIK0001455632.json,2026-07-20T15:49:57,2026-07-20T15:49:58,0.849
NXPI,0001413447,success,17321.0,data\facts\0001413447.parquet,,,2026-07-20T15:49:58,2026-07-20T15:50:00,2.046
NXPL,0001058307,success,15464.0,data\facts\0001058307.parquet,,,2026-07-20T15:50:01,2026-07-20T15:50:02,1.802
NXRT,0001620393,success,12329.0,data\facts\0001620393.parquet,,,2026-07-20T15:50:03,2026-07-20T15:50:04,1.251
NXST,0001142417,success,20088.0,data\facts\0001142417.parquet,,,2026-07-20T15:50:04,2026-07-20T15:50:06,1.899
NXT,0001852131,success,3785.0,data\facts\0001852131.parquet,,,2026-07-20T15:50:07,2026-07-20T15:50:08,1.146
NXTC,0001661059,success,5857.0,data\facts\0001661059.parquet,,,2026-07-20T15:50:08,2026-07-20T15:50:09,1.168
NXTS,0001789192,success,5304.0,data\facts\0001789192.parquet,,,2026-07-20T15:50:09,2026-07-20T15:50:10,0.958
NXTT,0001784970,success,5684.0,data\facts\0001784970.parquet,,,2026-07-20T15:50:11,2026-07-20T15:50:12,1.028
NXXT,0001817004,success,5692.0,data\facts\0001817004.parquet,,,2026-07-20T15:50:12,2026-07-20T15:50:13,1.078
NYAX,0001901279,success,2539.0,data\facts\0001901279.parquet,,,2026-07-20T15:50:13,2026-07-20T15:50:14,1.019
NYB,0002100835,failed,,,HTTPError,404 Client Error: Not Found for url: https://data.sec.gov/api/xbrl/companyfacts/CIK0002100835.json,2026-07-20T15:50:15,2026-07-20T15:50:15,0.792
NYC,0001595527,success,13154.0,data\facts\0001595527.parquet,,,2026-07-20T15:50:16,2026-07-20T15:50:17,1.274
NYMXF,0001018735,success,3652.0,data\facts\0001018735.parquet,,,2026-07-20T15:50:17,2026-07-20T15:50:18,1.101
NYT,0000071691,success,26038.0,data\facts\0000071691.parquet,,,2026-07-20T15:50:19,2026-07-20T15:50:20,1.342
NYXH,0001857190,success,2862.0,data\facts\0001857190.parquet,,,2026-07-20T15:50:20,2026-07-20T15:50:21,0.975
NZAUF,0001925511,failed,,,HTTPError,404 Client Error: Not Found for url: https://data.sec.gov/api/xbrl/companyfacts/CIK0001925511.json,2026-07-20T15:50:22,2026-07-20T15:50:22,0.827
NZEOF,0001445654,failed,,,HTTPError,404 Client Error: Not Found for url: https://data.sec.gov/api/xbrl/companyfacts/CIK0001445654.json,2026-07-20T15:50:23,2026-07-20T15:50:24,0.756
NZERF,0001509705,failed,,,HTTPError,404 Client Error: Not Found for url: https://data.sec.gov/api/xbrl/companyfacts/CIK0001509705.json,2026-07-20T15:50:24,2026-07-20T15:50:25,1.015
NZF,0001137887,success,10.0,data\facts\0001137887.parquet,,,2026-07-20T15:50:25,2026-07-20T15:50:26,0.819
O,0000726728,success,21299.0,data\facts\0000726728.parquet,,,2026-07-20T15:50:26,2026-07-20T15:50:28,1.342
OABIW,0001846253,success,5153.0,data\facts\0001846253.parquet,,,2026-07-20T15:50:28,2026-07-20T15:50:29,0.991
OACC,0002029769,success,426.0,data\facts\0002029769.parquet,,,2026-07-20T15:50:29,2026-07-20T15:50:30,0.77
OAK-PA,0001403528,success,14290.0,data\facts\0001403528.parquet,,,2026-07-20T15:50:30,2026-07-20T15:50:31,0.757
OAKC,0001588871,failed,,,HTTPError,404 Client Error: Not Found for url: https://data.sec.gov/api/xbrl/companyfacts/CIK0001588871.json,2026-07-20T15:50:31,2026-07-20T15:50:32,0.475
OAKV,0001865429,failed,,,HTTPError,404 Client Error: Not Found for url: https://data.sec.gov/api/xbrl/companyfacts/CIK0001865429.json,2026-07-20T15:50:32,2026-07-20T15:50:32,0.515
OBA,0002034313,success,262.0,data\facts\0002034313.parquet,,,2026-07-20T15:50:33,2026-07-20T15:50:33,0.693
OBAI,0001756064,success,807.0,data\facts\0001756064.parquet,,,2026-07-20T15:50:34,2026-07-20T15:50:34,0.558
OBBCY,0002088339,failed,,,HTTPError,404 Client Error: Not Found for url: https://data.sec.gov/api/xbrl/companyfacts/CIK0002088339.json,2026-07-20T15:50:34,2026-07-20T15:50:35,0.48
OBDC,0001655888,success,5138.0,data\facts\0001655888.parquet,,,2026-07-20T15:50:35,2026-07-20T15:50:36,0.69
OBE,0001334388,success,2336.0,data\facts\0001334388.parquet,,,2026-07-20T15:50:36,2026-07-20T15:50:37,0.586
OBICY,0002077146,failed,,,HTTPError,404 Client Error: Not Found for url: https://data.sec.gov/api/xbrl/companyfacts/CIK0002077146.json,2026-07-20T15:50:37,2026-07-20T15:50:38,0.603
OBIO,0001814114,success,4625.0,data\facts\0001814114.parquet,,,2026-07-20T15:50:38,2026-07-20T15:50:39,0.77
OBK,0001516912,success,19519.0,data\facts\0001516912.parquet,,,2026-07-20T15:50:39,2026-07-20T15:50:40,1.022
OBNB,0001916101,failed,,,HTTPError,404 Client Error: Not Found for url: https://data.sec.gov/api/xbrl/companyfacts/CIK0001916101.json,2026-07-20T15:50:40,2026-07-20T15:50:41,0.69
OBNK,0002042444,failed,,,HTTPError,404 Client Error: Not Found for url: https://data.sec.gov/api/xbrl/companyfacts/CIK0002042444.json,2026-07-20T15:50:41,2026-07-20T15:50:42,0.701
OBOCY,0002094691,failed,,,HTTPError,404 Client Error: Not Found for url: https://data.sec.gov/api/xbrl/companyfacts/CIK0002094691.json,2026-07-20T15:50:42,2026-07-20T15:50:43,0.975
OBT,0001754226,success,9971.0,data\facts\0001754226.parquet,,,2026-07-20T15:50:43,2026-07-20T15:50:45,1.174
OBTC,0001767057,success,1055.0,data\facts\0001767057.parquet,,,2026-07-20T15:50:45,2026-07-20T15:50:46,0.823
OBULF,0001927026,failed,,,HTTPError,404 Client Error: Not Found for url: https://data.sec.gov/api/xbrl/companyfacts/CIK0001927026.json,2026-07-20T15:50:46,2026-07-20T15:50:47,0.785
OBX,0002130606,success,10.0,data\facts\0002130606.parquet,,,2026-07-20T15:50:47,2026-07-20T15:50:48,0.622
OC,0001370946,success,25144.0,data\facts\0001370946.parquet,,,2026-07-20T15:50:48,2026-07-20T15:50:49,1.05
OCAC,0001926314,success,11.0,data\facts\0001926314.parquet,,,2026-07-20T15:50:49,2026-07-20T15:50:50,0.645
OCC,0001000230,success,16532.0,data\facts\0001000230.parquet,,,2026-07-20T15:50:50,2026-07-20T15:50:51,0.938
OCCI,0001716951,success,62.0,data\facts\0001716951.parquet,,,2026-07-20T15:50:51,2026-07-20T15:50:52,0.992
OCEA,0001869974,success,2062.0,data\facts\0001869974.parquet,,,2026-07-20T15:50:53,2026-07-20T15:50:54,0.92
OCFC,0001004702,success,34162.0,data\facts\0001004702.parquet,,,2026-07-20T15:50:54,2026-07-20T15:50:56,1.699
OCG,0001776067,success,1971.0,data\facts\0001776067.parquet,,,2026-07-20T15:50:56,2026-07-20T15:50:57,0.942
OCGN,0001372299,success,11224.0,data\facts\0001372299.parquet,,,2026-07-20T15:50:57,2026-07-20T15:50:58,1.055
OCGSF,0000942149,failed,,,HTTPError,404 Client Error: Not Found for url: https://data.sec.gov/api/xbrl/companyfacts/CIK0000942149.json,2026-07-20T15:50:59,2026-07-20T15:50:59,0.847
OCLN,0001419793,success,12052.0,data\facts\0001419793.parquet,,,2026-07-20T15:51:00,2026-07-20T15:51:01,1.181
OCLT,0002137679,failed,,,ValueError,변환된 Fact Store가 비어 있습니다.,2026-07-20T15:51:01,2026-07-20T15:51:02,0.492
OCS,0001953530,success,1874.0,data\facts\0001953530.parquet,,,2026-07-20T15:51:02,2026-07-20T15:51:03,0.929
OCSL,0001414932,success,5029.0,data\facts\0001414932.parquet,,,2026-07-20T15:51:03,2026-07-20T15:51:04,0.677
OCTV,0002083632,success,212.0,data\facts\0002083632.parquet,,,2026-07-20T15:51:04,2026-07-20T15:51:05,0.636
OCUL,0001393434,success,11836.0,data\facts\0001393434.parquet,,,2026-07-20T15:51:05,2026-07-20T15:51:06,0.796
ODC,0000074046,success,16899.0,data\facts\0000074046.parquet,,,2026-07-20T15:51:06,2026-07-20T15:51:07,0.789
ODD,0001907085,success,1134.0,data\facts\0001907085.parquet,,,2026-07-20T15:51:07,2026-07-20T15:51:07,0.577
ODFL,0000878927,success,15169.0,data\facts\0000878927.parquet,,,2026-07-20T15:51:08,2026-07-20T15:51:08,0.745
ODKUY,0002108124,failed,,,HTTPError,404 Client Error: Not Found for url: https://data.sec.gov/api/xbrl/companyfacts/CIK0002108124.json,2026-07-20T15:51:09,2026-07-20T15:51:09,0.482
ODOT,0001857629,failed,,,HTTPError,404 Client Error: Not Found for url: https://data.sec.gov/api/xbrl/companyfacts/CIK0001857629.json,2026-07-20T15:51:09,2026-07-20T15:51:10,0.516
ODRS,0001610718,success,2155.0,data\facts\0001610718.parquet,,,2026-07-20T15:51:10,2026-07-20T15:51:11,0.589
ODTX,0001882782,success,298.0,data\facts\0001882782.parquet,,,2026-07-20T15:51:11,2026-07-20T15:51:12,0.584
ODV,0001431852,success,1347.0,data\facts\0001431852.parquet,,,2026-07-20T15:51:12,2026-07-20T15:51:12,0.589
ODYS,0001577445,success,7383.0,data\facts\0001577445.parquet,,,2026-07-20T15:51:13,2026-07-20T15:51:13,0.739
ODYY,0001626644,success,6953.0,data\facts\0001626644.parquet,,,2026-07-20T15:51:14,2026-07-20T15:51:15,0.807
OEC,0001609804,success,12813.0,data\facts\0001609804.parquet,,,2026-07-20T15:51:15,2026-07-20T15:51:16,0.832
OESX,0001409375,success,22385.0,data\facts\0001409375.parquet,,,2026-07-20T15:51:16,2026-07-20T15:51:17,0.767
OFAL,0002036307,success,759.0,data\facts\0002036307.parquet,,,2026-07-20T15:51:17,2026-07-20T15:51:18,0.734
OFG,0001030469,success,36049.0,data\facts\0001030469.parquet,,,2026-07-20T15:51:18,2026-07-20T15:51:19,1.231
OFIX,0000884624,success,20694.0,data\facts\0000884624.parquet,,,2026-07-20T15:51:19,2026-07-20T15:51:20,0.951
OFLX,0001317945,success,15253.0,data\facts\0001317945.parquet,,,2026-07-20T15:51:21,2026-07-20T15:51:21,0.816
OFRM,0001696556,success,212.0,data\facts\0001696556.parquet,,,2026-07-20T15:51:22,2026-07-20T15:51:22,0.648
OFS,0001487918,success,4620.0,data\facts\0001487918.parquet,,,2026-07-20T15:51:23,2026-07-20T15:51:23,0.702
OGC,0001487326,success,4.0,data\facts\0001487326.parquet,,,2026-07-20T15:51:24,2026-07-20T15:51:24,0.611
OGE,0001021635,success,25474.0,data\facts\0001021635.parquet,,,2026-07-20T15:51:24,2026-07-20T15:51:26,1.162
OGEN,0001174940,success,11648.0,data\facts\0001174940.parquet,,,2026-07-20T15:51:26,2026-07-20T15:51:27,0.904
OGI,0001620737,success,1947.0,data\facts\0001620737.parquet,,,2026-07-20T15:51:27,2026-07-20T15:51:28,0.629
OGN,0001821825,success,8498.0,data\facts\0001821825.parquet,,,2026-07-20T15:51:28,2026-07-20T15:51:29,0.8
OGS,0001587732,success,16018.0,data\facts\0001587732.parquet,,,2026-07-20T15:51:29,2026-07-20T15:51:30,0.908
OHAC,0002090787,success,12.0,data\facts\0002090787.parquet,,,2026-07-20T15:51:30,2026-07-20T15:51:31,0.564
OHCFF,0001735514,failed,,,HTTPError,404 Client Error: Not Found for url: https://data.sec.gov/api/xbrl/companyfacts/CIK0001735514.json,2026-07-20T15:51:31,2026-07-20T15:51:32,0.588
OHI,0000888491,success,23836.0,data\facts\0000888491.parquet,,,2026-07-20T15:51:32,2026-07-20T15:51:33,0.88
OI,0000812074,success,26638.0,data\facts\0000812074.parquet,,,2026-07-20T15:51:33,2026-07-20T15:51:34,0.794
OIA,0000835333,failed,,,ValueError,Company Facts에서 facts 데이터를 찾지 못했습니다.,2026-07-20T15:51:34,2026-07-20T15:51:35,0.594
OII,0000073756,success,18634.0,data\facts\0000073756.parquet,,,2026-07-20T15:51:35,2026-07-20T15:51:36,0.775
OIM,0002088325,success,99.0,data\facts\0002088325.parquet,,,2026-07-20T15:51:36,2026-07-20T15:51:37,0.721
OIO,0001957538,success,869.0,data\facts\0001957538.parquet,,,2026-07-20T15:51:37,2026-07-20T15:51:37,0.523
OIS,0001121484,success,24598.0,data\facts\0001121484.parquet,,,2026-07-20T15:51:38,2026-07-20T15:51:39,1.045
OKE,0001039684,success,28825.0,data\facts\0001039684.parquet,,,2026-07-20T15:51:39,2026-07-20T15:51:40,1.123
OKLO,0001849056,success,3390.0,data\facts\0001849056.parquet,,,2026-07-20T15:51:40,2026-07-20T15:51:41,0.734
OKMN,0001848334,success,2503.0,data\facts\0001848334.parquet,,,2026-07-20T15:51:41,2026-07-20T15:51:42,0.681
OKTA,0001660134,success,12820.0,data\facts\0001660134.parquet,,,2026-07-20T15:51:42,2026-07-20T15:51:43,0.721
OKUR,0001637715,success,4204.0,data\facts\0001637715.parquet,,,2026-07-20T15:51:43,2026-07-20T15:51:44,1.007
OKYO,0001849296,success,1032.0,data\facts\0001849296.parquet,,,2026-07-20T15:51:45,2026-07-20T15:51:45,0.762
OLB,0001314196,success,10223.0,data\facts\0001314196.parquet,,,2026-07-20T15:51:46,2026-07-20T15:51:46,0.901
OLED,0001005284,success,21214.0,data\facts\0001005284.parquet,,,2026-07-20T15:51:47,2026-07-20T15:51:48,1.005
OLLI,0001639300,success,14029.0,data\facts\0001639300.parquet,,,2026-07-20T15:51:48,2026-07-20T15:51:49,0.851
OLMA,0001750284,success,5121.0,data\facts\0001750284.parquet,,,2026-07-20T15:51:49,2026-07-20T15:51:50,0.827
OLN,0000074303,success,36816.0,data\facts\0000074303.parquet,,,2026-07-20T15:51:50,2026-07-20T15:51:52,1.37
OLOX,0001023994,success,14987.0,data\facts\0001023994.parquet,,,2026-07-20T15:51:52,2026-07-20T15:51:53,1.041
OLP,0000712770,success,17920.0,data\facts\0000712770.parquet,,,2026-07-20T15:51:53,2026-07-20T15:51:54,0.825
OLPX,0001868726,success,5618.0,data\facts\0001868726.parquet,,,2026-07-20T15:51:54,2026-07-20T15:51:55,0.622
OM,0001484612,success,6575.0,data\facts\0001484612.parquet,,,2026-07-20T15:51:55,2026-07-20T15:51:56,0.832
OMAB,0001378239,success,3517.0,data\facts\0001378239.parquet,,,2026-07-20T15:51:56,2026-07-20T15:51:57,0.621
OMC,0000029989,success,24803.0,data\facts\0000029989.parquet,,,2026-07-20T15:51:57,2026-07-20T15:51:58,0.86
OMCC,0001000045,success,13125.0,data\facts\0001000045.parquet,,,2026-07-20T15:51:58,2026-07-20T15:51:59,0.814
OMCL,0000926326,success,23513.0,data\facts\0000926326.parquet,,,2026-07-20T15:51:59,2026-07-20T15:52:00,1.124
OMDA,0001611115,success,1313.0,data\facts\0001611115.parquet,,,2026-07-20T15:52:01,2026-07-20T15:52:01,0.713
OMER,0001285819,success,15621.0,data\facts\0001285819.parquet,,,2026-07-20T15:52:02,2026-07-20T15:52:02,0.856
OMEX,0000798528,success,15752.0,data\facts\0000798528.parquet,,,2026-07-20T15:52:03,2026-07-20T15:52:04,1.112
OMF,0001584207,success,24014.0,data\facts\0001584207.parquet,,,2026-07-20T15:52:04,2026-07-20T15:52:06,1.469
OMH,0001944902,success,3404.0,data\facts\0001944902.parquet,,,2026-07-20T15:52:06,2026-07-20T15:52:07,0.94
OMQS,0000278165,success,15579.0,data\facts\0000278165.parquet,,,2026-07-20T15:52:07,2026-07-20T15:52:08,1.039
OMSE,0002012219,success,591.0,data\facts\0002012219.parquet,,,2026-07-20T15:52:08,2026-07-20T15:52:09,0.605
OMTK,0001404804,success,13421.0,data\facts\0001404804.parquet,,,2026-07-20T15:52:09,2026-07-20T15:52:10,0.83
ON,0001097864,success,30355.0,data\facts\0001097864.parquet,,,2026-07-20T15:52:10,2026-07-20T15:52:11,1.077
ONAR,0001682265,success,6338.0,data\facts\0001682265.parquet,,,2026-07-20T15:52:12,2026-07-20T15:52:12,0.831
ONB,0000707179,success,46298.0,data\facts\0000707179.parquet,,,2026-07-20T15:52:13,2026-07-20T15:52:14,1.42
ONC,0001651308,success,14093.0,data\facts\0001651308.parquet,,,2026-07-20T15:52:14,2026-07-20T15:52:15,0.915
ONCH,0002054272,success,226.0,data\facts\0002054272.parquet,,,2026-07-20T15:52:16,2026-07-20T15:52:16,0.545
ONCO,0001782107,success,5199.0,data\facts\0001782107.parquet,,,2026-07-20T15:52:16,2026-07-20T15:52:17,0.727
ONCY,0001129928,success,2673.0,data\facts\0001129928.parquet,,,2026-07-20T15:52:17,2026-07-20T15:52:18,0.676
ONDS,0001646188,success,11987.0,data\facts\0001646188.parquet,,,2026-07-20T15:52:18,2026-07-20T15:52:19,0.809
ONEG,0002030834,success,375.0,data\facts\0002030834.parquet,,,2026-07-20T15:52:19,2026-07-20T15:52:20,0.647
ONEI,0001388295,success,3842.0,data\facts\0001388295.parquet,,,2026-07-20T15:52:20,2026-07-20T15:52:21,1.013
ONEW,0001772921,success,8027.0,data\facts\0001772921.parquet,,,2026-07-20T15:52:22,2026-07-20T15:52:22,0.86
ONFO,0001825452,success,3975.0,data\facts\0001825452.parquet,,,2026-07-20T15:52:23,2026-07-20T15:52:24,0.947
ONIT,0000873860,success,31781.0,data\facts\0000873860.parquet,,,2026-07-20T15:52:24,2026-07-20T15:52:25,1.32
ONL,0001873923,success,6574.0,data\facts\0001873923.parquet,,,2026-07-20T15:52:25,2026-07-20T15:52:26,0.893
ONMD,0001849380,success,4665.0,data\facts\0001849380.parquet,,,2026-07-20T15:52:27,2026-07-20T15:52:27,0.877
ONON,0001858985,success,3579.0,data\facts\0001858985.parquet,,,2026-07-20T15:52:28,2026-07-20T15:52:28,0.671
ONT,0001643615,success,10377.0,data\facts\0001643615.parquet,,,2026-07-20T15:52:29,2026-07-20T15:52:29,0.763
ONTO,0000704532,success,21202.0,data\facts\0000704532.parquet,,,2026-07-20T15:52:30,2026-07-20T15:52:31,0.98
ONWRY,0002059986,failed,,,HTTPError,404 Client Error: Not Found for url: https://data.sec.gov/api/xbrl/companyfacts/CIK0002059986.json,2026-07-20T15:52:31,2026-07-20T15:52:32,0.668
OOMA,0001327688,success,12923.0,data\facts\0001327688.parquet,,,2026-07-20T15:52:32,2026-07-20T15:52:33,0.75
OP,0002119416,success,4.0,data\facts\0002119416.parquet,,,2026-07-20T15:52:33,2026-07-20T15:52:34,0.701
OPAD,0001825024,success,6011.0,data\facts\0001825024.parquet,,,2026-07-20T15:52:34,2026-07-20T15:52:35,0.737
OPAL,0001842279,success,7189.0,data\facts\0001842279.parquet,,,2026-07-20T15:52:35,2026-07-20T15:52:36,1.109
OPBK,0001722010,success,16218.0,data\facts\0001722010.parquet,,,2026-07-20T15:52:36,2026-07-20T15:52:37,1.109
OPCH,0001014739,success,22633.0,data\facts\0001014739.parquet,,,2026-07-20T15:52:38,2026-07-20T15:52:39,1.233
OPEN,0001801169,success,8357.0,data\facts\0001801169.parquet,,,2026-07-20T15:52:39,2026-07-20T15:52:40,0.907
OPFI,0001818502,success,8697.0,data\facts\0001818502.parquet,,,2026-07-20T15:52:40,2026-07-20T15:52:41,1.055
OPHC,0001288855,success,18599.0,data\facts\0001288855.parquet,,,2026-07-20T15:52:42,2026-07-20T15:52:43,1.081
OPI,0001456772,success,16998.0,data\facts\0001456772.parquet,,,2026-07-20T15:52:43,2026-07-20T15:52:44,1.342
OPK,0000944809,success,24890.0,data\facts\0000944809.parquet,,,2026-07-20T15:52:45,2026-07-20T15:52:46,1.398
OPLN,0001395942,success,24204.0,data\facts\0001395942.parquet,,,2026-07-20T15:52:46,2026-07-20T15:52:48,1.488
OPNHY,0002131812,failed,,,HTTPError,404 Client Error: Not Found for url: https://data.sec.gov/api/xbrl/companyfacts/CIK0002131812.json,2026-07-20T15:52:48,2026-07-20T15:52:49,0.896
OPP,0001678130,failed,,,ValueError,Company Facts에서 facts 데이터를 찾지 못했습니다.,2026-07-20T15:52:49,2026-07-20T15:52:50,0.894
OPRA,0001737450,success,4392.0,data\facts\0001737450.parquet,,,2026-07-20T15:52:51,2026-07-20T15:52:52,0.931
OPRT,0001538716,success,9873.0,data\facts\0001538716.parquet,,,2026-07-20T15:52:52,2026-07-20T15:52:53,1.281
OPRX,0001448431,success,12890.0,data\facts\0001448431.parquet,,,2026-07-20T15:52:54,2026-07-20T15:52:55,1.28
OPTH,0002027329,success,19.0,data\facts\0002027329.parquet,,,2026-07-20T15:52:55,2026-07-20T15:52:56,0.989
OPTT,0001378140,success,15059.0,data\facts\0001378140.parquet,,,2026-07-20T15:52:56,2026-07-20T15:52:58,1.45
OPTU,0001702780,success,16259.0,data\facts\0001702780.parquet,,,2026-07-20T15:52:58,2026-07-20T15:53:00,1.463
OPTX,0001866816,success,3242.0,data\facts\0001866816.parquet,,,2026-07-20T15:53:00,2026-07-20T15:53:01,0.91
OPXS,0001397016,success,13393.0,data\facts\0001397016.parquet,,,2026-07-20T15:53:01,2026-07-20T15:53:02,1.087
OPY,0000791963,success,25971.0,data\facts\0000791963.parquet,,,2026-07-20T15:53:03,2026-07-20T15:53:04,1.625
OR,0001627272,success,3273.0,data\facts\0001627272.parquet,,,2026-07-20T15:53:05,2026-07-20T15:53:06,1.129
ORA,0001296445,success,31378.0,data\facts\0001296445.parquet,,,2026-07-20T15:53:06,2026-07-20T15:53:08,1.645
ORBS,0001892492,success,4996.0,data\facts\0001892492.parquet,,,2026-07-20T15:53:08,2026-07-20T15:53:09,1.498
ORC,0001518621,success,11886.0,data\facts\0001518621.parquet,,,2026-07-20T15:53:10,2026-07-20T15:53:11,1.346
ORCL,0001341439,success,26035.0,data\facts\0001341439.parquet,,,2026-07-20T15:53:11,2026-07-20T15:53:14,2.263
ORCRY,0002142762,failed,,,HTTPError,404 Client Error: Not Found for url: https://data.sec.gov/api/xbrl/companyfacts/CIK0002142762.json,2026-07-20T15:53:14,2026-07-20T15:53:15,0.847
ORESF,0001481857,failed,,,HTTPError,404 Client Error: Not Found for url: https://data.sec.gov/api/xbrl/companyfacts/CIK0001481857.json,2026-07-20T15:53:15,2026-07-20T15:53:16,0.812
ORGO,0001661181,success,11725.0,data\facts\0001661181.parquet,,,2026-07-20T15:53:16,2026-07-20T15:53:17,1.189
ORI,0000074260,success,24085.0,data\facts\0000074260.parquet,,,2026-07-20T15:53:18,2026-07-20T15:53:19,1.41
ORIB,0001854183,success,1753.0,data\facts\0001854183.parquet,,,2026-07-20T15:53:19,2026-07-20T15:53:20,1.078
ORIC,0001796280,success,5161.0,data\facts\0001796280.parquet,,,2026-07-20T15:53:21,2026-07-20T15:53:22,0.919
ORIO,0001602842,success,1760.0,data\facts\0001602842.parquet,,,2026-07-20T15:53:22,2026-07-20T15:53:23,1.027
ORIQ,0002044523,success,376.0,data\facts\0002044523.parquet,,,2026-07-20T15:53:23,2026-07-20T15:53:24,0.71
ORISF,0001964664,success,729.0,data\facts\0001964664.parquet,,,2026-07-20T15:53:24,2026-07-20T15:53:25,0.692
ORKA,0000907654,success,11782.0,data\facts\0000907654.parquet,,,2026-07-20T15:53:25,2026-07-20T15:53:26,0.717
ORKT,0001979407,success,739.0,data\facts\0001979407.parquet,,,2026-07-20T15:53:26,2026-07-20T15:53:27,0.843
ORLA,0001680056,success,1597.0,data\facts\0001680056.parquet,,,2026-07-20T15:53:27,2026-07-20T15:53:28,0.752
ORLY,0000898173,success,19932.0,data\facts\0000898173.parquet,,,2026-07-20T15:53:28,2026-07-20T15:53:30,1.393
ORMP,0001176309,success,12616.0,data\facts\0001176309.parquet,,,2026-07-20T15:53:30,2026-07-20T15:53:31,1.043
ORN,0001402829,success,21824.0,data\facts\0001402829.parquet,,,2026-07-20T15:53:32,2026-07-20T15:53:33,1.132
ORNJY,0002093314,failed,,,HTTPError,404 Client Error: Not Found for url: https://data.sec.gov/api/xbrl/companyfacts/CIK0002093314.json,2026-07-20T15:53:33,2026-07-20T15:53:34,0.771
ORRCF,0001390352,failed,,,HTTPError,404 Client Error: Not Found for url: https://data.sec.gov/api/xbrl/companyfacts/CIK0001390352.json,2026-07-20T15:53:34,2026-07-20T15:53:35,0.862
ORRF,0000826154,success,31830.0,data\facts\0000826154.parquet,,,2026-07-20T15:53:35,2026-07-20T15:53:37,1.755
OSBC,0000357173,success,30479.0,data\facts\0000357173.parquet,,,2026-07-20T15:53:37,2026-07-20T15:53:39,1.517
OSBK,0001076691,success,805.0,data\facts\0001076691.parquet,,,2026-07-20T15:53:39,2026-07-20T15:53:40,0.824
OSCR,0001568651,success,7604.0,data\facts\0001568651.parquet,,,2026-07-20T15:53:40,2026-07-20T15:53:41,0.978
OSCUF,0001600520,failed,,,HTTPError,404 Client Error: Not Found for url: https://data.sec.gov/api/xbrl/companyfacts/CIK0001600520.json,2026-07-20T15:53:42,2026-07-20T15:53:42,0.707
OSG,0000874501,success,23805.0,data\facts\0000874501.parquet,,,2026-07-20T15:53:43,2026-07-20T15:53:44,1.22
OSIS,0001039065,success,23069.0,data\facts\0001039065.parquet,,,2026-07-20T15:53:44,2026-07-20T15:53:45,1.022
OSK,0000775158,success,28757.0,data\facts\0000775158.parquet,,,2026-07-20T15:53:45,2026-07-20T15:53:47,1.525
OSOL,0001868282,failed,,,HTTPError,404 Client Error: Not Found for url: https://data.sec.gov/api/xbrl/companyfacts/CIK0001868282.json,2026-07-20T15:53:47,2026-07-20T15:53:48,0.86
OSOPF,0002137358,failed,,,HTTPError,404 Client Error: Not Found for url: https://data.sec.gov/api/xbrl/companyfacts/CIK0002137358.json,2026-07-20T15:53:48,2026-07-20T15:53:49,0.679
OSPN,0001044777,success,20563.0,data\facts\0001044777.parquet,,,2026-07-20T15:53:49,2026-07-20T15:53:51,1.228
OSPR,0002113481,failed,,,ValueError,변환된 Fact Store가 비어 있습니다.,2026-07-20T15:53:51,2026-07-20T15:53:52,0.717
OSRH,0001840425,success,2535.0,data\facts\0001840425.parquet,,,2026-07-20T15:53:52,2026-07-20T15:53:53,1.101
OSS,0001394056,success,9197.0,data\facts\0001394056.parquet,,,2026-07-20T15:53:53,2026-07-20T15:53:54,1.054
OST,0001803407,success,2494.0,data\facts\0001803407.parquet,,,2026-07-20T15:53:55,2026-07-20T15:53:56,0.941
OSTX,0001795091,success,1867.0,data\facts\0001795091.parquet,,,2026-07-20T15:53:56,2026-07-20T15:53:57,0.956
OSUR,0001116463,success,19528.0,data\facts\0001116463.parquet,,,2026-07-20T15:53:57,2026-07-20T15:53:58,1.135
OSW,0001758488,success,9165.0,data\facts\0001758488.parquet,,,2026-07-20T15:53:59,2026-07-20T15:54:00,1.062
OTAI,0002094076,success,58.0,data\facts\0002094076.parquet,,,2026-07-20T15:54:00,2026-07-20T15:54:01,0.897
OTEX,0001002638,success,33971.0,data\facts\0001002638.parquet,,,2026-07-20T15:54:01,2026-07-20T15:54:03,1.529
OTF,0001747777,success,3962.0,data\facts\0001747777.parquet,,,2026-07-20T15:54:03,2026-07-20T15:54:04,0.948
OTGA,0002077010,success,234.0,data\facts\0002077010.parquet,,,2026-07-20T15:54:04,2026-07-20T15:54:05,0.835
OTIS,0001781335,success,11636.0,data\facts\0001781335.parquet,,,2026-07-20T15:54:05,2026-07-20T15:54:07,1.107
OTLC,0000908259,success,11135.0,data\facts\0000908259.parquet,,,2026-07-20T15:54:07,2026-07-20T15:54:08,1.216
OTLK,0001649989,success,9509.0,data\facts\0001649989.parquet,,,2026-07-20T15:54:08,2026-07-20T15:54:10,1.147
OTLY,0001843586,success,2378.0,data\facts\0001843586.parquet,,,2026-07-20T15:54:10,2026-07-20T15:54:11,0.97
OTTR,0001466593,success,25781.0,data\facts\0001466593.parquet,,,2026-07-20T15:54:11,2026-07-20T15:54:13,1.638
OUNZ,0001546652,success,3841.0,data\facts\0001546652.parquet,,,2026-07-20T15:54:13,2026-07-20T15:54:14,1.083
OUST,0001816581,success,7986.0,data\facts\0001816581.parquet,,,2026-07-20T15:54:14,2026-07-20T15:54:16,1.196
OUT,0001579877,success,20364.0,data\facts\0001579877.parquet,,,2026-07-20T15:54:16,2026-07-20T15:54:17,1.384
OVBC,0000894671,success,26212.0,data\facts\0000894671.parquet,,,2026-07-20T15:54:18,2026-07-20T15:54:19,1.63
OVID,0001636651,success,8412.0,data\facts\0001636651.parquet,,,2026-07-20T15:54:20,2026-07-20T15:54:21,0.991
OVLY,0001431567,success,22174.0,data\facts\0001431567.parquet,,,2026-07-20T15:54:21,2026-07-20T15:54:22,1.23
OVTZ,0001107280,success,6804.0,data\facts\0001107280.parquet,,,2026-07-20T15:54:22,2026-07-20T15:54:24,1.174
OVV,0001792580,success,13522.0,data\facts\0001792580.parquet,,,2026-07-20T15:54:24,2026-07-20T15:54:25,1.15
OWL,0001823945,success,6047.0,data\facts\0001823945.parquet,,,2026-07-20T15:54:25,2026-07-20T15:54:26,0.978
OWLS,0002025416,success,5.0,data\facts\0002025416.parquet,,,2026-07-20T15:54:27,2026-07-20T15:54:28,0.994
OWLT,0001816708,success,5832.0,data\facts\0001816708.parquet,,,2026-07-20T15:54:28,2026-07-20T15:54:29,1.048
OWPC,0001622244,success,6994.0,data\facts\0001622244.parquet,,,2026-07-20T15:54:29,2026-07-20T15:54:30,0.967
OWSCX,0001748680,failed,,,HTTPError,404 Client Error: Not Found for url: https://data.sec.gov/api/xbrl/companyfacts/CIK0001748680.json,2026-07-20T15:54:31,2026-07-20T15:54:32,0.978
OXBR,0001584831,success,12348.0,data\facts\0001584831.parquet,,,2026-07-20T15:54:32,2026-07-20T15:54:33,1.007
OXLC,0001495222,success,16.0,data\facts\0001495222.parquet,,,2026-07-20T15:54:33,2026-07-20T15:54:34,0.771
OXM,0000075288,success,18033.0,data\facts\0000075288.parquet,,,2026-07-20T15:54:34,2026-07-20T15:54:35,1.193
OXSQ,0001259429,success,4372.0,data\facts\0001259429.parquet,,,2026-07-20T15:54:36,2026-07-20T15:54:37,0.866
OXY,0000797468,success,24890.0,data\facts\0000797468.parquet,,,2026-07-20T15:54:37,2026-07-20T15:54:38,1.333
OYCG,0001994582,success,983.0,data\facts\0001994582.parquet,,,2026-07-20T15:54:38,2026-07-20T15:54:39,0.827
OYSE,0002042182,success,258.0,data\facts\0002042182.parquet,,,2026-07-20T15:54:40,2026-07-20T15:54:40,0.784
OZ,0001807046,success,4035.0,data\facts\0001807046.parquet,,,2026-07-20T15:54:41,2026-07-20T15:54:42,1.24
OZK,0001569650,failed,,,HTTPError,404 Client Error: Not Found for url: https://data.sec.gov/api/xbrl/companyfacts/CIK0001569650.json,2026-07-20T15:54:42,2026-07-20T15:54:43,0.84
OZSC,0001679817,success,8536.0,data\facts\0001679817.parquet,,,2026-07-20T15:54:43,2026-07-20T15:54:45,1.192
OZVN,0001751707,success,3475.0,data\facts\0001751707.parquet,,,2026-07-20T15:54:45,2026-07-20T15:54:46,0.877
P,0001474432,success,16932.0,data\facts\0001474432.parquet,,,2026-07-20T15:54:46,2026-07-20T15:54:47,1.103
PAA,0001070423,success,19820.0,data\facts\0001070423.parquet,,,2026-07-20T15:54:48,2026-07-20T15:54:49,1.409
PAAC,0002087446,success,112.0,data\facts\0002087446.parquet,,,2026-07-20T15:54:49,2026-07-20T15:54:50,0.906
PAAS,0000771992,success,3443.0,data\facts\0000771992.parquet,,,2026-07-20T15:54:50,2026-07-20T15:54:52,1.21
PAC,0001347557,success,4176.0,data\facts\0001347557.parquet,,,2026-07-20T15:54:52,2026-07-20T15:54:53,1.146
PACB,0001299130,success,16445.0,data\facts\0001299130.parquet,,,2026-07-20T15:54:53,2026-07-20T15:54:55,1.562
PACH,0002040381,success,270.0,data\facts\0002040381.parquet,,,2026-07-20T15:54:55,2026-07-20T15:54:56,0.948
PACK,0001712463,success,12711.0,data\facts\0001712463.parquet,,,2026-07-20T15:54:56,2026-07-20T15:54:58,1.372
PACS,0002001184,success,3914.0,data\facts\0002001184.parquet,,,2026-07-20T15:54:58,2026-07-20T15:54:59,1.155
PAEXY,0002073620,failed,,,HTTPError,404 Client Error: Not Found for url: https://data.sec.gov/api/xbrl/companyfacts/CIK0002073620.json,2026-07-20T15:55:00,2026-07-20T15:55:00,0.701
PAG,0001019849,success,23553.0,data\facts\0001019849.parquet,,,2026-07-20T15:55:01,2026-07-20T15:55:02,1.491
PAGP,0001581990,success,14595.0,data\facts\0001581990.parquet,,,2026-07-20T15:55:02,2026-07-20T15:55:04,1.42
PAGS,0001712807,success,3060.0,data\facts\0001712807.parquet,,,2026-07-20T15:55:04,2026-07-20T15:55:05,1.302
PAHC,0001069899,success,17211.0,data\facts\0001069899.parquet,,,2026-07-20T15:55:06,2026-07-20T15:55:07,1.101
PAI,0000075398,failed,,,HTTPError,404 Client Error: Not Found for url: https://data.sec.gov/api/xbrl/companyfacts/CIK0000075398.json,2026-07-20T15:55:07,2026-07-20T15:55:08,0.766
PAII,0002069238,success,194.0,data\facts\0002069238.parquet,,,2026-07-20T15:55:08,2026-07-20T15:55:09,0.721
PAIYY,0001757143,success,2955.0,data\facts\0001757143.parquet,,,2026-07-20T15:55:09,2026-07-20T15:55:10,0.949
PAL,0001998768,success,1303.0,data\facts\0001998768.parquet,,,2026-07-20T15:55:10,2026-07-20T15:55:11,0.855
PALI,0001357459,success,12762.0,data\facts\0001357459.parquet,,,2026-07-20T15:55:12,2026-07-20T15:55:13,1.202
PALL,0001459862,success,5347.0,data\facts\0001459862.parquet,,,2026-07-20T15:55:13,2026-07-20T15:55:14,1.156
PALO,0002101562,success,67.0,data\facts\0002101562.parquet,,,2026-07-20T15:55:15,2026-07-20T15:55:15,0.836
PALX,0001938569,success,1283.0,data\facts\0001938569.parquet,,,2026-07-20T15:55:16,2026-07-20T15:55:17,0.96
PAM,0001469395,success,3756.0,data\facts\0001469395.parquet,,,2026-07-20T15:55:17,2026-07-20T15:55:18,0.972
PAMT,0000798287,success,20427.0,data\facts\0000798287.parquet,,,2026-07-20T15:55:18,2026-07-20T15:55:20,1.253
PANL,0001606909,success,13862.0,data\facts\0001606909.parquet,,,2026-07-20T15:55:20,2026-07-20T15:55:21,1.274
PANW,0001327567,success,20487.0,data\facts\0001327567.parquet,,,2026-07-20T15:55:21,2026-07-20T15:55:23,1.715
PAPL,0001938109,success,2556.0,data\facts\0001938109.parquet,,,2026-07-20T15:55:23,2026-07-20T15:55:24,0.983
PAR,0000708821,success,22759.0,data\facts\0000708821.parquet,,,2026-07-20T15:55:25,2026-07-20T15:55:26,1.368
PARK,0002069604,success,228.0,data\facts\0002069604.parquet,,,2026-07-20T15:55:26,2026-07-20T15:55:27,1.0
PARR,0000821483,success,22326.0,data\facts\0000821483.parquet,,,2026-07-20T15:55:28,2026-07-20T15:55:29,1.19
PASG,0001787297,success,5052.0,data\facts\0001787297.parquet,,,2026-07-20T15:55:29,2026-07-20T15:55:30,1.035
PASW,0001897532,success,733.0,data\facts\0001897532.parquet,,,2026-07-20T15:55:31,2026-07-20T15:55:31,0.731
PATH,0001734722,success,8977.0,data\facts\0001734722.parquet,,,2026-07-20T15:55:32,2026-07-20T15:55:33,1.021
PATK,0000076605,success,19183.0,data\facts\0000076605.parquet,,,2026-07-20T15:55:33,2026-07-20T15:55:34,1.209
PAVM,0001624326,success,8134.0,data\facts\0001624326.parquet,,,2026-07-20T15:55:34,2026-07-20T15:55:35,0.974
PAVS,0001751876,success,4493.0,data\facts\0001751876.parquet,,,2026-07-20T15:55:36,2026-07-20T15:55:37,0.877
PAX,0001825570,success,2333.0,data\facts\0001825570.parquet,,,2026-07-20T15:55:37,2026-07-20T15:55:38,1.052
PAXH,0001350156,success,6609.0,data\facts\0001350156.parquet,,,2026-07-20T15:55:38,2026-07-20T15:55:39,0.864
PAXS,0001886878,failed,,,ValueError,Company Facts에서 facts 데이터를 찾지 못했습니다.,2026-07-20T15:55:39,2026-07-20T15:55:40,0.808
PAY,0001841156,success,6636.0,data\facts\0001841156.parquet,,,2026-07-20T15:55:40,2026-07-20T15:55:41,0.73
PAYC,0001590955,success,15327.0,data\facts\0001590955.parquet,,,2026-07-20T15:55:41,2026-07-20T15:55:42,0.846
PAYD,0001017655,success,14563.0,data\facts\0001017655.parquet,,,2026-07-20T15:55:43,2026-07-20T15:55:44,1.009
PAYO,0001845815,success,6873.0,data\facts\0001845815.parquet,,,2026-07-20T15:55:44,2026-07-20T15:55:45,0.739
PAYP,0002080845,success,1.0,data\facts\0002080845.parquet,,,2026-07-20T15:55:45,2026-07-20T15:55:46,0.688
PAYS,0001496443,success,11991.0,data\facts\0001496443.parquet,,,2026-07-20T15:55:46,2026-07-20T15:55:47,0.926
PAYX,0000723531,success,23398.0,data\facts\0000723531.parquet,,,2026-07-20T15:55:47,2026-07-20T15:55:48,1.149
PB,0001068851,success,29878.0,data\facts\0001068851.parquet,,,2026-07-20T15:55:49,2026-07-20T15:55:50,1.459
PBA,0001546066,success,3971.0,data\facts\0001546066.parquet,,,2026-07-20T15:55:50,2026-07-20T15:55:51,1.061
PBF,0001534504,success,20190.0,data\facts\0001534504.parquet,,,2026-07-20T15:55:52,2026-07-20T15:55:53,1.224
PBFS,0001769663,success,13318.0,data\facts\0001769663.parquet,,,2026-07-20T15:55:53,2026-07-20T15:55:54,1.286
PBH,0001295947,success,25230.0,data\facts\0001295947.parquet,,,2026-07-20T15:55:55,2026-07-20T15:55:56,1.43
PBHC,0001609065,success,23649.0,data\facts\0001609065.parquet,,,2026-07-20T15:55:57,2026-07-20T15:55:58,1.49
PBI,0000078814,success,37868.0,data\facts\0000078814.parquet,,,2026-07-20T15:55:58,2026-07-20T15:56:00,1.609
PBK,0002011053,success,571.0,data\facts\0002011053.parquet,,,2026-07-20T15:56:00,2026-07-20T15:56:01,0.83
PBLS,0001657677,success,20.0,data\facts\0001657677.parquet,,,2026-07-20T15:56:01,2026-07-20T15:56:02,0.8
PBM,0001985062,success,710.0,data\facts\0001985062.parquet,,,2026-07-20T15:56:03,2026-07-20T15:56:04,1.001
PBMLF,0001319150,success,1201.0,data\facts\0001319150.parquet,,,2026-07-20T15:56:04,2026-07-20T15:56:05,0.8
PBNNF,0001504122,failed,,,HTTPError,404 Client Error: Not Found for url: https://data.sec.gov/api/xbrl/companyfacts/CIK0001504122.json,2026-07-20T15:56:05,2026-07-20T15:56:06,0.887
PBR,0001119639,success,11187.0,data\facts\0001119639.parquet,,,2026-07-20T15:56:06,2026-07-20T15:56:07,1.185
PBRRY,0002034467,failed,,,HTTPError,404 Client Error: Not Found for url: https://data.sec.gov/api/xbrl/companyfacts/CIK0002034467.json,2026-07-20T15:56:08,2026-07-20T15:56:08,0.863
PBSV,0001304161,success,12353.0,data\facts\0001304161.parquet,,,2026-07-20T15:56:09,2026-07-20T15:56:10,1.35
PBT,0000319654,failed,,,HTTPError,404 Client Error: Not Found for url: https://data.sec.gov/api/xbrl/companyfacts/CIK0000319654.json,2026-07-20T15:56:10,2026-07-20T15:56:11,0.885
PBYI,0001401667,success,16437.0,data\facts\0001401667.parquet,,,2026-07-20T15:56:12,2026-07-20T15:56:13,1.247
PC,0001998056,success,1207.0,data\facts\0001998056.parquet,,,2026-07-20T15:56:13,2026-07-20T15:56:14,0.98
PCAI,0002131101,success,5.0,data\facts\0002131101.parquet,,,2026-07-20T15:56:15,2026-07-20T15:56:16,0.994
PCAP,0002056634,success,240.0,data\facts\0002056634.parquet,,,2026-07-20T15:56:16,2026-07-20T15:56:17,0.812
PCAR,0000075362,success,20186.0,data\facts\0000075362.parquet,,,2026-07-20T15:56:17,2026-07-20T15:56:18,1.332
PCB,0001423869,success,18274.0,data\facts\0001423869.parquet,,,2026-07-20T15:56:19,2026-07-20T15:56:20,1.417
PCCYF,0001108329,success,2903.0,data\facts\0001108329.parquet,,,2026-07-20T15:56:20,2026-07-20T15:56:21,0.723
PCF,0000810943,failed,,,ValueError,Company Facts에서 facts 데이터를 찾지 못했습니다.,2026-07-20T15:56:21,2026-07-20T15:56:22,0.969
PCG,0001004980,success,21736.0,data\facts\0001004980.parquet,,,2026-07-20T15:56:23,2026-07-20T15:56:24,1.334
PCGC,0001365359,failed,,,HTTPError,404 Client Error: Not Found for url: https://data.sec.gov/api/xbrl/companyfacts/CIK0001365359.json,2026-07-20T15:56:24,2026-07-20T15:56:25,0.974
PCLA,0002018462,success,694.0,data\facts\0002018462.parquet,,,2026-07-20T15:56:25,2026-07-20T15:56:26,0.889
PCM,0000908187,failed,,,HTTPError,404 Client Error: Not Found for url: https://data.sec.gov/api/xbrl/companyfacts/CIK0000908187.json,2026-07-20T15:56:27,2026-07-20T15:56:27,0.75
PCMC,0001141964,success,1774.0,data\facts\0001141964.parquet,,,2026-07-20T15:56:28,2026-07-20T15:56:28,0.704
PCN,0001160990,success,101.0,data\facts\0001160990.parquet,,,2026-07-20T15:56:29,2026-07-20T15:56:29,0.814
PCOR,0001611052,success,7625.0,data\facts\0001611052.parquet,,,2026-07-20T15:56:30,2026-07-20T15:56:31,1.105
PCPGY,0002053411,failed,,,HTTPError,404 Client Error: Not Found for url: https://data.sec.gov/api/xbrl/companyfacts/CIK0002053411.json,2026-07-20T15:56:31,2026-07-20T15:56:32,0.657
PCQ,0001140411,failed,,,HTTPError,404 Client Error: Not Found for url: https://data.sec.gov/api/xbrl/companyfacts/CIK0001140411.json,2026-07-20T15:56:32,2026-07-20T15:56:33,1.006
PCRX,0001396814,success,20903.0,data\facts\0001396814.parquet,,,2026-07-20T15:56:33,2026-07-20T15:56:35,1.988
PCSA,0001533743,success,10451.0,data\facts\0001533743.parquet,,,2026-07-20T15:56:36,2026-07-20T15:56:37,1.671
PCSC,0002017526,success,1088.0,data\facts\0002017526.parquet,,,2026-07-20T15:56:38,2026-07-20T15:56:39,1.062
PCSV,0001122020,success,7860.0,data\facts\0001122020.parquet,,,2026-07-20T15:56:39,2026-07-20T15:56:40,0.95
PCT,0001830033,success,6369.0,data\facts\0001830033.parquet,,,2026-07-20T15:56:40,2026-07-20T15:56:42,1.2
PCTY,0001591698,success,15838.0,data\facts\0001591698.parquet,,,2026-07-20T15:56:42,2026-07-20T15:56:43,1.121
PCVX,0001649094,success,7046.0,data\facts\0001649094.parquet,,,2026-07-20T15:56:43,2026-07-20T15:56:45,1.248
PCYN,0000812306,success,11792.0,data\facts\0000812306.parquet,,,2026-07-20T15:56:45,2026-07-20T15:56:46,1.047
PCYO,0000276720,success,15039.0,data\facts\0000276720.parquet,,,2026-07-20T15:56:46,2026-07-20T15:56:48,1.375
PD,0001568100,success,11900.0,data\facts\0001568100.parquet,,,2026-07-20T15:56:48,2026-07-20T15:56:49,1.175
PDC,0001944399,success,1983.0,data\facts\0001944399.parquet,,,2026-07-20T15:56:49,2026-07-20T15:56:50,0.79
PDCC,0001998043,failed,,,ValueError,Company Facts에서 facts 데이터를 찾지 못했습니다.,2026-07-20T15:56:50,2026-07-20T15:56:51,0.897
PDD,0001737806,success,4517.0,data\facts\0001737806.parquet,,,2026-07-20T15:56:52,2026-07-20T15:56:53,1.115
PDEX,0000788920,success,16465.0,data\facts\0000788920.parquet,,,2026-07-20T15:56:53,2026-07-20T15:56:54,1.174
PDFS,0001120914,success,20105.0,data\facts\0001120914.parquet,,,2026-07-20T15:56:55,2026-07-20T15:56:56,1.329
PDI,0001510599,failed,,,ValueError,Company Facts에서 facts 데이터를 찾지 못했습니다.,2026-07-20T15:56:56,2026-07-20T15:56:57,0.893
PDLB,0001874071,success,9970.0,data\facts\0001874071.parquet,,,2026-07-20T15:56:57,2026-07-20T15:56:58,1.057
PDM,0001042776,success,20743.0,data\facts\0001042776.parquet,,,2026-07-20T15:56:59,2026-07-20T15:57:00,1.272
PDO,0001798618,failed,,,HTTPError,404 Client Error: Not Found for url: https://data.sec.gov/api/xbrl/companyfacts/CIK0001798618.json,2026-07-20T15:57:00,2026-07-20T15:57:01,0.92
PDS,0001013605,success,2464.0,data\facts\0001013605.parquet,,,2026-07-20T15:57:02,2026-07-20T15:57:02,0.88
PDSB,0001472091,success,9693.0,data\facts\0001472091.parquet,,,2026-07-20T15:57:03,2026-07-20T15:57:04,1.206
PDSRX,0001756404,failed,,,ValueError,Company Facts에서 facts 데이터를 찾지 못했습니다.,2026-07-20T15:57:04,2026-07-20T15:57:05,0.822
PDT,0000855886,success,1.0,data\facts\0000855886.parquet,,,2026-07-20T15:57:05,2026-07-20T15:57:06,0.96
PDX,0001756908,failed,,,HTTPError,404 Client Error: Not Found for url: https://data.sec.gov/api/xbrl/companyfacts/CIK0001756908.json,2026-07-20T15:57:07,2026-07-20T15:57:07,0.662
PDYN,0001826681,success,5609.0,data\facts\0001826681.parquet,,,2026-07-20T15:57:08,2026-07-20T15:57:09,1.099
PDYTY,0002032887,failed,,,HTTPError,404 Client Error: Not Found for url: https://data.sec.gov/api/xbrl/companyfacts/CIK0002032887.json,2026-07-20T15:57:09,2026-07-20T15:57:10,0.787
PEB,0001474098,success,20193.0,data\facts\0001474098.parquet,,,2026-07-20T15:57:10,2026-07-20T15:57:11,0.812
PEBK,0001093672,success,26666.0,data\facts\0001093672.parquet,,,2026-07-20T15:57:11,2026-07-20T15:57:13,1.361
PEBO,0000318300,success,35829.0,data\facts\0000318300.parquet,,,2026-07-20T15:57:13,2026-07-20T15:57:14,1.633
PECE,0002088626,success,82.0,data\facts\0002088626.parquet,,,2026-07-20T15:57:15,2026-07-20T15:57:16,0.768
PECO,0001476204,success,21295.0,data\facts\0001476204.parquet,,,2026-07-20T15:57:16,2026-07-20T15:57:17,1.246
PED,0001141197,success,15508.0,data\facts\0001141197.parquet,,,2026-07-20T15:57:17,2026-07-20T15:57:19,1.149
PEG,0000788784,success,27623.0,data\facts\0000788784.parquet,,,2026-07-20T15:57:19,2026-07-20T15:57:20,1.407
PEGA,0001013857,success,22220.0,data\facts\0001013857.parquet,,,2026-07-20T15:57:21,2026-07-20T15:57:22,1.364
PEN,0001321732,success,17312.0,data\facts\0001321732.parquet,,,2026-07-20T15:57:22,2026-07-20T15:57:24,1.403
PENG,0001616533,success,15157.0,data\facts\0001616533.parquet,,,2026-07-20T15:57:24,2026-07-20T15:57:25,1.102
PENN,0000921738,success,26050.0,data\facts\0000921738.parquet,,,2026-07-20T15:57:25,2026-07-20T15:57:27,1.314
PEO,0000216851,failed,,,HTTPError,404 Client Error: Not Found for url: https://data.sec.gov/api/xbrl/companyfacts/CIK0000216851.json,2026-07-20T15:57:27,2026-07-20T15:57:28,0.775
PEP,0000077476,success,32903.0,data\facts\0000077476.parquet,,,2026-07-20T15:57:28,2026-07-20T15:57:29,1.413
PEPG,0001835597,success,3841.0,data\facts\0001835597.parquet,,,2026-07-20T15:57:30,2026-07-20T15:57:31,0.876
PERF,0001899830,success,2909.0,data\facts\0001899830.parquet,,,2026-07-20T15:57:31,2026-07-20T15:57:32,0.902
PERI,0001338940,success,9114.0,data\facts\0001338940.parquet,,,2026-07-20T15:57:32,2026-07-20T15:57:33,1.049
PESI,0000891532,success,22808.0,data\facts\0000891532.parquet,,,2026-07-20T15:57:34,2026-07-20T15:57:35,1.119
PETS,0001040130,success,14210.0,data\facts\0001040130.parquet,,,2026-07-20T15:57:35,2026-07-20T15:57:36,1.143
PETV,0001512922,success,12915.0,data\facts\0001512922.parquet,,,2026-07-20T15:57:36,2026-07-20T15:57:38,1.163
PETZ,0001684425,success,3537.0,data\facts\0001684425.parquet,,,2026-07-20T15:57:38,2026-07-20T15:57:39,1.171
PEVM,0001879848,success,4099.0,data\facts\0001879848.parquet,,,2026-07-20T15:57:39,2026-07-20T15:57:40,0.913
PEW,0002051380,success,993.0,data\facts\0002051380.parquet,,,2026-07-20T15:57:41,2026-07-20T15:57:42,1.0
PFAI,0002032755,success,529.0,data\facts\0002032755.parquet,,,2026-07-20T15:57:42,2026-07-20T15:57:43,0.86
PFBC,0001492165,failed,,,HTTPError,404 Client Error: Not Found for url: https://data.sec.gov/api/xbrl/companyfacts/CIK0001492165.json,2026-07-20T15:57:43,2026-07-20T15:57:44,0.929
PFBX,0000770460,success,24210.0,data\facts\0000770460.parquet,,,2026-07-20T15:57:44,2026-07-20T15:57:46,1.395
PFD,0000868578,failed,,,ValueError,Company Facts에서 facts 데이터를 찾지 못했습니다.,2026-07-20T15:57:46,2026-07-20T15:57:47,0.931
PFE,0000078003,success,32673.0,data\facts\0000078003.parquet,,,2026-07-20T15:57:47,2026-07-20T15:57:49,2.112
PFG,0001126328,success,34923.0,data\facts\0001126328.parquet,,,2026-07-20T15:57:50,2026-07-20T15:57:52,2.094
PFGC,0001618673,success,14204.0,data\facts\0001618673.parquet,,,2026-07-20T15:57:52,2026-07-20T15:57:54,1.47
PFHO,0001138476,success,12719.0,data\facts\0001138476.parquet,,,2026-07-20T15:57:54,2026-07-20T15:57:55,1.298
PFIS,0001056943,success,28998.0,data\facts\0001056943.parquet,,,2026-07-20T15:57:56,2026-07-20T15:57:57,1.646
PFL,0001244183,success,11.0,data\facts\0001244183.parquet,,,2026-07-20T15:57:58,2026-07-20T15:57:58,0.911
PFLT,0001504619,success,3726.0,data\facts\0001504619.parquet,,,2026-07-20T15:57:59,2026-07-20T15:58:00,1.079
PFN,0001296250,failed,,,ValueError,Company Facts에서 facts 데이터를 찾지 못했습니다.,2026-07-20T15:58:00,2026-07-20T15:58:01,0.919
PFO,0000882071,failed,,,HTTPError,404 Client Error: Not Found for url: https://data.sec.gov/api/xbrl/companyfacts/CIK0000882071.json,2026-07-20T15:58:01,2026-07-20T15:58:02,0.899
PFS,0001178970,success,36878.0,data\facts\0001178970.parquet,,,2026-07-20T15:58:03,2026-07-20T15:58:04,1.706
PFSA,0001859807,success,3791.0,data\facts\0001859807.parquet,,,2026-07-20T15:58:05,2026-07-20T15:58:06,1.151
PFSB,0001967656,success,5217.0,data\facts\0001967656.parquet,,,2026-07-20T15:58:06,2026-07-20T15:58:07,1.015
PFSI,0001745916,success,10429.0,data\facts\0001745916.parquet,,,2026-07-20T15:58:07,2026-07-20T15:58:08,0.931
PFSTY,0002120422,failed,,,HTTPError,404 Client Error: Not Found for url: https://data.sec.gov/api/xbrl/companyfacts/CIK0002120422.json,2026-07-20T15:58:09,2026-07-20T15:58:10,0.932
PFX,0001490349,success,4445.0,data\facts\0001490349.parquet,,,2026-07-20T15:58:10,2026-07-20T15:58:11,1.187
PG,0000080424,success,25529.0,data\facts\0000080424.parquet,,,2026-07-20T15:58:11,2026-07-20T15:58:13,1.264
PGAC,0002030829,success,418.0,data\facts\0002030829.parquet,,,2026-07-20T15:58:13,2026-07-20T15:58:14,0.983
PGC,0001050743,success,33773.0,data\facts\0001050743.parquet,,,2026-07-20T15:58:14,2026-07-20T15:58:16,1.496
PGEN,0001356090,success,20227.0,data\facts\0001356090.parquet,,,2026-07-20T15:58:16,2026-07-20T15:58:17,1.38
PGIM,0001923622,success,2533.0,data\facts\0001923622.parquet,,,2026-07-20T15:58:18,2026-07-20T15:58:19,1.016
PGNY,0001551306,success,8649.0,data\facts\0001551306.parquet,,,2026-07-20T15:58:19,2026-07-20T15:58:20,0.98
PGOL,0001080448,success,6096.0,data\facts\0001080448.parquet,,,2026-07-20T15:58:20,2026-07-20T15:58:22,1.212
PGP,0001318025,failed,,,HTTPError,404 Client Error: Not Found for url: https://data.sec.gov/api/xbrl/companyfacts/CIK0001318025.json,2026-07-20T15:58:22,2026-07-20T15:58:23,0.73
PGR,0000080661,success,34575.0,data\facts\0000080661.parquet,,,2026-07-20T15:58:23,2026-07-20T15:58:24,1.557
PGY,0001883085,success,7351.0,data\facts\0001883085.parquet,,,2026-07-20T15:58:25,2026-07-20T15:58:26,1.134
PGZ,0001557523,failed,,,HTTPError,404 Client Error: Not Found for url: https://data.sec.gov/api/xbrl/companyfacts/CIK0001557523.json,2026-07-20T15:58:26,2026-07-20T15:58:27,0.964
PGZFF,0001566073,failed,,,HTTPError,404 Client Error: Not Found for url: https://data.sec.gov/api/xbrl/companyfacts/CIK0001566073.json,2026-07-20T15:58:28,2026-07-20T15:58:28,0.79
PH,0000076334,success,25711.0,data\facts\0000076334.parquet,,,2026-07-20T15:58:29,2026-07-20T15:58:30,1.57
PHAR,0001828316,success,2576.0,data\facts\0001828316.parquet,,,2026-07-20T15:58:31,2026-07-20T15:58:32,1.043
PHAT,0001783183,success,7360.0,data\facts\0001783183.parquet,,,2026-07-20T15:58:32,2026-07-20T15:58:33,0.888
PHBI,0001435181,success,2777.0,data\facts\0001435181.parquet,,,2026-07-20T15:58:33,2026-07-20T15:58:34,0.964
PHCI,0001620749,success,5869.0,data\facts\0001620749.parquet,,,2026-07-20T15:58:34,2026-07-20T15:58:35,1.028
PHD,0001305767,failed,,,HTTPError,404 Client Error: Not Found for url: https://data.sec.gov/api/xbrl/companyfacts/CIK0001305767.json,2026-07-20T15:58:36,2026-07-20T15:58:37,0.883
PHDWY,0001765812,failed,,,HTTPError,404 Client Error: Not Found for url: https://data.sec.gov/api/xbrl/companyfacts/CIK0001765812.json,2026-07-20T15:58:37,2026-07-20T15:58:38,0.839
PHG,0000313216,success,6930.0,data\facts\0000313216.parquet,,,2026-07-20T15:58:38,2026-07-20T15:58:39,1.2
PHGE,0001739174,success,6151.0,data\facts\0001739174.parquet,,,2026-07-20T15:58:40,2026-07-20T15:58:41,1.127
PHI,0000078150,success,5804.0,data\facts\0000078150.parquet,,,2026-07-20T15:58:41,2026-07-20T15:58:42,1.115
PHIN,0001968915,success,5035.0,data\facts\0001968915.parquet,,,2026-07-20T15:58:42,2026-07-20T15:58:43,1.01
PHIO,0001533040,success,10520.0,data\facts\0001533040.parquet,,,2026-07-20T15:58:44,2026-07-20T15:58:45,1.294
PHK,0001219360,failed,,,HTTPError,404 Client Error: Not Found for url: https://data.sec.gov/api/xbrl/companyfacts/CIK0001219360.json,2026-07-20T15:58:45,2026-07-20T15:58:46,1.002
PHM,0000822416,success,23719.0,data\facts\0000822416.parquet,,,2026-07-20T15:58:47,2026-07-20T15:58:48,1.354
PHNMF,0001720553,failed,,,HTTPError,404 Client Error: Not Found for url: https://data.sec.gov/api/xbrl/companyfacts/CIK0001720553.json,2026-07-20T15:58:48,2026-07-20T15:58:49,0.989
PHOE,0002035709,success,479.0,data\facts\0002035709.parquet,,,2026-07-20T15:58:50,2026-07-20T15:58:51,0.986
PHR,0001412408,success,12151.0,data\facts\0001412408.parquet,,,2026-07-20T15:58:51,2026-07-20T15:58:52,1.262
PHUN,0001665300,success,8975.0,data\facts\0001665300.parquet,,,2026-07-20T15:58:53,2026-07-20T15:58:54,1.254
PHVS,0001830487,success,2883.0,data\facts\0001830487.parquet,,,2026-07-20T15:58:54,2026-07-20T15:58:55,1.011
PHXE-P,0001818643,success,1264.0,data\facts\0001818643.parquet,,,2026-07-20T15:58:55,2026-07-20T15:58:56,0.919
PHYS,0001477049,success,642.0,data\facts\0001477049.parquet,,,2026-07-20T15:58:57,2026-07-20T15:58:58,1.023
PI,0001114995,success,11923.0,data\facts\0001114995.parquet,,,2026-07-20T15:58:58,2026-07-20T15:58:59,0.911
PIAC,0000845385,success,4194.0,data\facts\0000845385.parquet,,,2026-07-20T15:58:59,2026-07-20T15:59:00,1.001
PICS,0001841644,success,1.0,data\facts\0001841644.parquet,,,2026-07-20T15:59:01,2026-07-20T15:59:01,0.811
PIFMF,0001445211,failed,,,HTTPError,404 Client Error: Not Found for url: https://data.sec.gov/api/xbrl/companyfacts/CIK0001445211.json,2026-07-20T15:59:02,2026-07-20T15:59:03,0.875
PII,0000931015,success,26026.0,data\facts\0000931015.parquet,,,2026-07-20T15:59:03,2026-07-20T15:59:04,1.428
PIII,0001832511,success,4742.0,data\facts\0001832511.parquet,,,2026-07-20T15:59:05,2026-07-20T15:59:06,1.103
PIM,0000830622,failed,,,HTTPError,404 Client Error: Not Found for url: https://data.sec.gov/api/xbrl/companyfacts/CIK0000830622.json,2026-07-20T15:59:06,2026-07-20T15:59:07,0.915
PINE,0001786117,success,7362.0,data\facts\0001786117.parquet,,,2026-07-20T15:59:07,2026-07-20T15:59:08,1.079
PINS,0001506293,success,7697.0,data\facts\0001506293.parquet,,,2026-07-20T15:59:09,2026-07-20T15:59:10,1.185
PINWF,0002059573,failed,,,HTTPError,404 Client Error: Not Found for url: https://data.sec.gov/api/xbrl/companyfacts/CIK0002059573.json,2026-07-20T15:59:10,2026-07-20T15:59:11,0.909
PINXF,0001569964,failed,,,HTTPError,404 Client Error: Not Found for url: https://data.sec.gov/api/xbrl/companyfacts/CIK0001569964.json,2026-07-20T15:59:11,2026-07-20T15:59:12,0.724
PIPR,0001230245,success,26724.0,data\facts\0001230245.parquet,,,2026-07-20T15:59:12,2026-07-20T15:59:14,1.545
PIRBF,0001437441,failed,,,HTTPError,404 Client Error: Not Found for url: https://data.sec.gov/api/xbrl/companyfacts/CIK0001437441.json,2026-07-20T15:59:14,2026-07-20T15:59:15,1.035
PJT,0001626115,success,12413.0,data\facts\0001626115.parquet,,,2026-07-20T15:59:16,2026-07-20T15:59:17,1.211
PK,0001617406,success,11350.0,data\facts\0001617406.parquet,,,2026-07-20T15:59:17,2026-07-20T15:59:18,0.994
PKBK,0001315399,success,25844.0,data\facts\0001315399.parquet,,,2026-07-20T15:59:19,2026-07-20T15:59:20,1.377
PKE,0000076267,success,16741.0,data\facts\0000076267.parquet,,,2026-07-20T15:59:20,2026-07-20T15:59:21,1.128
PKG,0000075677,success,23610.0,data\facts\0000075677.parquet,,,2026-07-20T15:59:22,2026-07-20T15:59:23,1.838
PKOH,0000076282,success,19489.0,data\facts\0000076282.parquet,,,2026-07-20T15:59:24,2026-07-20T15:59:25,1.087
PKTX,0001128189,success,7712.0,data\facts\0001128189.parquet,,,2026-07-20T15:59:25,2026-07-20T15:59:26,0.967
PKX,0000889132,success,5620.0,data\facts\0000889132.parquet,,,2026-07-20T15:59:26,2026-07-20T15:59:27,0.791
PL,0001836833,success,7729.0,data\facts\0001836833.parquet,,,2026-07-20T15:59:27,2026-07-20T15:59:29,1.166
PLAB,0000810136,success,21478.0,data\facts\0000810136.parquet,,,2026-07-20T15:59:29,2026-07-20T15:59:30,1.002
PLAG,0001117057,success,16679.0,data\facts\0001117057.parquet,,,2026-07-20T15:59:30,2026-07-20T15:59:31,1.165
PLAY,0001525769,success,16635.0,data\facts\0001525769.parquet,,,2026-07-20T15:59:32,2026-07-20T15:59:33,1.034
PLBC,0001168455,success,24438.0,data\facts\0001168455.parquet,,,2026-07-20T15:59:33,2026-07-20T15:59:34,1.226
PLBL,0002035697,success,787.0,data\facts\0002035697.parquet,,,2026-07-20T15:59:34,2026-07-20T15:59:36,1.046
PLBY,0001803914,success,9947.0,data\facts\0001803914.parquet,,,2026-07-20T15:59:36,2026-07-20T15:59:37,0.951
PLCE,0001041859,success,23069.0,data\facts\0001041859.parquet,,,2026-07-20T15:59:37,2026-07-20T15:59:38,1.387
PLCI,0002122392,failed,,,ValueError,변환된 Fact Store가 비어 있습니다.,2026-07-20T15:59:39,2026-07-20T15:59:40,0.85
PLCKF,0001848782,failed,,,HTTPError,404 Client Error: Not Found for url: https://data.sec.gov/api/xbrl/companyfacts/CIK0001848782.json,2026-07-20T15:59:40,2026-07-20T15:59:40,0.509
PLD,0001045609,success,23434.0,data\facts\0001045609.parquet,,,2026-07-20T15:59:41,2026-07-20T15:59:42,1.077
PLG,0001095052,success,4224.0,data\facts\0001095052.parquet,,,2026-07-20T15:59:42,2026-07-20T15:59:43,0.831
PLGO,0001636639,success,4494.0,data\facts\0001636639.parquet,,,2026-07-20T15:59:43,2026-07-20T15:59:44,0.709
PLLMF,0001570505,failed,,,HTTPError,404 Client Error: Not Found for url: https://data.sec.gov/api/xbrl/companyfacts/CIK0001570505.json,2026-07-20T15:59:44,2026-07-20T15:59:45,0.689
PLMJF,0001845550,success,1971.0,data\facts\0001845550.parquet,,,2026-07-20T15:59:45,2026-07-20T15:59:46,0.633
PLMK,0002030482,success,450.0,data\facts\0002030482.parquet,,,2026-07-20T15:59:46,2026-07-20T15:59:47,0.713
PLMR,0001761312,success,11213.0,data\facts\0001761312.parquet,,,2026-07-20T15:59:47,2026-07-20T15:59:48,1.019
PLNH,0001813452,success,7321.0,data\facts\0001813452.parquet,,,2026-07-20T15:59:48,2026-07-20T15:59:49,1.076
PLNT,0001637207,success,16422.0,data\facts\0001637207.parquet,,,2026-07-20T15:59:50,2026-07-20T15:59:51,1.124
PLOW,0001287213,success,19254.0,data\facts\0001287213.parquet,,,2026-07-20T15:59:51,2026-07-20T15:59:52,1.149
PLPC,0000080035,success,23631.0,data\facts\0000080035.parquet,,,2026-07-20T15:59:53,2026-07-20T15:59:54,1.117
PLRX,0001746473,success,5991.0,data\facts\0001746473.parquet,,,2026-07-20T15:59:54,2026-07-20T15:59:55,1.243
PLRZ,0001893645,success,520.0,data\facts\0001893645.parquet,,,2026-07-20T15:59:56,2026-07-20T15:59:57,1.193
PLSE,0001625101,success,9413.0,data\facts\0001625101.parquet,,,2026-07-20T15:59:57,2026-07-20T15:59:58,1.038
PLSH,0001552189,success,8922.0,data\facts\0001552189.parquet,,,2026-07-20T15:59:59,2026-07-20T16:00:00,1.339
PLSM,0002064764,success,375.0,data\facts\0002064764.parquet,,,2026-07-20T16:00:00,2026-07-20T16:00:01,0.94
PLTK,0001828016,success,8115.0,data\facts\0001828016.parquet,,,2026-07-20T16:00:01,2026-07-20T16:00:03,1.071
PLTM,0001690842,success,2574.0,data\facts\0001690842.parquet,,,2026-07-20T16:00:03,2026-07-20T16:00:04,1.099
PLTR,0001321655,success,7560.0,data\facts\0001321655.parquet,,,2026-07-20T16:00:04,2026-07-20T16:00:05,1.143
PLTS,0002053033,success,250.0,data\facts\0002053033.parquet,,,2026-07-20T16:00:06,2026-07-20T16:00:07,1.067
PLTYF,0001433309,success,4527.0,data\facts\0001433309.parquet,,,2026-07-20T16:00:07,2026-07-20T16:00:08,1.134
PLUG,0001093691,success,20761.0,data\facts\0001093691.parquet,,,2026-07-20T16:00:09,2026-07-20T16:00:10,1.39
PLUN,0002065661,success,97.0,data\facts\0002065661.parquet,,,2026-07-20T16:00:10,2026-07-20T16:00:11,0.898
PLUR,0001158780,success,12125.0,data\facts\0001158780.parquet,,,2026-07-20T16:00:12,2026-07-20T16:00:13,1.176
PLUS,0001022408,success,23153.0,data\facts\0001022408.parquet,,,2026-07-20T16:00:13,2026-07-20T16:00:15,1.58
PLUT,0001933021,success,824.0,data\facts\0001933021.parquet,,,2026-07-20T16:00:15,2026-07-20T16:00:16,1.043
PLX,0001006281,success,11566.0,data\facts\0001006281.parquet,,,2026-07-20T16:00:16,2026-07-20T16:00:18,1.239
PLXS,0000785786,success,20012.0,data\facts\0000785786.parquet,,,2026-07-20T16:00:18,2026-07-20T16:00:19,1.399
PLYX,0002075320,success,263.0,data\facts\0002075320.parquet,,,2026-07-20T16:00:20,2026-07-20T16:00:20,0.86
PM,0001413329,success,27031.0,data\facts\0001413329.parquet,,,2026-07-20T16:00:21,2026-07-20T16:00:22,1.001
PMA,0001956166,success,740.0,data\facts\0001956166.parquet,,,2026-07-20T16:00:22,2026-07-20T16:00:23,0.906
PMAX,0002012096,success,362.0,data\facts\0002012096.parquet,,,2026-07-20T16:00:23,2026-07-20T16:00:24,0.973
PMCB,0001157075,success,12495.0,data\facts\0001157075.parquet,,,2026-07-20T16:00:25,2026-07-20T16:00:26,1.099
PMEC,0001891944,success,581.0,data\facts\0001891944.parquet,,,2026-07-20T16:00:26,2026-07-20T16:00:27,1.157
PMFAX,0001723701,success,5.0,data\facts\0001723701.parquet,,,2026-07-20T16:00:27,2026-07-20T16:00:28,0.849
PMHMY,0002030632,failed,,,HTTPError,404 Client Error: Not Found for url: https://data.sec.gov/api/xbrl/companyfacts/CIK0002030632.json,2026-07-20T16:00:29,2026-07-20T16:00:29,0.786
PMHS,0001265521,success,1675.0,data\facts\0001265521.parquet,,,2026-07-20T16:00:30,2026-07-20T16:00:31,0.928
PMI,0002030617,success,2113.0,data\facts\0002030617.parquet,,,2026-07-20T16:00:31,2026-07-20T16:00:32,0.987
PML,0001170299,failed,,,HTTPError,404 Client Error: Not Found for url: https://data.sec.gov/api/xbrl/companyfacts/CIK0001170299.json,2026-07-20T16:00:32,2026-07-20T16:00:33,0.839
PMM,0000844790,failed,,,HTTPError,404 Client Error: Not Found for url: https://data.sec.gov/api/xbrl/companyfacts/CIK0000844790.json,2026-07-20T16:00:33,2026-07-20T16:00:34,1.007
PMMCF,0001930459,failed,,,HTTPError,404 Client Error: Not Found for url: https://data.sec.gov/api/xbrl/companyfacts/CIK0001930459.json,2026-07-20T16:00:35,2026-07-20T16:00:35,0.786
PMN,0001374339,success,2915.0,data\facts\0001374339.parquet,,,2026-07-20T16:00:36,2026-07-20T16:00:37,1.013
PMNT,0001849221,success,2680.0,data\facts\0001849221.parquet,,,2026-07-20T16:00:37,2026-07-20T16:00:38,1.124
PMO,0000900422,failed,,,HTTPError,404 Client Error: Not Found for url: https://data.sec.gov/api/xbrl/companyfacts/CIK0000900422.json,2026-07-20T16:00:38,2026-07-20T16:00:39,0.782
PMT,0001464423,success,25150.0,data\facts\0001464423.parquet,,,2026-07-20T16:00:40,2026-07-20T16:00:41,1.467
PMTR,0002061473,success,352.0,data\facts\0002061473.parquet,,,2026-07-20T16:00:41,2026-07-20T16:00:42,1.061
PMTS,0001641614,success,13229.0,data\facts\0001641614.parquet,,,2026-07-20T16:00:43,2026-07-20T16:00:44,1.356
PMVC,0001807765,success,3161.0,data\facts\0001807765.parquet,,,2026-07-20T16:00:44,2026-07-20T16:00:46,1.338
PMVP,0001699382,success,6095.0,data\facts\0001699382.parquet,,,2026-07-20T16:00:46,2026-07-20T16:00:47,1.264
PN,0002001288,success,396.0,data\facts\0002001288.parquet,,,2026-07-20T16:00:48,2026-07-20T16:00:49,1.178
PNBK,0001098146,success,28548.0,data\facts\0001098146.parquet,,,2026-07-20T16:00:49,2026-07-20T16:00:52,2.403
PNC,0000713676,success,39331.0,data\facts\0000713676.parquet,,,2026-07-20T16:00:52,2026-07-20T16:00:57,5.006
PNDRY,0001505880,failed,,,HTTPError,404 Client Error: Not Found for url: https://data.sec.gov/api/xbrl/companyfacts/CIK0001505880.json,2026-07-20T16:00:57,2026-07-20T16:00:58,0.901
PNFP,0002082866,success,1997.0,data\facts\0002082866.parquet,,,2026-07-20T16:00:58,2026-07-20T16:01:00,1.261
PNI,0001170311,failed,,,HTTPError,404 Client Error: Not Found for url: https://data.sec.gov/api/xbrl/companyfacts/CIK0001170311.json,2026-07-20T16:01:00,2026-07-20T16:01:01,1.013
PNIG,0002089778,failed,,,HTTPError,404 Client Error: Not Found for url: https://data.sec.gov/api/xbrl/companyfacts/CIK0002089778.json,2026-07-20T16:01:01,2026-07-20T16:01:02,0.967
PNMXO,0000081023,failed,,,ValueError,Company Facts에서 facts 데이터를 찾지 못했습니다.,2026-07-20T16:01:03,2026-07-20T16:01:04,0.958
PNNT,0001383414,success,3544.0,data\facts\0001383414.parquet,,,2026-07-20T16:01:04,2026-07-20T16:01:05,1.138
PNPNF,0000855950,failed,,,HTTPError,404 Client Error: Not Found for url: https://data.sec.gov/api/xbrl/companyfacts/CIK0000855950.json,2026-07-20T16:01:05,2026-07-20T16:01:06,0.918
PNR,0000077360,success,32447.0,data\facts\0000077360.parquet,,,2026-07-20T16:01:07,2026-07-20T16:01:09,2.034
PNRG,0000056868,success,16493.0,data\facts\0000056868.parquet,,,2026-07-20T16:01:09,2026-07-20T16:01:11,2.039
PNSB,0002087419,success,242.0,data\facts\0002087419.parquet,,,2026-07-20T16:01:11,2026-07-20T16:01:12,0.997
PNTG,0001766400,success,8180.0,data\facts\0001766400.parquet,,,2026-07-20T16:01:13,2026-07-20T16:01:14,1.436
PNW,0000764622,success,27558.0,data\facts\0000764622.parquet,,,2026-07-20T16:01:14,2026-07-20T16:01:16,1.967
PNXP,0001710495,success,3596.0,data\facts\0001710495.parquet,,,2026-07-20T16:01:17,2026-07-20T16:01:18,1.184
PNYG,0001784058,success,3612.0,data\facts\0001784058.parquet,,,2026-07-20T16:01:18,2026-07-20T16:01:19,1.161
POAHF,0001450346,failed,,,HTTPError,404 Client Error: Not Found for url: https://data.sec.gov/api/xbrl/companyfacts/CIK0001450346.json,2026-07-20T16:01:20,2026-07-20T16:01:21,0.89
POAS,0002024258,success,910.0,data\facts\0002024258.parquet,,,2026-07-20T16:01:21,2026-07-20T16:01:22,1.161
POCH,0002085836,failed,,,HTTPError,404 Client Error: Not Found for url: https://data.sec.gov/api/xbrl/companyfacts/CIK0002085836.json,2026-07-20T16:01:22,2026-07-20T16:01:23,1.0
POCI,0000867840,success,11958.0,data\facts\0000867840.parquet,,,2026-07-20T16:01:24,2026-07-20T16:01:25,1.345
PODC,0001940177,success,2889.0,data\facts\0001940177.parquet,,,2026-07-20T16:01:25,2026-07-20T16:01:26,1.062
PODD,0001145197,success,23016.0,data\facts\0001145197.parquet,,,2026-07-20T16:01:27,2026-07-20T16:01:28,1.238
POET,0001437424,success,3004.0,data\facts\0001437424.parquet,,,2026-07-20T16:01:28,2026-07-20T16:01:29,1.05
POLA,0001622345,success,7574.0,data\facts\0001622345.parquet,,,2026-07-20T16:01:30,2026-07-20T16:01:31,1.163
POLE,0002025341,success,527.0,data\facts\0002025341.parquet,,,2026-07-20T16:01:31,2026-07-20T16:01:32,0.867
POM,0001877971,success,513.0,data\facts\0001877971.parquet,,,2026-07-20T16:01:32,2026-07-20T16:01:33,1.147
PONO,0002108164,success,50.0,data\facts\0002108164.parquet,,,2026-07-20T16:01:34,2026-07-20T16:01:35,0.997
PONY,0001969302,success,999.0,data\facts\0001969302.parquet,,,2026-07-20T16:01:35,2026-07-20T16:01:36,0.699
POOL,0000945841,success,20242.0,data\facts\0000945841.parquet,,,2026-07-20T16:01:36,2026-07-20T16:01:37,0.732
POR,0000784977,success,26306.0,data\facts\0000784977.parquet,,,2026-07-20T16:01:37,2026-07-20T16:01:38,0.833
POSC,0000844985,success,5627.0,data\facts\0000844985.parquet,,,2026-07-20T16:01:38,2026-07-20T16:01:39,0.834
POST,0001530950,success,23743.0,data\facts\0001530950.parquet,,,2026-07-20T16:01:39,2026-07-20T16:01:40,0.907
POWI,0000833640,success,20986.0,data\facts\0000833640.parquet,,,2026-07-20T16:01:40,2026-07-20T16:01:41,0.908
POWL,0000080420,success,19918.0,data\facts\0000080420.parquet,,,2026-07-20T16:01:42,2026-07-20T16:01:42,0.72
POWMF,0001988634,failed,,,HTTPError,404 Client Error: Not Found for url: https://data.sec.gov/api/xbrl/companyfacts/CIK0001988634.json,2026-07-20T16:01:43,2026-07-20T16:01:43,0.551
POWW,0001015383,success,12682.0,data\facts\0001015383.parquet,,,2026-07-20T16:01:43,2026-07-20T16:01:44,0.643
PPBT,0001614744,success,2892.0,data\facts\0001614744.parquet,,,2026-07-20T16:01:44,2026-07-20T16:01:45,0.662
PPC,0000802481,success,24238.0,data\facts\0000802481.parquet,,,2026-07-20T16:01:45,2026-07-20T16:01:46,0.906
PPCB,0001517681,success,14685.0,data\facts\0001517681.parquet,,,2026-07-20T16:01:46,2026-07-20T16:01:47,0.796
PPG,0000079879,success,36181.0,data\facts\0000079879.parquet,,,2026-07-20T16:01:47,2026-07-20T16:01:49,1.011
PPHC,0001903508,success,638.0,data\facts\0001903508.parquet,,,2026-07-20T16:01:49,2026-07-20T16:01:49,0.696
PPIH,0000914122,success,22236.0,data\facts\0000914122.parquet,,,2026-07-20T16:01:50,2026-07-20T16:01:51,1.017
PPL,0000922224,success,33266.0,data\facts\0000922224.parquet,,,2026-07-20T16:01:51,2026-07-20T16:01:52,1.017
PPLI,0001800227,success,13677.0,data\facts\0001800227.parquet,,,2026-07-20T16:01:52,2026-07-20T16:01:53,0.874
PPLT,0001460235,success,5201.0,data\facts\0001460235.parquet,,,2026-07-20T16:01:53,2026-07-20T16:01:54,0.792
PPRUF,0001445465,failed,,,HTTPError,404 Client Error: Not Found for url: https://data.sec.gov/api/xbrl/companyfacts/CIK0001445465.json,2026-07-20T16:01:54,2026-07-20T16:01:55,0.664
PPSI,0001449792,success,17548.0,data\facts\0001449792.parquet,,,2026-07-20T16:01:55,2026-07-20T16:01:56,0.804
PPT,0000827773,failed,,,HTTPError,404 Client Error: Not Found for url: https://data.sec.gov/api/xbrl/companyfacts/CIK0000827773.json,2026-07-20T16:01:56,2026-07-20T16:01:57,0.456
PPTA,0001526243,success,3860.0,data\facts\0001526243.parquet,,,2026-07-20T16:01:57,2026-07-20T16:01:58,0.771
PPURF,0001495651,failed,,,HTTPError,404 Client Error: Not Found for url: https://data.sec.gov/api/xbrl/companyfacts/CIK0001495651.json,2026-07-20T16:01:58,2026-07-20T16:01:59,0.466
PR,0001658566,success,11485.0,data\facts\0001658566.parquet,,,2026-07-20T16:01:59,2026-07-20T16:02:00,0.71
PRAA,0001185348,success,24609.0,data\facts\0001185348.parquet,,,2026-07-20T16:02:00,2026-07-20T16:02:01,0.985
PRAX,0001689548,success,5691.0,data\facts\0001689548.parquet,,,2026-07-20T16:02:01,2026-07-20T16:02:02,0.669
PRBRY,0001503812,failed,,,HTTPError,404 Client Error: Not Found for url: https://data.sec.gov/api/xbrl/companyfacts/CIK0001503812.json,2026-07-20T16:02:02,2026-07-20T16:02:03,0.534
PRCH,0001784535,success,9812.0,data\facts\0001784535.parquet,,,2026-07-20T16:02:03,2026-07-20T16:02:04,0.718
PRCT,0001588978,success,5481.0,data\facts\0001588978.parquet,,,2026-07-20T16:02:04,2026-07-20T16:02:05,0.809
PRDO,0001046568,success,23373.0,data\facts\0001046568.parquet,,,2026-07-20T16:02:05,2026-07-20T16:02:06,0.841
PRE,0001876431,success,1531.0,data\facts\0001876431.parquet,,,2026-07-20T16:02:06,2026-07-20T16:02:07,0.679
PREJF,0000911421,success,14399.0,data\facts\0000911421.parquet,,,2026-07-20T16:02:07,2026-07-20T16:02:08,0.713
PREM,0001570937,success,6277.0,data\facts\0001570937.parquet,,,2026-07-20T16:02:08,2026-07-20T16:02:09,0.707
PRFX,0001801834,success,2152.0,data\facts\0001801834.parquet,,,2026-07-20T16:02:09,2026-07-20T16:02:10,0.593
PRG,0001808834,success,7724.0,data\facts\0001808834.parquet,,,2026-07-20T16:02:10,2026-07-20T16:02:11,0.726
PRGO,0001585364,success,25873.0,data\facts\0001585364.parquet,,,2026-07-20T16:02:11,2026-07-20T16:02:12,1.006
PRGS,0000876167,success,25370.0,data\facts\0000876167.parquet,,,2026-07-20T16:02:12,2026-07-20T16:02:13,1.292
PRHI,0001502292,success,18747.0,data\facts\0001502292.parquet,,,2026-07-20T16:02:14,2026-07-20T16:02:15,1.008
PRI,0001475922,success,30297.0,data\facts\0001475922.parquet,,,2026-07-20T16:02:15,2026-07-20T16:02:16,0.948
PRIAF,0001819175,success,1270.0,data\facts\0001819175.parquet,,,2026-07-20T16:02:16,2026-07-20T16:02:17,0.682
PRIF-PD,0001554625,success,5.0,data\facts\0001554625.parquet,,,2026-07-20T16:02:17,2026-07-20T16:02:18,0.79
PRIM,0001361538,success,20078.0,data\facts\0001361538.parquet,,,2026-07-20T16:02:18,2026-07-20T16:02:19,0.99
PRK,0000805676,success,42433.0,data\facts\0000805676.parquet,,,2026-07-20T16:02:19,2026-07-20T16:02:21,1.256
PRKA,0001297937,success,10483.0,data\facts\0001297937.parquet,,,2026-07-20T16:02:21,2026-07-20T16:02:22,0.988
PRKR,0000914139,success,12994.0,data\facts\0000914139.parquet,,,2026-07-20T16:02:22,2026-07-20T16:02:23,0.937
PRKS,0001564902,success,17009.0,data\facts\0001564902.parquet,,,2026-07-20T16:02:23,2026-07-20T16:02:24,0.849
PRLB,0001443669,success,18194.0,data\facts\0001443669.parquet,,,2026-07-20T16:02:25,2026-07-20T16:02:25,0.927
PRLD,0001678660,success,4362.0,data\facts\0001678660.parquet,,,2026-07-20T16:02:26,2026-07-20T16:02:26,0.691
PRLG,0002137754,success,5.0,data\facts\0002137754.parquet,,,2026-07-20T16:02:27,2026-07-20T16:02:27,0.631
PRM,0001880319,success,7988.0,data\facts\0001880319.parquet,,,2026-07-20T16:02:28,2026-07-20T16:02:28,0.618
PRMB,0002042694,success,2972.0,data\facts\0002042694.parquet,,,2026-07-20T16:02:28,2026-07-20T16:02:29,0.679
PRME,0001894562,success,3680.0,data\facts\0001894562.parquet,,,2026-07-20T16:02:29,2026-07-20T16:02:30,0.792
PRNCF,0002045300,failed,,,HTTPError,404 Client Error: Not Found for url: https://data.sec.gov/api/xbrl/companyfacts/CIK0002045300.json,2026-07-20T16:02:30,2026-07-20T16:02:31,0.92
PROF,0001628808,success,3053.0,data\facts\0001628808.parquet,,,2026-07-20T16:02:32,2026-07-20T16:02:32,0.832
PROK,0001850270,success,4163.0,data\facts\0001850270.parquet,,,2026-07-20T16:02:33,2026-07-20T16:02:33,0.634
PROP,0001162896,success,14056.0,data\facts\0001162896.parquet,,,2026-07-20T16:02:34,2026-07-20T16:02:34,0.702
PROV,0001010470,success,27309.0,data\facts\0001010470.parquet,,,2026-07-20T16:02:35,2026-07-20T16:02:36,1.057
PRPH,0000868278,success,17996.0,data\facts\0000868278.parquet,,,2026-07-20T16:02:36,2026-07-20T16:02:37,0.759
PRPL,0001643953,success,11956.0,data\facts\0001643953.parquet,,,2026-07-20T16:02:37,2026-07-20T16:02:38,0.765
PRPO,0001043961,success,17423.0,data\facts\0001043961.parquet,,,2026-07-20T16:02:38,2026-07-20T16:02:39,0.855
PRQR,0001612940,success,6857.0,data\facts\0001612940.parquet,,,2026-07-20T16:02:39,2026-07-20T16:02:40,0.794
PRSI,0000079661,success,11183.0,data\facts\0000079661.parquet,,,2026-07-20T16:02:40,2026-07-20T16:02:41,0.89
PRSKY,0002071912,failed,,,HTTPError,404 Client Error: Not Found for url: https://data.sec.gov/api/xbrl/companyfacts/CIK0002071912.json,2026-07-20T16:02:41,2026-07-20T16:02:42,0.563
PRSO,0000890394,success,14110.0,data\facts\0000890394.parquet,,,2026-07-20T16:02:42,2026-07-20T16:02:43,0.779
PRSU,0000884219,success,29720.0,data\facts\0000884219.parquet,,,2026-07-20T16:02:43,2026-07-20T16:02:44,1.098
PRT,0001724009,failed,,,HTTPError,404 Client Error: Not Found for url: https://data.sec.gov/api/xbrl/companyfacts/CIK0001724009.json,2026-07-20T16:02:45,2026-07-20T16:02:45,0.499
PRTA,0001559053,success,13385.0,data\facts\0001559053.parquet,,,2026-07-20T16:02:45,2026-07-20T16:02:46,0.805
PRTH,0001653558,success,12221.0,data\facts\0001653558.parquet,,,2026-07-20T16:02:46,2026-07-20T16:02:47,0.765
PRTS,0001378950,success,18733.0,data\facts\0001378950.parquet,,,2026-07-20T16:02:47,2026-07-20T16:02:48,0.93
PRU,0001137774,success,44135.0,data\facts\0001137774.parquet,,,2026-07-20T16:02:49,2026-07-20T16:02:50,1.173
PRVA,0001759655,success,5634.0,data\facts\0001759655.parquet,,,2026-07-20T16:02:50,2026-07-20T16:02:51,0.798
PRXA,0001692345,success,5258.0,data\facts\0001692345.parquet,,,2026-07-20T16:02:51,2026-07-20T16:02:52,0.855
PRYMF,0001437672,failed,,,HTTPError,404 Client Error: Not Found for url: https://data.sec.gov/api/xbrl/companyfacts/CIK0001437672.json,2026-07-20T16:02:52,2026-07-20T16:02:53,0.517
PRZO,0001916241,success,1132.0,data\facts\0001916241.parquet,,,2026-07-20T16:02:53,2026-07-20T16:02:54,0.567
PS,0002026053,success,187.0,data\facts\0002026053.parquet,,,2026-07-20T16:02:54,2026-07-20T16:02:55,0.612
PSA,0001393311,success,20761.0,data\facts\0001393311.parquet,,,2026-07-20T16:02:55,2026-07-20T16:02:56,0.841
PSBD,0001794776,success,4213.0,data\facts\0001794776.parquet,,,2026-07-20T16:02:56,2026-07-20T16:02:57,0.694
PSBTY,0002063685,failed,,,HTTPError,404 Client Error: Not Found for url: https://data.sec.gov/api/xbrl/companyfacts/CIK0002063685.json,2026-07-20T16:02:57,2026-07-20T16:02:57,0.491
PSEC,0001287032,success,5992.0,data\facts\0001287032.parquet,,,2026-07-20T16:02:58,2026-07-20T16:02:58,0.726
PSF,0001498612,failed,,,HTTPError,404 Client Error: Not Found for url: https://data.sec.gov/api/xbrl/companyfacts/CIK0001498612.json,2026-07-20T16:02:59,2026-07-20T16:02:59,0.548
PSFE,0001833835,success,6711.0,data\facts\0001833835.parquet,,,2026-07-20T16:02:59,2026-07-20T16:03:00,0.776
PSHG,0001481241,success,7468.0,data\facts\0001481241.parquet,,,2026-07-20T16:03:00,2026-07-20T16:03:01,0.681
PSIG,0001997201,success,995.0,data\facts\0001997201.parquet,,,2026-07-20T16:03:01,2026-07-20T16:03:02,0.78
PSIX,0001137091,success,18087.0,data\facts\0001137091.parquet,,,2026-07-20T16:03:02,2026-07-20T16:03:03,0.784
PSKRF,0001789444,failed,,,HTTPError,404 Client Error: Not Found for url: https://data.sec.gov/api/xbrl/companyfacts/CIK0001789444.json,2026-07-20T16:03:03,2026-07-20T16:03:04,0.627
PSKY,0002041610,success,1584.0,data\facts\0002041610.parquet,,,2026-07-20T16:03:04,2026-07-20T16:03:05,0.705
PSLV,0001494728,success,646.0,data\facts\0001494728.parquet,,,2026-07-20T16:03:05,2026-07-20T16:03:06,0.515
PSMT,0001041803,success,24520.0,data\facts\0001041803.parquet,,,2026-07-20T16:03:06,2026-07-20T16:03:07,0.932
PSN,0000275880,success,12649.0,data\facts\0000275880.parquet,,,2026-07-20T16:03:07,2026-07-20T16:03:08,0.834
PSNL,0001527753,success,8200.0,data\facts\0001527753.parquet,,,2026-07-20T16:03:08,2026-07-20T16:03:09,0.996
PSNY,0001884082,success,2939.0,data\facts\0001884082.parquet,,,2026-07-20T16:03:10,2026-07-20T16:03:10,0.758
PSO,0000938323,success,5715.0,data\facts\0000938323.parquet,,,2026-07-20T16:03:11,2026-07-20T16:03:12,0.91
PSPX,0001765651,success,2654.0,data\facts\0001765651.parquet,,,2026-07-20T16:03:12,2026-07-20T16:03:12,0.674
PSQH,0001847064,success,4442.0,data\facts\0001847064.parquet,,,2026-07-20T16:03:13,2026-07-20T16:03:13,0.722
PSQL,0002119292,success,10.0,data\facts\0002119292.parquet,,,2026-07-20T16:03:14,2026-07-20T16:03:14,0.628
PSRHF,0001991413,failed,,,HTTPError,404 Client Error: Not Found for url: https://data.sec.gov/api/xbrl/companyfacts/CIK0001991413.json,2026-07-20T16:03:15,2026-07-20T16:03:15,0.574
PSTL,0001759774,success,8486.0,data\facts\0001759774.parquet,,,2026-07-20T16:03:15,2026-07-20T16:03:16,0.904
PSTV,0001095981,success,15798.0,data\facts\0001095981.parquet,,,2026-07-20T16:03:17,2026-07-20T16:03:17,0.779
PSUS,0002002660,success,33.0,data\facts\0002002660.parquet,,,2026-07-20T16:03:18,2026-07-20T16:03:18,0.696
PSX,0001534701,success,23898.0,data\facts\0001534701.parquet,,,2026-07-20T16:03:19,2026-07-20T16:03:20,0.974
PSYCF,0001847706,failed,,,HTTPError,404 Client Error: Not Found for url: https://data.sec.gov/api/xbrl/companyfacts/CIK0001847706.json,2026-07-20T16:03:20,2026-07-20T16:03:21,0.602
PTA,0001793882,failed,,,HTTPError,404 Client Error: Not Found for url: https://data.sec.gov/api/xbrl/companyfacts/CIK0001793882.json,2026-07-20T16:03:21,2026-07-20T16:03:21,0.625
PTAC,0002099095,success,37.0,data\facts\0002099095.parquet,,,2026-07-20T16:03:22,2026-07-20T16:03:22,0.686
PTAXY,0002089174,failed,,,HTTPError,404 Client Error: Not Found for url: https://data.sec.gov/api/xbrl/companyfacts/CIK0002089174.json,2026-07-20T16:03:23,2026-07-20T16:03:23,0.617
PTC,0000857005,success,25404.0,data\facts\0000857005.parquet,,,2026-07-20T16:03:24,2026-07-20T16:03:25,0.985
PTCHF,0001782999,success,2694.0,data\facts\0001782999.parquet,,,2026-07-20T16:03:25,2026-07-20T16:03:26,0.723
PTCO,0001609258,success,4764.0,data\facts\0001609258.parquet,,,2026-07-20T16:03:26,2026-07-20T16:03:27,0.871
PTCT,0001070081,success,16521.0,data\facts\0001070081.parquet,,,2026-07-20T16:03:27,2026-07-20T16:03:28,1.043
PTEN,0000889900,success,23827.0,data\facts\0000889900.parquet,,,2026-07-20T16:03:28,2026-07-20T16:03:29,0.983
PTFRF,0001523872,failed,,,HTTPError,404 Client Error: Not Found for url: https://data.sec.gov/api/xbrl/companyfacts/CIK0001523872.json,2026-07-20T16:03:30,2026-07-20T16:03:30,0.607
PTGX,0001377121,success,10432.0,data\facts\0001377121.parquet,,,2026-07-20T16:03:30,2026-07-20T16:03:31,0.828
PTHRF,0001621910,failed,,,HTTPError,404 Client Error: Not Found for url: https://data.sec.gov/api/xbrl/companyfacts/CIK0001621910.json,2026-07-20T16:03:31,2026-07-20T16:03:32,0.682
PTHS,0001919246,success,2038.0,data\facts\0001919246.parquet,,,2026-07-20T16:03:32,2026-07-20T16:03:33,0.586
PTIX,0001022899,success,9039.0,data\facts\0001022899.parquet,,,2026-07-20T16:03:33,2026-07-20T16:03:34,0.773
PTLE,0002016337,success,551.0,data\facts\0002016337.parquet,,,2026-07-20T16:03:34,2026-07-20T16:03:35,0.585
PTLO,0001871509,success,6774.0,data\facts\0001871509.parquet,,,2026-07-20T16:03:35,2026-07-20T16:03:36,0.638
PTMSY,0001575356,failed,,,HTTPError,404 Client Error: Not Found for url: https://data.sec.gov/api/xbrl/companyfacts/CIK0001575356.json,2026-07-20T16:03:36,2026-07-20T16:03:37,0.643
PTN,0000911216,success,13089.0,data\facts\0000911216.parquet,,,2026-07-20T16:03:37,2026-07-20T16:03:38,0.864
PTNM,0002046573,success,372.0,data\facts\0002046573.parquet,,,2026-07-20T16:03:38,2026-07-20T16:03:39,0.61
PTON,0001639825,success,9557.0,data\facts\0001639825.parquet,,,2026-07-20T16:03:39,2026-07-20T16:03:40,0.885
PTOR,0002093912,success,95.0,data\facts\0002093912.parquet,,,2026-07-20T16:03:40,2026-07-20T16:03:41,0.62
PTOS,0001172069,success,4139.0,data\facts\0001172069.parquet,,,2026-07-20T16:03:41,2026-07-20T16:03:42,0.874
PTPI,0001815903,success,5565.0,data\facts\0001815903.parquet,,,2026-07-20T16:03:42,2026-07-20T16:03:43,0.902
PTRN,0001811935,success,864.0,data\facts\0001811935.parquet,,,2026-07-20T16:03:43,2026-07-20T16:03:44,0.875
PTXKY,0001545057,failed,,,HTTPError,404 Client Error: Not Found for url: https://data.sec.gov/api/xbrl/companyfacts/CIK0001545057.json,2026-07-20T16:03:44,2026-07-20T16:03:45,0.573
PTY,0001190935,failed,,,ValueError,Company Facts에서 facts 데이터를 찾지 못했습니다.,2026-07-20T16:03:45,2026-07-20T16:03:46,0.587
PUBC,0001575858,success,8493.0,data\facts\0001575858.parquet,,,2026-07-20T16:03:46,2026-07-20T16:03:47,0.816
PUBM,0001422930,success,7420.0,data\facts\0001422930.parquet,,,2026-07-20T16:03:47,2026-07-20T16:03:48,0.614
PUGBY,0002029472,failed,,,HTTPError,404 Client Error: Not Found for url: https://data.sec.gov/api/xbrl/companyfacts/CIK0002029472.json,2026-07-20T16:03:48,2026-07-20T16:03:49,0.521
PUK,0001116578,success,5944.0,data\facts\0001116578.parquet,,,2026-07-20T16:03:49,2026-07-20T16:03:50,0.729
PULM,0001574235,success,9269.0,data\facts\0001574235.parquet,,,2026-07-20T16:03:50,2026-07-20T16:03:51,0.63
PUMP,0001680247,success,12163.0,data\facts\0001680247.parquet,,,2026-07-20T16:03:51,2026-07-20T16:03:52,0.781
PURE,0001006028,success,10539.0,data\facts\0001006028.parquet,,,2026-07-20T16:03:52,2026-07-20T16:03:53,0.681
PURR,0002078856,success,593.0,data\facts\0002078856.parquet,,,2026-07-20T16:03:53,2026-07-20T16:03:53,0.657
PUSA,0002009312,success,1834.0,data\facts\0002009312.parquet,,,2026-07-20T16:03:54,2026-07-20T16:03:54,0.618
PVCT,0000315545,success,11851.0,data\facts\0000315545.parquet,,,2026-07-20T16:03:55,2026-07-20T16:03:55,0.813
PVH,0000078239,success,25836.0,data\facts\0000078239.parquet,,,2026-07-20T16:03:56,2026-07-20T16:03:57,0.877
PVL,0001520048,failed,,,HTTPError,404 Client Error: Not Found for url: https://data.sec.gov/api/xbrl/companyfacts/CIK0001520048.json,2026-07-20T16:03:57,2026-07-20T16:03:57,0.629
PVLA,0001583648,success,10265.0,data\facts\0001583648.parquet,,,2026-07-20T16:03:58,2026-07-20T16:03:58,0.68
PVOZ,0001824204,failed,,,HTTPError,404 Client Error: Not Found for url: https://data.sec.gov/api/xbrl/companyfacts/CIK0001824204.json,2026-07-20T16:03:59,2026-07-20T16:03:59,0.55
PW,0001532619,success,10922.0,data\facts\0001532619.parquet,,,2026-07-20T16:03:59,2026-07-20T16:04:00,0.773
PWDY,0001435617,success,6608.0,data\facts\0001435617.parquet,,,2026-07-20T16:04:01,2026-07-20T16:04:01,0.614
PWP,0001777835,success,8713.0,data\facts\0001777835.parquet,,,2026-07-20T16:04:01,2026-07-20T16:04:02,0.837
PWR,0001050915,success,31304.0,data\facts\0001050915.parquet,,,2026-07-20T16:04:02,2026-07-20T16:04:04,1.07
PWRL,0002052053,success,22.0,data\facts\0002052053.parquet,,,2026-07-20T16:04:04,2026-07-20T16:04:04,0.539
PXED,0001600222,success,1125.0,data\facts\0001600222.parquet,,,2026-07-20T16:04:05,2026-07-20T16:04:05,0.646
PXLW,0001040161,success,17001.0,data\facts\0001040161.parquet,,,2026-07-20T16:04:06,2026-07-20T16:04:06,0.786
PXS,0001640043,success,4653.0,data\facts\0001640043.parquet,,,2026-07-20T16:04:07,2026-07-20T16:04:07,0.637
PYPD,0001611842,success,2598.0,data\facts\0001611842.parquet,,,2026-07-20T16:04:08,2026-07-20T16:04:08,0.71
PYPL,0001633917,success,19996.0,data\facts\0001633917.parquet,,,2026-07-20T16:04:08,2026-07-20T16:04:09,0.882
PYRGF,0001743344,success,893.0,data\facts\0001743344.parquet,,,2026-07-20T16:04:10,2026-07-20T16:04:10,0.849
PYT,0001294808,failed,,,HTTPError,404 Client Error: Not Found for url: https://data.sec.gov/api/xbrl/companyfacts/CIK0001294808.json,2026-07-20T16:04:11,2026-07-20T16:04:11,0.576
PYXS,0001782223,success,4829.0,data\facts\0001782223.parquet,,,2026-07-20T16:04:12,2026-07-20T16:04:12,0.707
PYYX,0000939930,success,31058.0,data\facts\0000939930.parquet,,,2026-07-20T16:04:13,2026-07-20T16:04:14,1.102
PZG,0001629210,success,7959.0,data\facts\0001629210.parquet,,,2026-07-20T16:04:14,2026-07-20T16:04:15,0.718
PZZA,0000901491,success,25907.0,data\facts\0000901491.parquet,,,2026-07-20T16:04:15,2026-07-20T16:04:16,1.218
Q,0002058873,success,1216.0,data\facts\0002058873.parquet,,,2026-07-20T16:04:16,2026-07-20T16:04:17,0.775
QADR,0002083217,success,65.0,data\facts\0002083217.parquet,,,2026-07-20T16:04:17,2026-07-20T16:04:18,0.602
QBTS,0001907982,success,6810.0,data\facts\0001907982.parquet,,,2026-07-20T16:04:18,2026-07-20T16:04:19,0.648
QCLS,0001321834,success,12415.0,data\facts\0001321834.parquet,,,2026-07-20T16:04:19,2026-07-20T16:04:20,0.795
QCOM,0000804328,success,28529.0,data\facts\0000804328.parquet,,,2026-07-20T16:04:20,2026-07-20T16:04:21,0.941
QCRH,0000906465,success,36352.0,data\facts\0000906465.parquet,,,2026-07-20T16:04:21,2026-07-20T16:04:23,1.196
QDEL,0001906324,success,7655.0,data\facts\0001906324.parquet,,,2026-07-20T16:04:23,2026-07-20T16:04:24,0.621
QDMI,0001094032,success,6355.0,data\facts\0001094032.parquet,,,2026-07-20T16:04:24,2026-07-20T16:04:24,0.703
QETA,0001978528,success,1126.0,data\facts\0001978528.parquet,,,2026-07-20T16:04:25,2026-07-20T16:04:25,0.639
QETH,0001995569,success,710.0,data\facts\0001995569.parquet,,,2026-07-20T16:04:26,2026-07-20T16:04:26,0.639
QFIN,0001741530,success,4780.0,data\facts\0001741530.parquet,,,2026-07-20T16:04:27,2026-07-20T16:04:27,0.549
QGEN,0001015820,success,10445.0,data\facts\0001015820.parquet,,,2026-07-20T16:04:27,2026-07-20T16:04:28,0.621
QH,0001781193,success,5463.0,data\facts\0001781193.parquet,,,2026-07-20T16:04:28,2026-07-20T16:04:29,0.758
QIND,0001393781,success,5165.0,data\facts\0001393781.parquet,,,2026-07-20T16:04:29,2026-07-20T16:04:30,0.719
QLEP,0002102155,success,66.0,data\facts\0002102155.parquet,,,2026-07-20T16:04:30,2026-07-20T16:04:31,0.657
QLYS,0001107843,success,22277.0,data\facts\0001107843.parquet,,,2026-07-20T16:04:31,2026-07-20T16:04:32,0.733
QMCI,0001101433,success,11298.0,data\facts\0001101433.parquet,,,2026-07-20T16:04:32,2026-07-20T16:04:33,0.885
QMCO,0000709283,success,20826.0,data\facts\0000709283.parquet,,,2026-07-20T16:04:33,2026-07-20T16:04:34,0.748
QMLS,0002084026,success,5.0,data\facts\0002084026.parquet,,,2026-07-20T16:04:34,2026-07-20T16:04:35,0.614
QMMM,0001971542,success,739.0,data\facts\0001971542.parquet,,,2026-07-20T16:04:35,2026-07-20T16:04:36,0.528
QNBC,0000750558,success,32151.0,data\facts\0000750558.parquet,,,2026-07-20T16:04:36,2026-07-20T16:04:37,1.205
QNC,0002106613,success,196.0,data\facts\0002106613.parquet,,,2026-07-20T16:04:37,2026-07-20T16:04:38,0.674
QNCX,0001662774,success,7504.0,data\facts\0001662774.parquet,,,2026-07-20T16:04:38,2026-07-20T16:04:39,0.736
QNRX,0001671502,success,4213.0,data\facts\0001671502.parquet,,,2026-07-20T16:04:39,2026-07-20T16:04:40,0.697
QNST,0001117297,success,16780.0,data\facts\0001117297.parquet,,,2026-07-20T16:04:40,2026-07-20T16:04:41,0.842
QNT,0002110105,success,20.0,data\facts\0002110105.parquet,,,2026-07-20T16:04:41,2026-07-20T16:04:42,0.536
QNTM,0001771885,success,3445.0,data\facts\0001771885.parquet,,,2026-07-20T16:04:42,2026-07-20T16:04:43,0.616
QNTO,0001391933,success,25977.0,data\facts\0001391933.parquet,,,2026-07-20T16:04:43,2026-07-20T16:04:44,0.883
QPRC,0000824416,success,10060.0,data\facts\0000824416.parquet,,,2026-07-20T16:04:44,2026-07-20T16:04:45,0.806
QQQ,0001067839,failed,,,HTTPError,404 Client Error: Not Found for url: https://data.sec.gov/api/xbrl/companyfacts/CIK0001067839.json,2026-07-20T16:04:45,2026-07-20T16:04:46,0.522
QQQX,0001608741,failed,,,HTTPError,404 Client Error: Not Found for url: https://data.sec.gov/api/xbrl/companyfacts/CIK0001608741.json,2026-07-20T16:04:46,2026-07-20T16:04:47,0.472
QRED,0002085177,success,73.0,data\facts\0002085177.parquet,,,2026-07-20T16:04:47,2026-07-20T16:04:47,0.576
QRHC,0001442236,success,14908.0,data\facts\0001442236.parquet,,,2026-07-20T16:04:48,2026-07-20T16:04:48,0.738
QRVO,0001604778,success,17413.0,data\facts\0001604778.parquet,,,2026-07-20T16:04:49,2026-07-20T16:04:49,0.813
QS,0001811414,success,7361.0,data\facts\0001811414.parquet,,,2026-07-20T16:04:50,2026-07-20T16:04:50,0.653
QSEA,0002047455,success,521.0,data\facts\0002047455.parquet,,,2026-07-20T16:04:51,2026-07-20T16:04:51,0.569
QSEP,0001103795,success,10416.0,data\facts\0001103795.parquet,,,2026-07-20T16:04:52,2026-07-20T16:04:52,0.885
QSI,0001816431,success,6516.0,data\facts\0001816431.parquet,,,2026-07-20T16:04:53,2026-07-20T16:04:53,0.651
QSJC,0001753391,success,3817.0,data\facts\0001753391.parquet,,,2026-07-20T16:04:54,2026-07-20T16:04:54,0.728
QSOL,0002074409,success,135.0,data\facts\0002074409.parquet,,,2026-07-20T16:04:55,2026-07-20T16:04:55,0.533
QSP,0001618755,success,20148.0,data\facts\0001618755.parquet,,,2026-07-20T16:04:55,2026-07-20T16:04:56,0.978
QSR,0001618756,success,22606.0,data\facts\0001618756.parquet,,,2026-07-20T16:04:57,2026-07-20T16:04:57,0.823
QTEX,0001837493,success,2715.0,data\facts\0001837493.parquet,,,2026-07-20T16:04:58,2026-07-20T16:04:58,0.765
QTI,0001844505,success,3779.0,data\facts\0001844505.parquet,,,2026-07-20T16:04:59,2026-07-20T16:04:59,0.584
QTRX,0001503274,success,11902.0,data\facts\0001503274.parquet,,,2026-07-20T16:05:00,2026-07-20T16:05:00,0.87
QTTB,0001661998,success,8636.0,data\facts\0001661998.parquet,,,2026-07-20T16:05:01,2026-07-20T16:05:01,0.614
QTWO,0001410384,success,18099.0,data\facts\0001410384.parquet,,,2026-07-20T16:05:02,2026-07-20T16:05:02,0.825
QTZM,0001663038,success,1528.0,data\facts\0001663038.parquet,,,2026-07-20T16:05:03,2026-07-20T16:05:03,0.593
QUAD,0001481792,success,25575.0,data\facts\0001481792.parquet,,,2026-07-20T16:05:03,2026-07-20T16:05:04,0.926
QUBT,0001758009,success,7188.0,data\facts\0001758009.parquet,,,2026-07-20T16:05:05,2026-07-20T16:05:05,0.726
QUCY,0001874252,success,2814.0,data\facts\0001874252.parquet,,,2026-07-20T16:05:06,2026-07-20T16:05:06,0.664
QUIK,0000882508,success,17936.0,data\facts\0000882508.parquet,,,2026-07-20T16:05:07,2026-07-20T16:05:07,0.67
QUMS,0002070900,success,381.0,data\facts\0002070900.parquet,,,2026-07-20T16:05:07,2026-07-20T16:05:08,0.631
QURE,0001590560,success,10074.0,data\facts\0001590560.parquet,,,2026-07-20T16:05:08,2026-07-20T16:05:09,0.706
QURT,0001549631,success,4929.0,data\facts\0001549631.parquet,,,2026-07-20T16:05:09,2026-07-20T16:05:10,0.695
QVCAQ,0001355096,success,21259.0,data\facts\0001355096.parquet,,,2026-07-20T16:05:10,2026-07-20T16:05:11,0.795
QVCCQ,0001254699,success,17659.0,data\facts\0001254699.parquet,,,2026-07-20T16:05:11,2026-07-20T16:05:12,0.94
QWTR,0001487091,success,4906.0,data\facts\0001487091.parquet,,,2026-07-20T16:05:13,2026-07-20T16:05:13,0.568
QXL,0000797542,success,8732.0,data\facts\0000797542.parquet,,,2026-07-20T16:05:13,2026-07-20T16:05:14,0.703
QXO,0001236275,success,18549.0,data\facts\0001236275.parquet,,,2026-07-20T16:05:14,2026-07-20T16:05:15,0.875
QZMRF,0000811522,success,1733.0,data\facts\0000811522.parquet,,,2026-07-20T16:05:16,2026-07-20T16:05:16,0.681
R,0000085961,success,26967.0,data\facts\0000085961.parquet,,,2026-07-20T16:05:16,2026-07-20T16:05:17,0.846
RA,0001655099,failed,,,ValueError,Company Facts에서 facts 데이터를 찾지 못했습니다.,2026-07-20T16:05:18,2026-07-20T16:05:18,0.548
RAASY,0001804583,success,3413.0,data\facts\0001804583.parquet,,,2026-07-20T16:05:18,2026-07-20T16:05:19,0.683
RAC,0002047497,success,345.0,data\facts\0002047497.parquet,,,2026-07-20T16:05:19,2026-07-20T16:05:20,0.583
RACC,0002118032,success,42.0,data\facts\0002118032.parquet,,,2026-07-20T16:05:20,2026-07-20T16:05:21,0.589
RACD,0002137777,failed,,,ValueError,변환된 Fact Store가 비어 있습니다.,2026-07-20T16:05:21,2026-07-20T16:05:22,0.549
RACE,0001648416,success,4308.0,data\facts\0001648416.parquet,,,2026-07-20T16:05:22,2026-07-20T16:05:22,0.656
RADC,0002057381,success,695.0,data\facts\0002057381.parquet,,,2026-07-20T16:05:23,2026-07-20T16:05:23,0.595
RADX,0001949257,success,289.0,data\facts\0001949257.parquet,,,2026-07-20T16:05:24,2026-07-20T16:05:24,0.511
RAIL,0001320854,success,18681.0,data\facts\0001320854.parquet,,,2026-07-20T16:05:24,2026-07-20T16:05:25,0.804
RAIN,0002028293,success,882.0,data\facts\0002028293.parquet,,,2026-07-20T16:05:25,2026-07-20T16:05:26,0.58
RAJAF,0001885680,success,1545.0,data\facts\0001885680.parquet,,,2026-07-20T16:05:26,2026-07-20T16:05:27,0.848
RAKR,0001872292,success,3242.0,data\facts\0001872292.parquet,,,2026-07-20T16:05:27,2026-07-20T16:05:28,0.834
RAL,0002041385,success,1393.0,data\facts\0002041385.parquet,,,2026-07-20T16:05:28,2026-07-20T16:05:29,0.7
RAMP,0000733269,success,22065.0,data\facts\0000733269.parquet,,,2026-07-20T16:05:29,2026-07-20T16:05:30,0.83
RAND,0000081955,success,3584.0,data\facts\0000081955.parquet,,,2026-07-20T16:05:31,2026-07-20T16:05:31,0.66
RANG,0002035644,success,639.0,data\facts\0002035644.parquet,,,2026-07-20T16:05:31,2026-07-20T16:05:32,0.738
RANI,0001856725,success,4701.0,data\facts\0001856725.parquet,,,2026-07-20T16:05:32,2026-07-20T16:05:33,0.691
RAPH,0001415397,success,2254.0,data\facts\0001415397.parquet,,,2026-07-20T16:05:33,2026-07-20T16:05:34,0.636
RAPP,0002012593,success,1936.0,data\facts\0002012593.parquet,,,2026-07-20T16:05:34,2026-07-20T16:05:35,0.635
RARE,0001515673,success,12238.0,data\facts\0001515673.parquet,,,2026-07-20T16:05:35,2026-07-20T16:05:36,0.759
RAVE,0000718332,success,13577.0,data\facts\0000718332.parquet,,,2026-07-20T16:05:36,2026-07-20T16:05:37,0.922
RAY,0001948443,success,681.0,data\facts\0001948443.parquet,,,2026-07-20T16:05:37,2026-07-20T16:05:38,0.598
RAYA,0001825875,success,2737.0,data\facts\0001825875.parquet,,,2026-07-20T16:05:38,2026-07-20T16:05:39,0.685
RBA,0001046102,success,17099.0,data\facts\0001046102.parquet,,,2026-07-20T16:05:39,2026-07-20T16:05:40,0.633
RBB,0001499422,success,21514.0,data\facts\0001499422.parquet,,,2026-07-20T16:05:40,2026-07-20T16:05:41,0.886
RBBN,0001708055,success,17227.0,data\facts\0001708055.parquet,,,2026-07-20T16:05:41,2026-07-20T16:05:42,0.818
RBC,0001324948,success,22563.0,data\facts\0001324948.parquet,,,2026-07-20T16:05:42,2026-07-20T16:05:43,0.931
RBCAA,0000921557,success,30208.0,data\facts\0000921557.parquet,,,2026-07-20T16:05:43,2026-07-20T16:05:45,1.178
RBKB,0001751783,success,16278.0,data\facts\0001751783.parquet,,,2026-07-20T16:05:45,2026-07-20T16:05:46,0.917
RBLX,0001315098,success,8059.0,data\facts\0001315098.parquet,,,2026-07-20T16:05:46,2026-07-20T16:05:47,0.643
RBNE,0002039060,success,476.0,data\facts\0002039060.parquet,,,2026-07-20T16:05:47,2026-07-20T16:05:48,0.64
RBOT,0001812173,success,5109.0,data\facts\0001812173.parquet,,,2026-07-20T16:05:48,2026-07-20T16:05:49,0.605
RBRK,0001943896,success,3115.0,data\facts\0001943896.parquet,,,2026-07-20T16:05:49,2026-07-20T16:05:50,0.784
RBTK,0001594204,success,5538.0,data\facts\0001594204.parquet,,,2026-07-20T16:05:50,2026-07-20T16:05:51,0.735
RC,0001527590,success,26489.0,data\facts\0001527590.parquet,,,2026-07-20T16:05:51,2026-07-20T16:05:52,0.885
RCAT,0000748268,success,11484.0,data\facts\0000748268.parquet,,,2026-07-20T16:05:52,2026-07-20T16:05:53,0.693
RCEL,0001762303,success,8912.0,data\facts\0001762303.parquet,,,2026-07-20T16:05:53,2026-07-20T16:05:54,0.715
RCG,0000919567,failed,,,ValueError,Company Facts에서 facts 데이터를 찾지 못했습니다.,2026-07-20T16:05:54,2026-07-20T16:05:54,0.455
RCI,0000733099,success,3602.0,data\facts\0000733099.parquet,,,2026-07-20T16:05:55,2026-07-20T16:05:55,0.606
RCKT,0001281895,success,10931.0,data\facts\0001281895.parquet,,,2026-07-20T16:05:55,2026-07-20T16:05:56,0.74
RCKY,0000895456,success,18584.0,data\facts\0000895456.parquet,,,2026-07-20T16:05:56,2026-07-20T16:05:57,0.823
RCL,0000884887,success,22447.0,data\facts\0000884887.parquet,,,2026-07-20T16:05:58,2026-07-20T16:05:58,0.768
RCMT,0000700841,success,18267.0,data\facts\0000700841.parquet,,,2026-07-20T16:05:59,2026-07-20T16:05:59,0.841
RCON,0001442620,success,17361.0,data\facts\0001442620.parquet,,,2026-07-20T16:06:00,2026-07-20T16:06:01,0.889
RCS,0000916183,failed,,,HTTPError,404 Client Error: Not Found for url: https://data.sec.gov/api/xbrl/companyfacts/CIK0000916183.json,2026-07-20T16:06:01,2026-07-20T16:06:01,0.597
RCT,0002027360,success,736.0,data\facts\0002027360.parquet,,,2026-07-20T16:06:02,2026-07-20T16:06:02,0.582
RCUS,0001724521,success,8750.0,data\facts\0001724521.parquet,,,2026-07-20T16:06:03,2026-07-20T16:06:03,0.723
RCWBY,0001969729,failed,,,HTTPError,404 Client Error: Not Found for url: https://data.sec.gov/api/xbrl/companyfacts/CIK0001969729.json,2026-07-20T16:06:04,2026-07-20T16:06:04,0.605
RDAC,0002018145,success,511.0,data\facts\0002018145.parquet,,,2026-07-20T16:06:04,2026-07-20T16:06:05,0.557
RDAG,0002055459,success,249.0,data\facts\0002055459.parquet,,,2026-07-20T16:06:05,2026-07-20T16:06:06,0.598
RDAR,0001384365,success,3362.0,data\facts\0001384365.parquet,,,2026-07-20T16:06:06,2026-07-20T16:06:07,0.635
RDCM,0001016838,success,6739.0,data\facts\0001016838.parquet,,,2026-07-20T16:06:07,2026-07-20T16:06:08,0.663
RDCT,0001376804,success,9036.0,data\facts\0001376804.parquet,,,2026-07-20T16:06:08,2026-07-20T16:06:09,0.647
RDDT,0001713445,success,3027.0,data\facts\0001713445.parquet,,,2026-07-20T16:06:09,2026-07-20T16:06:09,0.616
RDEXF,0001856082,failed,,,HTTPError,404 Client Error: Not Found for url: https://data.sec.gov/api/xbrl/companyfacts/CIK0001856082.json,2026-07-20T16:06:10,2026-07-20T16:06:10,0.53
RDGL,0001449349,success,11712.0,data\facts\0001449349.parquet,,,2026-07-20T16:06:11,2026-07-20T16:06:11,0.664
RDGMF,0001820025,failed,,,HTTPError,404 Client Error: Not Found for url: https://data.sec.gov/api/xbrl/companyfacts/CIK0001820025.json,2026-07-20T16:06:12,2026-07-20T16:06:12,0.568
RDGT,0001856084,success,1975.0,data\facts\0001856084.parquet,,,2026-07-20T16:06:12,2026-07-20T16:06:13,0.657
RDHL,0001553846,success,3810.0,data\facts\0001553846.parquet,,,2026-07-20T16:06:13,2026-07-20T16:06:14,0.746
RDI,0000716634,success,24504.0,data\facts\0000716634.parquet,,,2026-07-20T16:06:14,2026-07-20T16:06:15,0.865
RDN,0000890926,success,23204.0,data\facts\0000890926.parquet,,,2026-07-20T16:06:15,2026-07-20T16:06:16,0.877
RDNT,0000790526,success,22890.0,data\facts\0000790526.parquet,,,2026-07-20T16:06:17,2026-07-20T16:06:17,0.878
RDNW,0001596961,success,12194.0,data\facts\0001596961.parquet,,,2026-07-20T16:06:18,2026-07-20T16:06:18,0.82
RDSC,0002056016,success,457.0,data\facts\0002056016.parquet,,,2026-07-20T16:06:19,2026-07-20T16:06:19,0.69
RDVT,0001720116,success,7539.0,data\facts\0001720116.parquet,,,2026-07-20T16:06:20,2026-07-20T16:06:20,0.738
RDW,0001819810,success,7948.0,data\facts\0001819810.parquet,,,2026-07-20T16:06:21,2026-07-20T16:06:21,0.74
RDWR,0001094366,success,6342.0,data\facts\0001094366.parquet,,,2026-07-20T16:06:22,2026-07-20T16:06:23,0.796
RDY,0001135951,success,5454.0,data\facts\0001135951.parquet,,,2026-07-20T16:06:23,2026-07-20T16:06:23,0.623
RDZN,0001868640,success,5206.0,data\facts\0001868640.parquet,,,2026-07-20T16:06:24,2026-07-20T16:06:24,0.686
REA,0002095743,success,192.0,data\facts\0002095743.parquet,,,2026-07-20T16:06:25,2026-07-20T16:06:25,0.503
REAL,0001573221,success,8451.0,data\facts\0001573221.parquet,,,2026-07-20T16:06:25,2026-07-20T16:06:26,0.733
REAX,0001862461,success,2895.0,data\facts\0001862461.parquet,,,2026-07-20T16:06:26,2026-07-20T16:06:27,0.713
REBN,0001707910,success,3929.0,data\facts\0001707910.parquet,,,2026-07-20T16:06:27,2026-07-20T16:06:28,0.581
RECCY,0002070570,failed,,,HTTPError,404 Client Error: Not Found for url: https://data.sec.gov/api/xbrl/companyfacts/CIK0002070570.json,2026-07-20T16:06:28,2026-07-20T16:06:29,0.604
RECT,0001995116,success,1799.0,data\facts\0001995116.parquet,,,2026-07-20T16:06:29,2026-07-20T16:06:30,0.538
RECX,0002126221,failed,,,HTTPError,404 Client Error: Not Found for url: https://data.sec.gov/api/xbrl/companyfacts/CIK0002126221.json,2026-07-20T16:06:30,2026-07-20T16:06:31,0.598
REDW,0000942895,failed,,,HTTPError,404 Client Error: Not Found for url: https://data.sec.gov/api/xbrl/companyfacts/CIK0000942895.json,2026-07-20T16:06:31,2026-07-20T16:06:31,0.478
REE,0001843588,success,2632.0,data\facts\0001843588.parquet,,,2026-07-20T16:06:32,2026-07-20T16:06:32,0.653
REED,0001140215,success,13958.0,data\facts\0001140215.parquet,,,2026-07-20T16:06:32,2026-07-20T16:06:33,0.946
REEMF,0001419806,success,11608.0,data\facts\0001419806.parquet,,,2026-07-20T16:06:34,2026-07-20T16:06:34,0.755
REF,0001787117,success,5.0,data\facts\0001787117.parquet,,,2026-07-20T16:06:35,2026-07-20T16:06:35,0.547
REFI,0001867949,success,4410.0,data\facts\0001867949.parquet,,,2026-07-20T16:06:35,2026-07-20T16:06:36,0.693
REFR,0000793524,success,9176.0,data\facts\0000793524.parquet,,,2026-07-20T16:06:36,2026-07-20T16:06:37,0.778
REG,0000910606,success,16116.0,data\facts\0000910606.parquet,,,2026-07-20T16:06:37,2026-07-20T16:06:38,0.785
REGN,0000872589,success,19191.0,data\facts\0000872589.parquet,,,2026-07-20T16:06:39,2026-07-20T16:06:40,0.955
REI,0001384195,success,17164.0,data\facts\0001384195.parquet,,,2026-07-20T16:06:40,2026-07-20T16:06:41,0.833
REKR,0001697851,success,12841.0,data\facts\0001697851.parquet,,,2026-07-20T16:06:41,2026-07-20T16:06:42,0.996
RELL,0000355948,success,18939.0,data\facts\0000355948.parquet,,,2026-07-20T16:06:42,2026-07-20T16:06:43,0.868
RELX,0000929869,success,4867.0,data\facts\0000929869.parquet,,,2026-07-20T16:06:43,2026-07-20T16:06:44,0.752
RELY,0001782170,success,6634.0,data\facts\0001782170.parquet,,,2026-07-20T16:06:44,2026-07-20T16:06:45,0.731
RENEF,0001889112,success,1801.0,data\facts\0001889112.parquet,,,2026-07-20T16:06:45,2026-07-20T16:06:46,0.738
RENGY,0002092252,failed,,,HTTPError,404 Client Error: Not Found for url: https://data.sec.gov/api/xbrl/companyfacts/CIK0002092252.json,2026-07-20T16:06:46,2026-07-20T16:06:47,0.531
RENT,0001468327,success,5351.0,data\facts\0001468327.parquet,,,2026-07-20T16:06:47,2026-07-20T16:06:48,0.766
RENX,0001959023,success,2806.0,data\facts\0001959023.parquet,,,2026-07-20T16:06:48,2026-07-20T16:06:49,0.751
REOS,0001335288,failed,,,ValueError,Company Facts에서 facts 데이터를 찾지 못했습니다.,2026-07-20T16:06:49,2026-07-20T16:06:50,0.681
REPL,0001737953,success,9275.0,data\facts\0001737953.parquet,,,2026-07-20T16:06:50,2026-07-20T16:06:51,0.841
REPX,0001001614,success,18637.0,data\facts\0001001614.parquet,,,2026-07-20T16:06:51,2026-07-20T16:06:52,0.938
RERE,0001838957,success,2649.0,data\facts\0001838957.parquet,,,2026-07-20T16:06:52,2026-07-20T16:06:53,0.576
RES,0000742278,success,17363.0,data\facts\0000742278.parquet,,,2026-07-20T16:06:53,2026-07-20T16:06:54,0.91
RETO,0001687277,success,4978.0,data\facts\0001687277.parquet,,,2026-07-20T16:06:54,2026-07-20T16:06:55,0.87
REVB,0001810560,success,3960.0,data\facts\0001810560.parquet,,,2026-07-20T16:06:56,2026-07-20T16:06:56,0.822
REVFF,0001002366,failed,,,HTTPError,404 Client Error: Not Found for url: https://data.sec.gov/api/xbrl/companyfacts/CIK0001002366.json,2026-07-20T16:06:57,2026-07-20T16:06:57,0.535
REX,0000744187,success,18744.0,data\facts\0000744187.parquet,,,2026-07-20T16:06:57,2026-07-20T16:06:59,1.175
REXR,0001571283,success,19611.0,data\facts\0001571283.parquet,,,2026-07-20T16:06:59,2026-07-20T16:07:00,0.955
REYN,0001786431,success,7288.0,data\facts\0001786431.parquet,,,2026-07-20T16:07:00,2026-07-20T16:07:01,0.721
REZI,0001740332,success,10073.0,data\facts\0001740332.parquet,,,2026-07-20T16:07:01,2026-07-20T16:07:02,1.031
RF,0001281761,success,43739.0,data\facts\0001281761.parquet,,,2026-07-20T16:07:02,2026-07-20T16:07:04,1.559
RFAI,0002012807,success,604.0,data\facts\0002012807.parquet,,,2026-07-20T16:07:04,2026-07-20T16:07:05,0.522
RFAM,0002091712,success,173.0,data\facts\0002091712.parquet,,,2026-07-20T16:07:05,2026-07-20T16:07:06,0.59
RFI,0000891290,failed,,,HTTPError,404 Client Error: Not Found for url: https://data.sec.gov/api/xbrl/companyfacts/CIK0000891290.json,2026-07-20T16:07:06,2026-07-20T16:07:07,0.648
RFIL,0000740664,success,16268.0,data\facts\0000740664.parquet,,,2026-07-20T16:07:07,2026-07-20T16:07:08,0.859
RFL,0001713863,success,11725.0,data\facts\0001713863.parquet,,,2026-07-20T16:07:08,2026-07-20T16:07:09,0.8
RFM,0001790177,failed,,,ValueError,Company Facts에서 facts 데이터를 찾지 못했습니다.,2026-07-20T16:07:09,2026-07-20T16:07:09,0.462
RFMZ,0001817159,failed,,,ValueError,Company Facts에서 facts 데이터를 찾지 못했습니다.,2026-07-20T16:07:10,2026-07-20T16:07:10,0.565
RGA,0000898174,success,36341.0,data\facts\0000898174.parquet,,,2026-07-20T16:07:11,2026-07-20T16:07:12,1.951
RGBP,0001589150,success,9779.0,data\facts\0001589150.parquet,,,2026-07-20T16:07:13,2026-07-20T16:07:14,0.868
RGC,0001829667,success,1151.0,data\facts\0001829667.parquet,,,2026-07-20T16:07:14,2026-07-20T16:07:14,0.601
RGCCF,0001918151,failed,,,HTTPError,404 Client Error: Not Found for url: https://data.sec.gov/api/xbrl/companyfacts/CIK0001918151.json,2026-07-20T16:07:15,2026-07-20T16:07:15,0.624
RGCO,0001069533,success,19614.0,data\facts\0001069533.parquet,,,2026-07-20T16:07:16,2026-07-20T16:07:17,0.942
RGEN,0000730272,success,25101.0,data\facts\0000730272.parquet,,,2026-07-20T16:07:17,2026-07-20T16:07:18,1.005
RGKUY,0002141099,failed,,,HTTPError,404 Client Error: Not Found for url: https://data.sec.gov/api/xbrl/companyfacts/CIK0002141099.json,2026-07-20T16:07:18,2026-07-20T16:07:19,0.54
RGLD,0000085535,success,16484.0,data\facts\0000085535.parquet,,,2026-07-20T16:07:19,2026-07-20T16:07:20,0.881
RGNT,0001912966,success,415.0,data\facts\0001912966.parquet,,,2026-07-20T16:07:20,2026-07-20T16:07:21,0.668
RGNX,0001590877,success,13030.0,data\facts\0001590877.parquet,,,2026-07-20T16:07:21,2026-07-20T16:07:22,0.788
RGP,0001084765,success,20556.0,data\facts\0001084765.parquet,,,2026-07-20T16:07:22,2026-07-20T16:07:23,0.867
RGPX,0001357878,success,5969.0,data\facts\0001357878.parquet,,,2026-07-20T16:07:23,2026-07-20T16:07:24,0.829
RGR,0000095029,success,15502.0,data\facts\0000095029.parquet,,,2026-07-20T16:07:24,2026-07-20T16:07:25,0.774
RGS,0000716643,success,20313.0,data\facts\0000716643.parquet,,,2026-07-20T16:07:25,2026-07-20T16:07:26,0.861
RGT,0001514490,failed,,,HTTPError,404 Client Error: Not Found for url: https://data.sec.gov/api/xbrl/companyfacts/CIK0001514490.json,2026-07-20T16:07:26,2026-07-20T16:07:27,0.543
RGTI,0001838359,success,6050.0,data\facts\0001838359.parquet,,,2026-07-20T16:07:27,2026-07-20T16:07:28,0.726
RH,0001528849,success,20876.0,data\facts\0001528849.parquet,,,2026-07-20T16:07:28,2026-07-20T16:07:29,0.928
RHEP,0001004724,success,21086.0,data\facts\0001004724.parquet,,,2026-07-20T16:07:29,2026-07-20T16:07:30,0.887
RHI,0000315213,success,17538.0,data\facts\0000315213.parquet,,,2026-07-20T16:07:31,2026-07-20T16:07:32,0.935
RHLD,0002039497,success,1531.0,data\facts\0002039497.parquet,,,2026-07-20T16:07:32,2026-07-20T16:07:32,0.609
RHNO,0001785493,success,3597.0,data\facts\0001785493.parquet,,,2026-07-20T16:07:33,2026-07-20T16:07:33,0.64
RHP,0001040829,success,21560.0,data\facts\0001040829.parquet,,,2026-07-20T16:07:34,2026-07-20T16:07:34,0.888
RIBB,0002035016,success,356.0,data\facts\0002035016.parquet,,,2026-07-20T16:07:35,2026-07-20T16:07:35,0.626
RICK,0000935419,success,24971.0,data\facts\0000935419.parquet,,,2026-07-20T16:07:36,2026-07-20T16:07:37,1.082
RIG,0001451505,success,27017.0,data\facts\0001451505.parquet,,,2026-07-20T16:07:37,2026-07-20T16:07:38,0.978
RIGL,0001034842,success,12982.0,data\facts\0001034842.parquet,,,2026-07-20T16:07:38,2026-07-20T16:07:39,0.737
RILY,0001464790,success,28053.0,data\facts\0001464790.parquet,,,2026-07-20T16:07:39,2026-07-20T16:07:40,1.004
RIME,0000923601,success,16406.0,data\facts\0000923601.parquet,,,2026-07-20T16:07:40,2026-07-20T16:07:41,0.784
RIO,0000863064,success,9728.0,data\facts\0000863064.parquet,,,2026-07-20T16:07:42,2026-07-20T16:07:42,0.645
RIOFF,0001743235,failed,,,HTTPError,404 Client Error: Not Found for url: https://data.sec.gov/api/xbrl/companyfacts/CIK0001743235.json,2026-07-20T16:07:42,2026-07-20T16:07:43,0.558
RIOT,0001167419,success,15683.0,data\facts\0001167419.parquet,,,2026-07-20T16:07:43,2026-07-20T16:07:44,0.83
RITE,0001096296,success,3324.0,data\facts\0001096296.parquet,,,2026-07-20T16:07:44,2026-07-20T16:07:45,0.612
RITM,0001556593,success,25639.0,data\facts\0001556593.parquet,,,2026-07-20T16:07:45,2026-07-20T16:07:46,0.981
RITR,0001951229,success,975.0,data\facts\0001951229.parquet,,,2026-07-20T16:07:46,2026-07-20T16:07:47,0.539
RIV,0001501072,success,28.0,data\facts\0001501072.parquet,,,2026-07-20T16:07:47,2026-07-20T16:07:48,0.566
RIVN,0001874178,success,5884.0,data\facts\0001874178.parquet,,,2026-07-20T16:07:48,2026-07-20T16:07:49,0.719
RJET,0000810332,success,11688.0,data\facts\0000810332.parquet,,,2026-07-20T16:07:49,2026-07-20T16:07:50,0.846
RJF,0000720005,success,36283.0,data\facts\0000720005.parquet,,,2026-07-20T16:07:50,2026-07-20T16:07:51,1.014
RKAM,0002087716,success,3.0,data\facts\0002087716.parquet,,,2026-07-20T16:07:51,2026-07-20T16:07:52,0.55
RKDA,0001469443,success,12335.0,data\facts\0001469443.parquet,,,2026-07-20T16:07:52,2026-07-20T16:07:53,0.792
RKGRY,0002093907,failed,,,HTTPError,404 Client Error: Not Found for url: https://data.sec.gov/api/xbrl/companyfacts/CIK0002093907.json,2026-07-20T16:07:53,2026-07-20T16:07:54,0.463
RKHNF,0001422532,failed,,,HTTPError,404 Client Error: Not Found for url: https://data.sec.gov/api/xbrl/companyfacts/CIK0001422532.json,2026-07-20T16:07:54,2026-07-20T16:07:55,0.515
RKLB,0001819994,success,7683.0,data\facts\0001819994.parquet,,,2026-07-20T16:07:55,2026-07-20T16:07:55,0.641
RKT,0001805284,success,8158.0,data\facts\0001805284.parquet,,,2026-07-20T16:07:56,2026-07-20T16:07:56,0.696
RKTO,0001711786,success,5591.0,data\facts\0001711786.parquet,,,2026-07-20T16:07:57,2026-07-20T16:07:58,0.802
RL,0001037038,success,27085.0,data\facts\0001037038.parquet,,,2026-07-20T16:07:58,2026-07-20T16:07:59,1.078
RLAY,0001812364,success,5229.0,data\facts\0001812364.parquet,,,2026-07-20T16:07:59,2026-07-20T16:08:00,0.68
RLBY,0000034285,success,7466.0,data\facts\0000034285.parquet,,,2026-07-20T16:08:00,2026-07-20T16:08:01,0.788
RLEA,0001893657,success,3605.0,data\facts\0001893657.parquet,,,2026-07-20T16:08:01,2026-07-20T16:08:02,0.706
RLFTY,0001854078,success,702.0,data\facts\0001854078.parquet,,,2026-07-20T16:08:02,2026-07-20T16:08:03,0.566
RLGT,0001171155,success,21513.0,data\facts\0001171155.parquet,,,2026-07-20T16:08:03,2026-07-20T16:08:04,0.894
RLI,0000084246,success,25551.0,data\facts\0000084246.parquet,,,2026-07-20T16:08:04,2026-07-20T16:08:05,1.03
RLJ,0001511337,success,22029.0,data\facts\0001511337.parquet,,,2026-07-20T16:08:05,2026-07-20T16:08:06,0.74
RLMD,0001553643,success,10018.0,data\facts\0001553643.parquet,,,2026-07-20T16:08:06,2026-07-20T16:08:07,0.865
RLNDF,0001924064,success,229.0,data\facts\0001924064.parquet,,,2026-07-20T16:08:08,2026-07-20T16:08:08,0.77
RLTY,0001866874,failed,,,ValueError,Company Facts에서 facts 데이터를 찾지 못했습니다.,2026-07-20T16:08:09,2026-07-20T16:08:09,0.612
RLX,0001828365,success,3555.0,data\facts\0001828365.parquet,,,2026-07-20T16:08:09,2026-07-20T16:08:10,0.558
RLYB,0001739410,success,4891.0,data\facts\0001739410.parquet,,,2026-07-20T16:08:10,2026-07-20T16:08:11,0.721
RM,0001519401,success,18693.0,data\facts\0001519401.parquet,,,2026-07-20T16:08:11,2026-07-20T16:08:12,0.833
RMAX,0001581091,success,16945.0,data\facts\0001581091.parquet,,,2026-07-20T16:08:12,2026-07-20T16:08:13,0.881
RMBI,0001767837,success,12692.0,data\facts\0001767837.parquet,,,2026-07-20T16:08:14,2026-07-20T16:08:14,0.768
RMBS,0000917273,success,22437.0,data\facts\0000917273.parquet,,,2026-07-20T16:08:15,2026-07-20T16:08:16,0.902
RMCF,0001616262,success,15767.0,data\facts\0001616262.parquet,,,2026-07-20T16:08:16,2026-07-20T16:08:16,0.727
RMCO,0001843656,success,4203.0,data\facts\0001843656.parquet,,,2026-07-20T16:08:17,2026-07-20T16:08:18,0.817
RMD,0000943819,success,22365.0,data\facts\0000943819.parquet,,,2026-07-20T16:08:18,2026-07-20T16:08:19,1.016
RMGL,0002034288,success,516.0,data\facts\0002034288.parquet,,,2026-07-20T16:08:19,2026-07-20T16:08:20,0.566
RMHI,0001452804,success,5078.0,data\facts\0001452804.parquet,,,2026-07-20T16:08:20,2026-07-20T16:08:21,0.635
RMI,0001746967,failed,,,ValueError,Company Facts에서 facts 데이터를 찾지 못했습니다.,2026-07-20T16:08:21,2026-07-20T16:08:21,0.664
RMIX,0002094433,success,81.0,data\facts\0002094433.parquet,,,2026-07-20T16:08:22,2026-07-20T16:08:22,0.481
RMM,0001771226,failed,,,ValueError,Company Facts에서 facts 데이터를 찾지 못했습니다.,2026-07-20T16:08:22,2026-07-20T16:08:23,0.567
RMMZ,0001870833,failed,,,ValueError,Company Facts에서 facts 데이터를 찾지 못했습니다.,2026-07-20T16:08:23,2026-07-20T16:08:24,0.591
RMNI,0001635282,success,15373.0,data\facts\0001635282.parquet,,,2026-07-20T16:08:24,2026-07-20T16:08:25,0.994
RMR,0001644378,success,11481.0,data\facts\0001644378.parquet,,,2026-07-20T16:08:25,2026-07-20T16:08:26,0.939
RMSG,0001983324,success,701.0,data\facts\0001983324.parquet,,,2026-07-20T16:08:27,2026-07-20T16:08:27,0.62
RMSL,0001412126,success,9452.0,data\facts\0001412126.parquet,,,2026-07-20T16:08:28,2026-07-20T16:08:28,0.873
RMT,0000912147,failed,,,HTTPError,404 Client Error: Not Found for url: https://data.sec.gov/api/xbrl/companyfacts/CIK0000912147.json,2026-07-20T16:08:29,2026-07-20T16:08:29,0.528
RMTG,0001760026,success,5886.0,data\facts\0001760026.parquet,,,2026-07-20T16:08:29,2026-07-20T16:08:30,0.835
RMTHF,0000876779,success,6850.0,data\facts\0000876779.parquet,,,2026-07-20T16:08:31,2026-07-20T16:08:31,0.685
RMTI,0001041024,success,16055.0,data\facts\0001041024.parquet,,,2026-07-20T16:08:31,2026-07-20T16:08:32,0.892
RMVEY,0001516536,failed,,,HTTPError,404 Client Error: Not Found for url: https://data.sec.gov/api/xbrl/companyfacts/CIK0001516536.json,2026-07-20T16:08:33,2026-07-20T16:08:33,0.505
RMXI,0001970743,success,211.0,data\facts\0001970743.parquet,,,2026-07-20T16:08:33,2026-07-20T16:08:34,0.638
RNA,0002093101,success,149.0,data\facts\0002093101.parquet,,,2026-07-20T16:08:34,2026-07-20T16:08:35,0.723
RNAC,0001453687,success,12513.0,data\facts\0001453687.parquet,,,2026-07-20T16:08:35,2026-07-20T16:08:36,0.817
RNAZ,0001829635,success,4018.0,data\facts\0001829635.parquet,,,2026-07-20T16:08:36,2026-07-20T16:08:37,0.841
RNG,0001384905,success,17525.0,data\facts\0001384905.parquet,,,2026-07-20T16:08:37,2026-07-20T16:08:38,0.954
RNGC,0001434740,success,3694.0,data\facts\0001434740.parquet,,,2026-07-20T16:08:39,2026-07-20T16:08:39,0.675
RNGE,0001438943,success,11165.0,data\facts\0001438943.parquet,,,2026-07-20T16:08:40,2026-07-20T16:08:41,0.902
RNGR,0001699039,success,9772.0,data\facts\0001699039.parquet,,,2026-07-20T16:08:41,2026-07-20T16:08:42,0.756
RNGT,0002078653,success,141.0,data\facts\0002078653.parquet,,,2026-07-20T16:08:42,2026-07-20T16:08:42,0.672
RNLXY,0001811115,success,4435.0,data\facts\0001811115.parquet,,,2026-07-20T16:08:43,2026-07-20T16:08:43,0.636
RNP,0001224450,failed,,,HTTPError,404 Client Error: Not Found for url: https://data.sec.gov/api/xbrl/companyfacts/CIK0001224450.json,2026-07-20T16:08:44,2026-07-20T16:08:44,0.598
RNR,0000913144,success,30387.0,data\facts\0000913144.parquet,,,2026-07-20T16:08:45,2026-07-20T16:08:46,1.256
RNST,0000715072,success,39460.0,data\facts\0000715072.parquet,,,2026-07-20T16:08:46,2026-07-20T16:08:47,1.306
RNTX,0001420565,success,8706.0,data\facts\0001420565.parquet,,,2026-07-20T16:08:48,2026-07-20T16:08:49,0.858
RNW,0001848763,success,3636.0,data\facts\0001848763.parquet,,,2026-07-20T16:08:49,2026-07-20T16:08:49,0.74
RNXT,0001574094,success,3761.0,data\facts\0001574094.parquet,,,2026-07-20T16:08:50,2026-07-20T16:08:51,0.768
ROAD,0001718227,success,10510.0,data\facts\0001718227.parquet,,,2026-07-20T16:08:51,2026-07-20T16:08:52,0.813
ROC,0002077709,success,483.0,data\facts\0002077709.parquet,,,2026-07-20T16:08:52,2026-07-20T16:08:53,0.656
ROCK,0000912562,success,23407.0,data\facts\0000912562.parquet,,,2026-07-20T16:08:53,2026-07-20T16:08:54,1.35
ROG,0000084748,success,24847.0,data\facts\0000084748.parquet,,,2026-07-20T16:08:54,2026-07-20T16:08:55,0.88
ROIUF,0001736289,failed,,,HTTPError,404 Client Error: Not Found for url: https://data.sec.gov/api/xbrl/companyfacts/CIK0001736289.json,2026-07-20T16:08:56,2026-07-20T16:08:56,0.531
ROIV,0001635088,success,5574.0,data\facts\0001635088.parquet,,,2026-07-20T16:08:56,2026-07-20T16:08:57,1.183
ROK,0001024478,success,26918.0,data\facts\0001024478.parquet,,,2026-07-20T16:08:58,2026-07-20T16:08:59,1.028
ROKU,0001428439,success,12572.0,data\facts\0001428439.parquet,,,2026-07-20T16:08:59,2026-07-20T16:09:00,0.617
ROL,0000084839,success,19564.0,data\facts\0000084839.parquet,,,2026-07-20T16:09:00,2026-07-20T16:09:01,0.917
ROLR,0001947210,success,2029.0,data\facts\0001947210.parquet,,,2026-07-20T16:09:01,2026-07-20T16:09:02,0.546
ROMA,0001945240,success,875.0,data\facts\0001945240.parquet,,,2026-07-20T16:09:02,2026-07-20T16:09:02,0.588
ROMJF,0001742195,failed,,,HTTPError,404 Client Error: Not Found for url: https://data.sec.gov/api/xbrl/companyfacts/CIK0001742195.json,2026-07-20T16:09:03,2026-07-20T16:09:03,0.588
ROOT,0001788882,success,9518.0,data\facts\0001788882.parquet,,,2026-07-20T16:09:04,2026-07-20T16:09:04,0.606
ROP,0000882835,success,22628.0,data\facts\0000882835.parquet,,,2026-07-20T16:09:04,2026-07-20T16:09:05,0.907
ROST,0000745732,success,20721.0,data\facts\0000745732.parquet,,,2026-07-20T16:09:06,2026-07-20T16:09:06,0.703
ROYL,0001694617,success,9173.0,data\facts\0001694617.parquet,,,2026-07-20T16:09:07,2026-07-20T16:09:07,0.788
ROZE,0002075335,success,3.0,data\facts\0002075335.parquet,,,2026-07-20T16:09:08,2026-07-20T16:09:08,0.513
RPAY,0001720592,success,9682.0,data\facts\0001720592.parquet,,,2026-07-20T16:09:08,2026-07-20T16:09:09,0.729
RPC,0001841968,success,6879.0,data\facts\0001841968.parquet,,,2026-07-20T16:09:09,2026-07-20T16:09:10,0.62
RPD,0001560327,success,15791.0,data\facts\0001560327.parquet,,,2026-07-20T16:09:10,2026-07-20T16:09:11,0.779
RPDL,0001910975,success,1992.0,data\facts\0001910975.parquet,,,2026-07-20T16:09:11,2026-07-20T16:09:12,0.572
RPGL,0001912884,failed,,,HTTPError,404 Client Error: Not Found for url: https://data.sec.gov/api/xbrl/companyfacts/CIK0001912884.json,2026-07-20T16:09:12,2026-07-20T16:09:13,0.484
RPID,0001380106,success,7435.0,data\facts\0001380106.parquet,,,2026-07-20T16:09:13,2026-07-20T16:09:14,0.786
RPM,0000110621,success,26447.0,data\facts\0000110621.parquet,,,2026-07-20T16:09:14,2026-07-20T16:09:15,0.796
RPMT,0001437283,success,11564.0,data\facts\0001437283.parquet,,,2026-07-20T16:09:15,2026-07-20T16:09:16,0.889
RPRX,0001802768,success,6651.0,data\facts\0001802768.parquet,,,2026-07-20T16:09:16,2026-07-20T16:09:17,0.647
RPT,0001614806,success,13964.0,data\facts\0001614806.parquet,,,2026-07-20T16:09:17,2026-07-20T16:09:18,0.965
RQI,0001157842,success,86.0,data\facts\0001157842.parquet,,,2026-07-20T16:09:18,2026-07-20T16:09:19,0.553
RR,0001963685,success,2449.0,data\facts\0001963685.parquet,,,2026-07-20T16:09:19,2026-07-20T16:09:20,0.761
RRBI,0001071236,success,12891.0,data\facts\0001071236.parquet,,,2026-07-20T16:09:20,2026-07-20T16:09:21,0.651
RRC,0000315852,success,31113.0,data\facts\0000315852.parquet,,,2026-07-20T16:09:21,2026-07-20T16:09:22,1.071
RREV,0002123969,success,31.0,data\facts\0002123969.parquet,,,2026-07-20T16:09:22,2026-07-20T16:09:23,0.579
RRGB,0001171759,success,19291.0,data\facts\0001171759.parquet,,,2026-07-20T16:09:23,2026-07-20T16:09:24,1.007
RRR,0001653653,success,14659.0,data\facts\0001653653.parquet,,,2026-07-20T16:09:25,2026-07-20T16:09:25,0.985
RRX,0000082811,success,28619.0,data\facts\0000082811.parquet,,,2026-07-20T16:09:26,2026-07-20T16:09:27,1.092
RS,0000861884,success,21542.0,data\facts\0000861884.parquet,,,2026-07-20T16:09:27,2026-07-20T16:09:28,1.168
RSCF,0001103090,success,8825.0,data\facts\0001103090.parquet,,,2026-07-20T16:09:29,2026-07-20T16:09:30,0.969
RSF,0001644771,failed,,,ValueError,Company Facts에서 facts 데이터를 찾지 못했습니다.,2026-07-20T16:09:30,2026-07-20T16:09:30,0.643
RSG,0001060391,success,32773.0,data\facts\0001060391.parquet,,,2026-07-20T16:09:31,2026-07-20T16:09:32,1.111
RSGLF,0001683408,failed,,,HTTPError,404 Client Error: Not Found for url: https://data.sec.gov/api/xbrl/companyfacts/CIK0001683408.json,2026-07-20T16:09:32,2026-07-20T16:09:33,0.617
RSHGY,0001447391,failed,,,HTTPError,404 Client Error: Not Found for url: https://data.sec.gov/api/xbrl/companyfacts/CIK0001447391.json,2026-07-20T16:09:33,2026-07-20T16:09:33,0.522
RSI,0001793659,success,7028.0,data\facts\0001793659.parquet,,,2026-07-20T16:09:34,2026-07-20T16:09:35,0.895
RSKD,0001851112,success,2213.0,data\facts\0001851112.parquet,,,2026-07-20T16:09:35,2026-07-20T16:09:36,0.736
RSKIA,0000084112,success,12857.0,data\facts\0000084112.parquet,,,2026-07-20T16:09:36,2026-07-20T16:09:37,0.889
RSMIY,0002086869,failed,,,HTTPError,404 Client Error: Not Found for url: https://data.sec.gov/api/xbrl/companyfacts/CIK0002086869.json,2026-07-20T16:09:37,2026-07-20T16:09:38,0.498
RSMXF,0001858994,failed,,,HTTPError,404 Client Error: Not Found for url: https://data.sec.gov/api/xbrl/companyfacts/CIK0001858994.json,2026-07-20T16:09:38,2026-07-20T16:09:38,0.531
RSRV,0000083350,success,12260.0,data\facts\0000083350.parquet,,,2026-07-20T16:09:39,2026-07-20T16:09:40,0.839
RSSS,0001386301,success,14403.0,data\facts\0001386301.parquet,,,2026-07-20T16:09:40,2026-07-20T16:09:41,0.842
RSVR,0001824403,success,5930.0,data\facts\0001824403.parquet,,,2026-07-20T16:09:41,2026-07-20T16:09:42,0.771
RTAC,0002035173,success,349.0,data\facts\0002035173.parquet,,,2026-07-20T16:09:42,2026-07-20T16:09:43,0.598
RTB,0001419275,success,16084.0,data\facts\0001419275.parquet,,,2026-07-20T16:09:43,2026-07-20T16:09:44,0.821
RTCJF,0001381074,success,8140.0,data\facts\0001381074.parquet,,,2026-07-20T16:09:44,2026-07-20T16:09:45,0.713
RTEZ,0001733861,success,2336.0,data\facts\0001733861.parquet,,,2026-07-20T16:09:45,2026-07-20T16:09:46,0.741
RTGN,0001836295,success,3450.0,data\facts\0001836295.parquet,,,2026-07-20T16:09:46,2026-07-20T16:09:46,0.565
RTNTF,0000887028,failed,,,HTTPError,404 Client Error: Not Found for url: https://data.sec.gov/api/xbrl/companyfacts/CIK0000887028.json,2026-07-20T16:09:47,2026-07-20T16:09:47,0.606
RTO,0000930157,success,2994.0,data\facts\0000930157.parquet,,,2026-07-20T16:09:48,2026-07-20T16:09:48,0.57
RTON,0001580262,success,6720.0,data\facts\0001580262.parquet,,,2026-07-20T16:09:48,2026-07-20T16:09:49,0.69
RTX,0000101829,success,33550.0,data\facts\0000101829.parquet,,,2026-07-20T16:09:49,2026-07-20T16:09:50,0.965
RUBI,0001943421,success,256.0,data\facts\0001943421.parquet,,,2026-07-20T16:09:51,2026-07-20T16:09:51,0.563
RUIH,0002094989,success,5.0,data\facts\0002094989.parquet,,,2026-07-20T16:09:51,2026-07-20T16:09:52,0.528
RUM,0001830081,success,5334.0,data\facts\0001830081.parquet,,,2026-07-20T16:09:52,2026-07-20T16:09:53,0.593
RUN,0001469367,success,19093.0,data\facts\0001469367.parquet,,,2026-07-20T16:09:53,2026-07-20T16:09:54,0.882
RUSHA,0001012019,success,19257.0,data\facts\0001012019.parquet,,,2026-07-20T16:09:54,2026-07-20T16:09:55,0.762
RVI,0002085091,success,14.0,data\facts\0002085091.parquet,,,2026-07-20T16:09:55,2026-07-20T16:09:56,0.618
RVII,0002131040,success,5.0,data\facts\0002131040.parquet,,,2026-07-20T16:09:56,2026-07-20T16:09:57,0.586
RVLGF,0001616885,failed,,,HTTPError,404 Client Error: Not Found for url: https://data.sec.gov/api/xbrl/companyfacts/CIK0001616885.json,2026-07-20T16:09:57,2026-07-20T16:09:58,0.573
RVLV,0001746618,success,6919.0,data\facts\0001746618.parquet,,,2026-07-20T16:09:58,2026-07-20T16:09:59,0.778
RVMD,0001628171,success,7581.0,data\facts\0001628171.parquet,,,2026-07-20T16:09:59,2026-07-20T16:10:00,0.879
RVP,0000946563,success,14164.0,data\facts\0000946563.parquet,,,2026-07-20T16:10:00,2026-07-20T16:10:01,1.481
RVPH,0001742927,success,4485.0,data\facts\0001742927.parquet,,,2026-07-20T16:10:02,2026-07-20T16:10:03,0.753
RVRC,0001839140,success,229.0,data\facts\0001839140.parquet,,,2026-07-20T16:10:03,2026-07-20T16:10:03,0.602
RVRF,0001641601,success,18575.0,data\facts\0001641601.parquet,,,2026-07-20T16:10:04,2026-07-20T16:10:05,0.998
RVSB,0001041368,success,28531.0,data\facts\0001041368.parquet,,,2026-07-20T16:10:05,2026-07-20T16:10:07,2.089
RVSN,0001743905,success,1800.0,data\facts\0001743905.parquet,,,2026-07-20T16:10:07,2026-07-20T16:10:08,0.8
RVT,0000804116,failed,,,HTTPError,404 Client Error: Not Found for url: https://data.sec.gov/api/xbrl/companyfacts/CIK0000804116.json,2026-07-20T16:10:08,2026-07-20T16:10:09,0.496
RVTY,0000031791,success,28236.0,data\facts\0000031791.parquet,,,2026-07-20T16:10:09,2026-07-20T16:10:11,1.447
RWAX,0001119190,success,4323.0,data\facts\0001119190.parquet,,,2026-07-20T16:10:11,2026-07-20T16:10:12,0.722
RWAY,0001653384,success,4030.0,data\facts\0001653384.parquet,,,2026-07-20T16:10:12,2026-07-20T16:10:13,1.037
RWDMU,0001448038,success,8459.0,data\facts\0001448038.parquet,,,2026-07-20T16:10:13,2026-07-20T16:10:14,0.915
RWT,0000930236,success,30000.0,data\facts\0000930236.parquet,,,2026-07-20T16:10:14,2026-07-20T16:10:16,1.544
RXO,0001929561,success,4357.0,data\facts\0001929561.parquet,,,2026-07-20T16:10:16,2026-07-20T16:10:17,0.703
RXRX,0001601830,success,6836.0,data\facts\0001601830.parquet,,,2026-07-20T16:10:17,2026-07-20T16:10:18,0.913
RXST,0001111485,success,6583.0,data\facts\0001111485.parquet,,,2026-07-20T16:10:18,2026-07-20T16:10:19,0.69
RXT,0001810019,success,9469.0,data\facts\0001810019.parquet,,,2026-07-20T16:10:19,2026-07-20T16:10:20,0.84
RY,0001000275,success,12167.0,data\facts\0001000275.parquet,,,2026-07-20T16:10:20,2026-07-20T16:10:21,0.795
RYAAY,0001038683,success,4039.0,data\facts\0001038683.parquet,,,2026-07-20T16:10:21,2026-07-20T16:10:22,0.645
RYAM,0001597672,success,18432.0,data\facts\0001597672.parquet,,,2026-07-20T16:10:22,2026-07-20T16:10:23,0.978
RYAN,0001849253,success,8079.0,data\facts\0001849253.parquet,,,2026-07-20T16:10:24,2026-07-20T16:10:24,0.726
RYDE,0001971115,success,1639.0,data\facts\0001971115.parquet,,,2026-07-20T16:10:25,2026-07-20T16:10:25,0.716
RYES,0001424864,success,8020.0,data\facts\0001424864.parquet,,,2026-07-20T16:10:26,2026-07-20T16:10:27,0.826
RYET,0001873454,success,212.0,data\facts\0001873454.parquet,,,2026-07-20T16:10:27,2026-07-20T16:10:27,0.665
RYKKF,0001592049,failed,,,HTTPError,404 Client Error: Not Found for url: https://data.sec.gov/api/xbrl/companyfacts/CIK0001592049.json,2026-07-20T16:10:28,2026-07-20T16:10:28,0.508
RYM,0001800637,success,10364.0,data\facts\0001800637.parquet,,,2026-07-20T16:10:28,2026-07-20T16:10:29,0.842
RYN,0000052827,success,27024.0,data\facts\0000052827.parquet,,,2026-07-20T16:10:30,2026-07-20T16:10:31,1.126
RYOJ,0002012600,success,430.0,data\facts\0002012600.parquet,,,2026-07-20T16:10:31,2026-07-20T16:10:32,0.712
RYOOF,0001683274,failed,,,HTTPError,404 Client Error: Not Found for url: https://data.sec.gov/api/xbrl/companyfacts/CIK0001683274.json,2026-07-20T16:10:32,2026-07-20T16:10:32,0.535
RYTM,0001649904,success,8414.0,data\facts\0001649904.parquet,,,2026-07-20T16:10:33,2026-07-20T16:10:34,0.763
RYZ,0001481582,success,18005.0,data\facts\0001481582.parquet,,,2026-07-20T16:10:34,2026-07-20T16:10:35,0.829
RZLT,0001509261,success,12540.0,data\facts\0001509261.parquet,,,2026-07-20T16:10:35,2026-07-20T16:10:36,0.849
RZLV,0001920294,success,782.0,data\facts\0001920294.parquet,,,2026-07-20T16:10:36,2026-07-20T16:10:37,0.618
S,0001583708,success,6389.0,data\facts\0001583708.parquet,,,2026-07-20T16:10:37,2026-07-20T16:10:38,0.873
SA,0001231346,success,2582.0,data\facts\0001231346.parquet,,,2026-07-20T16:10:38,2026-07-20T16:10:39,0.62
SAAQ,0002091222,success,90.0,data\facts\0002091222.parquet,,,2026-07-20T16:10:39,2026-07-20T16:10:40,0.641
SABA,0000828803,failed,,,ValueError,Company Facts에서 facts 데이터를 찾지 못했습니다.,2026-07-20T16:10:40,2026-07-20T16:10:40,0.549
SABOF,0001896752,failed,,,HTTPError,404 Client Error: Not Found for url: https://data.sec.gov/api/xbrl/companyfacts/CIK0001896752.json,2026-07-20T16:10:41,2026-07-20T16:10:41,0.557
SABR,0001597033,success,23243.0,data\facts\0001597033.parquet,,,2026-07-20T16:10:41,2026-07-20T16:10:43,1.266
SABS,0001833214,success,6222.0,data\facts\0001833214.parquet,,,2026-07-20T16:10:43,2026-07-20T16:10:44,0.876
SAC,0002082844,success,145.0,data\facts\0002082844.parquet,,,2026-07-20T16:10:44,2026-07-20T16:10:45,0.866
SACH,0001682220,success,9756.0,data\facts\0001682220.parquet,,,2026-07-20T16:10:45,2026-07-20T16:10:46,0.909
SAFE,0001095651,success,25994.0,data\facts\0001095651.parquet,,,2026-07-20T16:10:46,2026-07-20T16:10:47,1.044
SAFT,0001172052,success,25381.0,data\facts\0001172052.parquet,,,2026-07-20T16:10:48,2026-07-20T16:10:49,1.095
SAFX,0002019793,success,1939.0,data\facts\0002019793.parquet,,,2026-07-20T16:10:49,2026-07-20T16:10:50,0.782
SAGGF,0001727370,failed,,,HTTPError,404 Client Error: Not Found for url: https://data.sec.gov/api/xbrl/companyfacts/CIK0001727370.json,2026-07-20T16:10:50,2026-07-20T16:10:51,0.552
SAGT,0002029138,success,1093.0,data\facts\0002029138.parquet,,,2026-07-20T16:10:51,2026-07-20T16:10:52,0.647
SAGU,0002083452,success,57.0,data\facts\0002083452.parquet,,,2026-07-20T16:10:52,2026-07-20T16:10:53,0.628
SAH,0001043509,success,21782.0,data\facts\0001043509.parquet,,,2026-07-20T16:10:53,2026-07-20T16:10:54,1.036
SAIA,0001177702,success,14784.0,data\facts\0001177702.parquet,,,2026-07-20T16:10:54,2026-07-20T16:10:55,0.871
SAIC,0001571123,success,16642.0,data\facts\0001571123.parquet,,,2026-07-20T16:10:55,2026-07-20T16:10:56,0.933
SAIH,0001847075,success,1518.0,data\facts\0001847075.parquet,,,2026-07-20T16:10:57,2026-07-20T16:10:57,0.592
SAIL,0002030781,success,1805.0,data\facts\0002030781.parquet,,,2026-07-20T16:10:57,2026-07-20T16:10:58,0.665
SALM,0001050606,success,18251.0,data\facts\0001050606.parquet,,,2026-07-20T16:10:58,2026-07-20T16:10:59,0.989
SAM,0000949870,success,18843.0,data\facts\0000949870.parquet,,,2026-07-20T16:11:00,2026-07-20T16:11:01,1.025
SAMG,0001549966,success,15868.0,data\facts\0001549966.parquet,,,2026-07-20T16:11:01,2026-07-20T16:11:02,0.87
SAMO,0002125567,success,3.0,data\facts\0002125567.parquet,,,2026-07-20T16:11:02,2026-07-20T16:11:03,0.541
SAN,0000891478,success,13963.0,data\facts\0000891478.parquet,,,2026-07-20T16:11:03,2026-07-20T16:11:04,0.957
SANA,0001770121,success,5822.0,data\facts\0001770121.parquet,,,2026-07-20T16:11:04,2026-07-20T16:11:05,0.709
SANG,0001753368,success,1235.0,data\facts\0001753368.parquet,,,2026-07-20T16:11:05,2026-07-20T16:11:06,0.698
SANM,0000897723,success,19853.0,data\facts\0000897723.parquet,,,2026-07-20T16:11:06,2026-07-20T16:11:07,1.009
SAP,0001000184,success,5824.0,data\facts\0001000184.parquet,,,2026-07-20T16:11:07,2026-07-20T16:11:08,0.737
SAPUY,0002072563,failed,,,HTTPError,404 Client Error: Not Found for url: https://data.sec.gov/api/xbrl/companyfacts/CIK0002072563.json,2026-07-20T16:11:08,2026-07-20T16:11:09,0.548
SAR,0001377936,success,5853.0,data\facts\0001377936.parquet,,,2026-07-20T16:11:09,2026-07-20T16:11:10,0.68
SARO,0002025410,success,2762.0,data\facts\0002025410.parquet,,,2026-07-20T16:11:10,2026-07-20T16:11:11,0.644
SATL,0001874315,success,3645.0,data\facts\0001874315.parquet,,,2026-07-20T16:11:11,2026-07-20T16:11:12,0.901
SATLF,0001679920,failed,,,HTTPError,404 Client Error: Not Found for url: https://data.sec.gov/api/xbrl/companyfacts/CIK0001679920.json,2026-07-20T16:11:12,2026-07-20T16:11:13,0.566
SATT,0001661600,success,5669.0,data\facts\0001661600.parquet,,,2026-07-20T16:11:13,2026-07-20T16:11:14,1.139
SAXPF,0001436778,failed,,,HTTPError,404 Client Error: Not Found for url: https://data.sec.gov/api/xbrl/companyfacts/CIK0001436778.json,2026-07-20T16:11:14,2026-07-20T16:11:15,0.759
SB,0001434754,success,6908.0,data\facts\0001434754.parquet,,,2026-07-20T16:11:15,2026-07-20T16:11:16,0.805
SBAC,0001034054,success,26451.0,data\facts\0001034054.parquet,,,2026-07-20T16:11:16,2026-07-20T16:11:17,0.756
SBBTF,0001451561,failed,,,HTTPError,404 Client Error: Not Found for url: https://data.sec.gov/api/xbrl/companyfacts/CIK0001451561.json,2026-07-20T16:11:17,2026-07-20T16:11:18,0.52
SBC,0001930313,success,3780.0,data\facts\0001930313.parquet,,,2026-07-20T16:11:18,2026-07-20T16:11:19,0.724
SBCF,0000730708,success,26715.0,data\facts\0000730708.parquet,,,2026-07-20T16:11:19,2026-07-20T16:11:20,0.996
SBCLY,0002087852,failed,,,HTTPError,404 Client Error: Not Found for url: https://data.sec.gov/api/xbrl/companyfacts/CIK0002087852.json,2026-07-20T16:11:21,2026-07-20T16:11:21,0.597
SBDS,0001870600,success,6363.0,data\facts\0001870600.parquet,,,2026-07-20T16:11:21,2026-07-20T16:11:22,0.681
SBET,0001981535,success,3360.0,data\facts\0001981535.parquet,,,2026-07-20T16:11:22,2026-07-20T16:11:23,0.676
SBEV,0001553788,success,10922.0,data\facts\0001553788.parquet,,,2026-07-20T16:11:23,2026-07-20T16:11:24,0.631
SBFG,0000767405,success,25297.0,data\facts\0000767405.parquet,,,2026-07-20T16:11:24,2026-07-20T16:11:25,1.064
SBFM,0001402328,success,11866.0,data\facts\0001402328.parquet,,,2026-07-20T16:11:25,2026-07-20T16:11:26,0.666
SBGI,0001971213,success,4159.0,data\facts\0001971213.parquet,,,2026-07-20T16:11:26,2026-07-20T16:11:27,0.779
SBH,0001368458,success,19388.0,data\facts\0001368458.parquet,,,2026-07-20T16:11:27,2026-07-20T16:11:28,0.79
SBI,0000882300,failed,,,HTTPError,404 Client Error: Not Found for url: https://data.sec.gov/api/xbrl/companyfacts/CIK0000882300.json,2026-07-20T16:11:28,2026-07-20T16:11:29,0.645
SBIG,0001801602,success,5303.0,data\facts\0001801602.parquet,,,2026-07-20T16:11:29,2026-07-20T16:11:30,0.601
SBLK,0001386716,success,9892.0,data\facts\0001386716.parquet,,,2026-07-20T16:11:30,2026-07-20T16:11:31,0.795
SBMFF,0001604982,failed,,,HTTPError,404 Client Error: Not Found for url: https://data.sec.gov/api/xbrl/companyfacts/CIK0001604982.json,2026-07-20T16:11:31,2026-07-20T16:11:32,0.54
SBMT,0002067674,success,175.0,data\facts\0002067674.parquet,,,2026-07-20T16:11:32,2026-07-20T16:11:33,0.562
SBMW,0002036060,success,1739.0,data\facts\0002036060.parquet,,,2026-07-20T16:11:33,2026-07-20T16:11:34,0.766
SBOEF,0001578955,failed,,,HTTPError,404 Client Error: Not Found for url: https://data.sec.gov/api/xbrl/companyfacts/CIK0001578955.json,2026-07-20T16:11:34,2026-07-20T16:11:35,0.491
SBR,0000710752,failed,,,HTTPError,404 Client Error: Not Found for url: https://data.sec.gov/api/xbrl/companyfacts/CIK0000710752.json,2026-07-20T16:11:35,2026-07-20T16:11:35,0.622
SBRA,0001492298,success,19559.0,data\facts\0001492298.parquet,,,2026-07-20T16:11:36,2026-07-20T16:11:37,1.099
SBS,0001170858,success,3932.0,data\facts\0001170858.parquet,,,2026-07-20T16:11:37,2026-07-20T16:11:38,0.699
SBSI,0000705432,success,39352.0,data\facts\0000705432.parquet,,,2026-07-20T16:11:38,2026-07-20T16:11:39,1.138
SBSW,0001786909,success,3803.0,data\facts\0001786909.parquet,,,2026-07-20T16:11:39,2026-07-20T16:11:40,0.733
SBUX,0000829224,success,27473.0,data\facts\0000829224.parquet,,,2026-07-20T16:11:40,2026-07-20T16:11:42,1.391
SBXD,0002015947,success,529.0,data\facts\0002015947.parquet,,,2026-07-20T16:11:42,2026-07-20T16:11:43,0.571
SBXE,0002081909,success,111.0,data\facts\0002081909.parquet,,,2026-07-20T16:11:43,2026-07-20T16:11:44,0.635
SCAFF,0001713675,failed,,,HTTPError,404 Client Error: Not Found for url: https://data.sec.gov/api/xbrl/companyfacts/CIK0001713675.json,2026-07-20T16:11:44,2026-07-20T16:11:44,0.452
SCAG,0002000366,success,449.0,data\facts\0002000366.parquet,,,2026-07-20T16:11:45,2026-07-20T16:11:45,0.616
SCBXY,0002066600,failed,,,HTTPError,404 Client Error: Not Found for url: https://data.sec.gov/api/xbrl/companyfacts/CIK0002066600.json,2026-07-20T16:11:45,2026-07-20T16:11:46,0.589
SCCO,0001001838,success,22687.0,data\facts\0001001838.parquet,,,2026-07-20T16:11:46,2026-07-20T16:11:47,1.017
SCD,0001270131,failed,,,HTTPError,404 Client Error: Not Found for url: https://data.sec.gov/api/xbrl/companyfacts/CIK0001270131.json,2026-07-20T16:11:48,2026-07-20T16:11:48,0.518
SCDA,0001341878,success,3574.0,data\facts\0001341878.parquet,,,2026-07-20T16:11:48,2026-07-20T16:11:49,0.655
SCE-PG,0000092103,success,3611.0,data\facts\0000092103.parquet,,,2026-07-20T16:11:49,2026-07-20T16:11:50,0.609
SCGX,0001277575,failed,,,HTTPError,404 Client Error: Not Found for url: https://data.sec.gov/api/xbrl/companyfacts/CIK0001277575.json,2026-07-20T16:11:50,2026-07-20T16:11:51,0.47
SCHL,0000866729,success,26405.0,data\facts\0000866729.parquet,,,2026-07-20T16:11:51,2026-07-20T16:11:52,0.928
SCHW,0000316709,success,34176.0,data\facts\0000316709.parquet,,,2026-07-20T16:11:52,2026-07-20T16:11:53,1.269
SCI,0000089089,success,28248.0,data\facts\0000089089.parquet,,,2026-07-20T16:11:54,2026-07-20T16:11:55,1.053
SCIA,0000830616,success,13693.0,data\facts\0000830616.parquet,,,2026-07-20T16:11:55,2026-07-20T16:11:56,0.966
SCII,0002076739,success,115.0,data\facts\0002076739.parquet,,,2026-07-20T16:11:56,2026-07-20T16:11:57,0.546
SCKT,0000944075,success,13678.0,data\facts\0000944075.parquet,,,2026-07-20T16:11:57,2026-07-20T16:11:58,1.038
SCL,0000094049,success,22782.0,data\facts\0000094049.parquet,,,2026-07-20T16:11:58,2026-07-20T16:11:59,0.973
SCLX,0001820190,success,6166.0,data\facts\0001820190.parquet,,,2026-07-20T16:12:00,2026-07-20T16:12:00,0.819
SCM,0001551901,success,5426.0,data\facts\0001551901.parquet,,,2026-07-20T16:12:01,2026-07-20T16:12:02,1.059
SCMWY,0001069336,failed,,,HTTPError,404 Client Error: Not Found for url: https://data.sec.gov/api/xbrl/companyfacts/CIK0001069336.json,2026-07-20T16:12:02,2026-07-20T16:12:03,0.709
SCND,0000087802,success,16044.0,data\facts\0000087802.parquet,,,2026-07-20T16:12:03,2026-07-20T16:12:04,0.849
SCNI,0001611747,success,4040.0,data\facts\0001611747.parquet,,,2026-07-20T16:12:04,2026-07-20T16:12:05,0.842
SCNX,0001382574,success,9548.0,data\facts\0001382574.parquet,,,2026-07-20T16:12:05,2026-07-20T16:12:06,0.726
SCOP,0002108383,success,5.0,data\facts\0002108383.parquet,,,2026-07-20T16:12:06,2026-07-20T16:12:07,0.693
SCOR,0001158172,success,22390.0,data\facts\0001158172.parquet,,,2026-07-20T16:12:07,2026-07-20T16:12:08,1.008
SCPQ,0002083143,success,116.0,data\facts\0002083143.parquet,,,2026-07-20T16:12:09,2026-07-20T16:12:09,0.548
SCRNY,0001544379,failed,,,HTTPError,404 Client Error: Not Found for url: https://data.sec.gov/api/xbrl/companyfacts/CIK0001544379.json,2026-07-20T16:12:09,2026-07-20T16:12:10,0.517
SCSC,0000918965,success,21066.0,data\facts\0000918965.parquet,,,2026-07-20T16:12:10,2026-07-20T16:12:11,0.957
SCTAY,0002032517,failed,,,HTTPError,404 Client Error: Not Found for url: https://data.sec.gov/api/xbrl/companyfacts/CIK0002032517.json,2026-07-20T16:12:11,2026-07-20T16:12:12,0.579
SCTH,0001703157,success,3898.0,data\facts\0001703157.parquet,,,2026-07-20T16:12:12,2026-07-20T16:12:13,0.854
SCTSF,0001790538,failed,,,HTTPError,404 Client Error: Not Found for url: https://data.sec.gov/api/xbrl/companyfacts/CIK0001790538.json,2026-07-20T16:12:13,2026-07-20T16:12:14,0.551
SCTX,0001853921,success,5.0,data\facts\0001853921.parquet,,,2026-07-20T16:12:14,2026-07-20T16:12:15,0.726
SCWO,0000933972,success,12140.0,data\facts\0000933972.parquet,,,2026-07-20T16:12:15,2026-07-20T16:12:16,1.118
SCYX,0001178253,success,14209.0,data\facts\0001178253.parquet,,,2026-07-20T16:12:17,2026-07-20T16:12:17,0.729
SCYYF,0001408146,success,10166.0,data\facts\0001408146.parquet,,,2026-07-20T16:12:17,2026-07-20T16:12:18,0.8
SCZM,0001548536,failed,,,HTTPError,404 Client Error: Not Found for url: https://data.sec.gov/api/xbrl/companyfacts/CIK0001548536.json,2026-07-20T16:12:19,2026-07-20T16:12:19,0.57
SD,0001349436,success,24186.0,data\facts\0001349436.parquet,,,2026-07-20T16:12:19,2026-07-20T16:12:20,0.879
SDA,0001936804,success,3219.0,data\facts\0001936804.parquet,,,2026-07-20T16:12:21,2026-07-20T16:12:21,0.757
SDCH,0001022505,success,10284.0,data\facts\0001022505.parquet,,,2026-07-20T16:12:22,2026-07-20T16:12:23,1.102
SDEV,0001389545,success,17604.0,data\facts\0001389545.parquet,,,2026-07-20T16:12:23,2026-07-20T16:12:24,0.703
SDGR,0001490978,success,7584.0,data\facts\0001490978.parquet,,,2026-07-20T16:12:24,2026-07-20T16:12:25,0.673
SDHC,0001982518,success,2162.0,data\facts\0001982518.parquet,,,2026-07-20T16:12:25,2026-07-20T16:12:26,0.704
SDHI,0002034037,success,376.0,data\facts\0002034037.parquet,,,2026-07-20T16:12:26,2026-07-20T16:12:26,0.58
SDHY,0001812923,failed,,,HTTPError,404 Client Error: Not Found for url: https://data.sec.gov/api/xbrl/companyfacts/CIK0001812923.json,2026-07-20T16:12:27,2026-07-20T16:12:27,0.596
SDM,0002014955,success,474.0,data\facts\0002014955.parquet,,,2026-07-20T16:12:28,2026-07-20T16:12:28,0.486
SDMHF,0001794363,failed,,,HTTPError,404 Client Error: Not Found for url: https://data.sec.gov/api/xbrl/companyfacts/CIK0001794363.json,2026-07-20T16:12:28,2026-07-20T16:12:29,0.56
SDOT,0001701756,success,10863.0,data\facts\0001701756.parquet,,,2026-07-20T16:12:29,2026-07-20T16:12:30,0.678
SDRL,0001737706,success,9854.0,data\facts\0001737706.parquet,,,2026-07-20T16:12:30,2026-07-20T16:12:31,0.722
SDST,0001831979,success,3466.0,data\facts\0001831979.parquet,,,2026-07-20T16:12:31,2026-07-20T16:12:32,0.7
SDSYA,0001163609,success,13215.0,data\facts\0001163609.parquet,,,2026-07-20T16:12:32,2026-07-20T16:12:33,0.812
SE,0001703399,success,5242.0,data\facts\0001703399.parquet,,,2026-07-20T16:12:33,2026-07-20T16:12:34,0.662
SEAH,0002075786,success,5.0,data\facts\0002075786.parquet,,,2026-07-20T16:12:34,2026-07-20T16:12:35,0.546
SEAL-PA,0001308106,success,12566.0,data\facts\0001308106.parquet,,,2026-07-20T16:12:35,2026-07-20T16:12:36,0.768
SEAT,0001856031,success,5062.0,data\facts\0001856031.parquet,,,2026-07-20T16:12:36,2026-07-20T16:12:37,0.573
SEAV,0001763660,success,3556.0,data\facts\0001763660.parquet,,,2026-07-20T16:12:37,2026-07-20T16:12:38,0.808
SEB,0000088121,success,20124.0,data\facts\0000088121.parquet,,,2026-07-20T16:12:38,2026-07-20T16:12:39,0.852
SECZ,0002094496,failed,,,HTTPError,404 Client Error: Not Found for url: https://data.sec.gov/api/xbrl/companyfacts/CIK0002094496.json,2026-07-20T16:12:39,2026-07-20T16:12:40,0.577
SEDG,0001419612,success,18027.0,data\facts\0001419612.parquet,,,2026-07-20T16:12:40,2026-07-20T16:12:41,0.685
SEED,0001321851,success,10167.0,data\facts\0001321851.parquet,,,2026-07-20T16:12:41,2026-07-20T16:12:42,0.704
SEER,0001726445,success,6257.0,data\facts\0001726445.parquet,,,2026-07-20T16:12:42,2026-07-20T16:12:42,0.569
SEG,0002009684,success,2356.0,data\facts\0002009684.parquet,,,2026-07-20T16:12:43,2026-07-20T16:12:43,0.647
SEGG,0001673481,success,7354.0,data\facts\0001673481.parquet,,,2026-07-20T16:12:44,2026-07-20T16:12:44,0.606
SEI,0001697500,success,11855.0,data\facts\0001697500.parquet,,,2026-07-20T16:12:44,2026-07-20T16:12:45,0.746
SEIC,0000350894,success,27132.0,data\facts\0000350894.parquet,,,2026-07-20T16:12:45,2026-07-20T16:12:46,0.946
SEII,0000819926,success,15723.0,data\facts\0000819926.parquet,,,2026-07-20T16:12:47,2026-07-20T16:12:48,0.932
SELF,0001031235,success,7609.0,data\facts\0001031235.parquet,,,2026-07-20T16:12:48,2026-07-20T16:12:49,0.711
SELXF,0001990950,success,1151.0,data\facts\0001990950.parquet,,,2026-07-20T16:12:49,2026-07-20T16:12:49,0.643
SENEA,0000088948,success,21790.0,data\facts\0000088948.parquet,,,2026-07-20T16:12:50,2026-07-20T16:12:50,0.794
SENR,0001576197,success,13923.0,data\facts\0001576197.parquet,,,2026-07-20T16:12:51,2026-07-20T16:12:52,0.942
SENS,0001616543,success,11619.0,data\facts\0001616543.parquet,,,2026-07-20T16:12:52,2026-07-20T16:12:53,0.815
SEOVF,0001491434,failed,,,HTTPError,404 Client Error: Not Found for url: https://data.sec.gov/api/xbrl/companyfacts/CIK0001491434.json,2026-07-20T16:12:53,2026-07-20T16:12:54,0.519
SEPN,0001984086,success,1910.0,data\facts\0001984086.parquet,,,2026-07-20T16:12:54,2026-07-20T16:12:54,0.6
SEPSF,0001969766,failed,,,HTTPError,404 Client Error: Not Found for url: https://data.sec.gov/api/xbrl/companyfacts/CIK0001969766.json,2026-07-20T16:12:55,2026-07-20T16:12:55,0.535
SEQC,0001779977,success,9.0,data\facts\0001779977.parquet,,,2026-07-20T16:12:55,2026-07-20T16:12:56,0.624
SER,0001708599,success,7449.0,data\facts\0001708599.parquet,,,2026-07-20T16:12:56,2026-07-20T16:12:57,0.683
SERA,0001534969,success,5896.0,data\facts\0001534969.parquet,,,2026-07-20T16:12:57,2026-07-20T16:12:58,0.712
SERPY,0002075349,failed,,,HTTPError,404 Client Error: Not Found for url: https://data.sec.gov/api/xbrl/companyfacts/CIK0002075349.json,2026-07-20T16:12:58,2026-07-20T16:12:59,0.52
SERV,0001832483,success,4002.0,data\facts\0001832483.parquet,,,2026-07-20T16:12:59,2026-07-20T16:13:00,0.807
SES,0001819142,success,5201.0,data\facts\0001819142.parquet,,,2026-07-20T16:13:00,2026-07-20T16:13:01,0.657
SETO,0000794998,failed,,,HTTPError,404 Client Error: Not Found for url: https://data.sec.gov/api/xbrl/companyfacts/CIK0000794998.json,2026-07-20T16:13:01,2026-07-20T16:13:02,0.809
SEV,0001786471,success,636.0,data\facts\0001786471.parquet,,,2026-07-20T16:13:02,2026-07-20T16:13:03,0.72
SEVN,0001452477,success,4060.0,data\facts\0001452477.parquet,,,2026-07-20T16:13:03,2026-07-20T16:13:04,0.848
SEZL,0001662991,success,5626.0,data\facts\0001662991.parquet,,,2026-07-20T16:13:04,2026-07-20T16:13:05,1.08
SF,0000720672,success,38213.0,data\facts\0000720672.parquet,,,2026-07-20T16:13:06,2026-07-20T16:13:07,1.64
SFBC,0001541119,success,26010.0,data\facts\0001541119.parquet,,,2026-07-20T16:13:08,2026-07-20T16:13:09,1.546
SFBS,0001430723,success,33151.0,data\facts\0001430723.parquet,,,2026-07-20T16:13:10,2026-07-20T16:13:11,1.72
SFCX,0001624985,success,6009.0,data\facts\0001624985.parquet,,,2026-07-20T16:13:12,2026-07-20T16:13:13,1.139
SFD,0000091388,success,8661.0,data\facts\0000091388.parquet,,,2026-07-20T16:13:13,2026-07-20T16:13:14,1.26
SFDL,0000818677,success,32980.0,data\facts\0000818677.parquet,,,2026-07-20T16:13:15,2026-07-20T16:13:16,1.704
SFDMY,0001493507,failed,,,HTTPError,404 Client Error: Not Found for url: https://data.sec.gov/api/xbrl/companyfacts/CIK0001493507.json,2026-07-20T16:13:17,2026-07-20T16:13:18,1.009
SFES,0000086115,success,11514.0,data\facts\0000086115.parquet,,,2026-07-20T16:13:18,2026-07-20T16:13:19,1.186
SFGYY,0002084022,failed,,,HTTPError,404 Client Error: Not Found for url: https://data.sec.gov/api/xbrl/companyfacts/CIK0002084022.json,2026-07-20T16:13:20,2026-07-20T16:13:21,0.953
SFHG,0001926792,success,2590.0,data\facts\0001926792.parquet,,,2026-07-20T16:13:21,2026-07-20T16:13:22,0.96
SFIX,0001576942,success,10516.0,data\facts\0001576942.parquet,,,2026-07-20T16:13:22,2026-07-20T16:13:23,1.133
SFL,0001289877,success,10512.0,data\facts\0001289877.parquet,,,2026-07-20T16:13:24,2026-07-20T16:13:25,1.28
SFM,0001575515,success,16234.0,data\facts\0001575515.parquet,,,2026-07-20T16:13:25,2026-07-20T16:13:26,1.322
SFNC,0000090498,success,34317.0,data\facts\0000090498.parquet,,,2026-07-20T16:13:27,2026-07-20T16:13:28,1.706
SFRX,0001106213,success,11967.0,data\facts\0001106213.parquet,,,2026-07-20T16:13:29,2026-07-20T16:13:30,1.26
SFST,0001090009,success,23697.0,data\facts\0001090009.parquet,,,2026-07-20T16:13:30,2026-07-20T16:13:32,1.475
SFWJ,0001919847,failed,,,HTTPError,404 Client Error: Not Found for url: https://data.sec.gov/api/xbrl/companyfacts/CIK0001919847.json,2026-07-20T16:13:32,2026-07-20T16:13:33,0.935
SFWL,0001863218,success,3216.0,data\facts\0001863218.parquet,,,2026-07-20T16:13:34,2026-07-20T16:13:35,1.136
SG,0001477815,success,6419.0,data\facts\0001477815.parquet,,,2026-07-20T16:13:35,2026-07-20T16:13:36,1.158
SGA,0000886136,success,16982.0,data\facts\0000886136.parquet,,,2026-07-20T16:13:37,2026-07-20T16:13:38,1.182
SGBAF,0001347408,success,574.0,data\facts\0001347408.parquet,,,2026-07-20T16:13:38,2026-07-20T16:13:39,1.055
SGC,0000095574,success,20046.0,data\facts\0000095574.parquet,,,2026-07-20T16:13:39,2026-07-20T16:13:41,1.135
SGHC,0001878057,success,2030.0,data\facts\0001878057.parquet,,,2026-07-20T16:13:41,2026-07-20T16:13:42,0.997
SGHT,0001531177,success,5424.0,data\facts\0001531177.parquet,,,2026-07-20T16:13:42,2026-07-20T16:13:43,1.171
SGI,0001206264,success,23862.0,data\facts\0001206264.parquet,,,2026-07-20T16:13:44,2026-07-20T16:13:45,1.194
SGIHY,0002027330,failed,,,HTTPError,404 Client Error: Not Found for url: https://data.sec.gov/api/xbrl/companyfacts/CIK0002027330.json,2026-07-20T16:13:45,2026-07-20T16:13:46,0.926
SGIOF,0001281721,failed,,,HTTPError,404 Client Error: Not Found for url: https://data.sec.gov/api/xbrl/companyfacts/CIK0001281721.json,2026-07-20T16:13:46,2026-07-20T16:13:47,0.816
SGLA,0001433551,success,3419.0,data\facts\0001433551.parquet,,,2026-07-20T16:13:48,2026-07-20T16:13:49,1.12
SGLY,0001422892,success,16141.0,data\facts\0001422892.parquet,,,2026-07-20T16:13:49,2026-07-20T16:13:50,1.213
SGML,0001848309,success,1144.0,data\facts\0001848309.parquet,,,2026-07-20T16:13:51,2026-07-20T16:13:51,0.956
SGMOQ,0001001233,success,14448.0,data\facts\0001001233.parquet,,,2026-07-20T16:13:52,2026-07-20T16:13:53,1.45
SGMT,0001400118,success,2303.0,data\facts\0001400118.parquet,,,2026-07-20T16:13:54,2026-07-20T16:13:55,1.099
SGOL,0001450923,success,5246.0,data\facts\0001450923.parquet,,,2026-07-20T16:13:55,2026-07-20T16:13:56,1.089
SGP,0001778922,success,546.0,data\facts\0001778922.parquet,,,2026-07-20T16:13:56,2026-07-20T16:13:57,1.016
SGPIY,0002099326,failed,,,HTTPError,404 Client Error: Not Found for url: https://data.sec.gov/api/xbrl/companyfacts/CIK0002099326.json,2026-07-20T16:13:58,2026-07-20T16:13:59,0.936
SGRP,0001004989,success,17471.0,data\facts\0001004989.parquet,,,2026-07-20T16:13:59,2026-07-20T16:14:01,1.579
SGRY,0001638833,success,15965.0,data\facts\0001638833.parquet,,,2026-07-20T16:14:01,2026-07-20T16:14:02,1.295
SGST,0001852575,success,4821.0,data\facts\0001852575.parquet,,,2026-07-20T16:14:03,2026-07-20T16:14:04,1.163
SGTM,0001895251,success,257.0,data\facts\0001895251.parquet,,,2026-07-20T16:14:04,2026-07-20T16:14:05,1.07
SGU,0001002590,success,17888.0,data\facts\0001002590.parquet,,,2026-07-20T16:14:05,2026-07-20T16:14:07,1.255
SHAK,0001620533,success,17998.0,data\facts\0001620533.parquet,,,2026-07-20T16:14:07,2026-07-20T16:14:08,1.344
SHAZ,0002068385,success,1037.0,data\facts\0002068385.parquet,,,2026-07-20T16:14:09,2026-07-20T16:14:10,0.918
SHBI,0001035092,success,31171.0,data\facts\0001035092.parquet,,,2026-07-20T16:14:10,2026-07-20T16:14:12,1.635
SHC,0001822479,success,9042.0,data\facts\0001822479.parquet,,,2026-07-20T16:14:12,2026-07-20T16:14:13,1.184
SHECF,0001442651,failed,,,HTTPError,404 Client Error: Not Found for url: https://data.sec.gov/api/xbrl/companyfacts/CIK0001442651.json,2026-07-20T16:14:13,2026-07-20T16:14:14,0.86
SHEL,0001306965,success,9701.0,data\facts\0001306965.parquet,,,2026-07-20T16:14:15,2026-07-20T16:14:16,1.0
SHEN,0000354963,success,21590.0,data\facts\0000354963.parquet,,,2026-07-20T16:14:16,2026-07-20T16:14:17,1.49
SHFH,0002032609,success,723.0,data\facts\0002032609.parquet,,,2026-07-20T16:14:18,2026-07-20T16:14:19,0.96
SHFS,0001854963,success,6157.0,data\facts\0001854963.parquet,,,2026-07-20T16:14:19,2026-07-20T16:14:20,1.133
SHG,0001263043,success,8199.0,data\facts\0001263043.parquet,,,2026-07-20T16:14:21,2026-07-20T16:14:22,1.129
SHGI,0001874138,success,420.0,data\facts\0001874138.parquet,,,2026-07-20T16:14:22,2026-07-20T16:14:23,1.051
SHILY,0002111790,failed,,,HTTPError,404 Client Error: Not Found for url: https://data.sec.gov/api/xbrl/companyfacts/CIK0002111790.json,2026-07-20T16:14:23,2026-07-20T16:14:24,0.861
SHIM,0001887944,success,3687.0,data\facts\0001887944.parquet,,,2026-07-20T16:14:25,2026-07-20T16:14:26,1.147
SHIP,0001448397,success,7761.0,data\facts\0001448397.parquet,,,2026-07-20T16:14:26,2026-07-20T16:14:27,1.088
SHLAF,0001655190,failed,,,HTTPError,404 Client Error: Not Found for url: https://data.sec.gov/api/xbrl/companyfacts/CIK0001655190.json,2026-07-20T16:14:27,2026-07-20T16:14:28,0.818
SHLS,0001831651,success,6560.0,data\facts\0001831651.parquet,,,2026-07-20T16:14:29,2026-07-20T16:14:30,1.072
SHMD,0001987240,success,969.0,data\facts\0001987240.parquet,,,2026-07-20T16:14:30,2026-07-20T16:14:31,0.963
SHMXY,0001648512,failed,,,HTTPError,404 Client Error: Not Found for url: https://data.sec.gov/api/xbrl/companyfacts/CIK0001648512.json,2026-07-20T16:14:31,2026-07-20T16:14:32,0.819
SHNTY,0002138554,failed,,,HTTPError,404 Client Error: Not Found for url: https://data.sec.gov/api/xbrl/companyfacts/CIK0002138554.json,2026-07-20T16:14:32,2026-07-20T16:14:33,0.946
SHO,0001295810,success,22391.0,data\facts\0001295810.parquet,,,2026-07-20T16:14:34,2026-07-20T16:14:35,1.337
SHOE,0000895447,success,16649.0,data\facts\0000895447.parquet,,,2026-07-20T16:14:35,2026-07-20T16:14:37,1.475
SHOO,0000913241,success,29515.0,data\facts\0000913241.parquet,,,2026-07-20T16:14:37,2026-07-20T16:14:39,1.581
SHOP,0001594805,success,5190.0,data\facts\0001594805.parquet,,,2026-07-20T16:14:39,2026-07-20T16:14:40,0.97
SHOT,0002104879,success,8.0,data\facts\0002104879.parquet,,,2026-07-20T16:14:40,2026-07-20T16:14:41,0.96
SHPH,0001757499,success,3804.0,data\facts\0001757499.parquet,,,2026-07-20T16:14:42,2026-07-20T16:14:43,1.242
SHW,0000089800,success,29831.0,data\facts\0000089800.parquet,,,2026-07-20T16:14:43,2026-07-20T16:14:45,1.48
SI,0001699350,success,994.0,data\facts\0001699350.parquet,,,2026-07-20T16:14:45,2026-07-20T16:14:46,0.945
SIAI,0002112466,success,5.0,data\facts\0002112466.parquet,,,2026-07-20T16:14:46,2026-07-20T16:14:47,1.05
SIAMY,0002138369,failed,,,HTTPError,404 Client Error: Not Found for url: https://data.sec.gov/api/xbrl/companyfacts/CIK0002138369.json,2026-07-20T16:14:48,2026-07-20T16:14:48,0.705
SIBN,0001459839,success,9534.0,data\facts\0001459839.parquet,,,2026-07-20T16:14:49,2026-07-20T16:14:50,1.006
SICCY,0002098860,failed,,,HTTPError,404 Client Error: Not Found for url: https://data.sec.gov/api/xbrl/companyfacts/CIK0002098860.json,2026-07-20T16:14:50,2026-07-20T16:14:51,0.86
SICOF,0002117702,failed,,,HTTPError,404 Client Error: Not Found for url: https://data.sec.gov/api/xbrl/companyfacts/CIK0002117702.json,2026-07-20T16:14:51,2026-07-20T16:14:52,0.844
SID,0001049659,success,4378.0,data\facts\0001049659.parquet,,,2026-07-20T16:14:52,2026-07-20T16:14:53,1.111
SIDU,0001879726,success,4570.0,data\facts\0001879726.parquet,,,2026-07-20T16:14:54,2026-07-20T16:14:55,0.988
SIEB,0000065596,success,14805.0,data\facts\0000065596.parquet,,,2026-07-20T16:14:55,2026-07-20T16:14:56,1.321
SIF,0000090168,success,20474.0,data\facts\0000090168.parquet,,,2026-07-20T16:14:57,2026-07-20T16:14:58,1.288
SIFY,0001094324,success,6516.0,data\facts\0001094324.parquet,,,2026-07-20T16:14:58,2026-07-20T16:14:59,1.103
SIG,0000832988,success,33210.0,data\facts\0000832988.parquet,,,2026-07-20T16:15:00,2026-07-20T16:15:01,1.684
SIGA,0001010086,success,14732.0,data\facts\0001010086.parquet,,,2026-07-20T16:15:02,2026-07-20T16:15:03,1.323
SIGEY,0002132082,failed,,,HTTPError,404 Client Error: Not Found for url: https://data.sec.gov/api/xbrl/companyfacts/CIK0002132082.json,2026-07-20T16:15:03,2026-07-20T16:15:04,0.882
SIGI,0000230557,success,32588.0,data\facts\0000230557.parquet,,,2026-07-20T16:15:05,2026-07-20T16:15:06,1.817
SIGY,0001642159,success,7177.0,data\facts\0001642159.parquet,,,2026-07-20T16:15:07,2026-07-20T16:15:08,1.148
SII,0001512920,success,1523.0,data\facts\0001512920.parquet,,,2026-07-20T16:15:08,2026-07-20T16:15:09,0.976
SILC,0000916793,success,11261.0,data\facts\0000916793.parquet,,,2026-07-20T16:15:09,2026-07-20T16:15:11,1.277
SILEF,0001545224,success,1536.0,data\facts\0001545224.parquet,,,2026-07-20T16:15:11,2026-07-20T16:15:12,0.934
SILO,0001514183,success,8396.0,data\facts\0001514183.parquet,,,2026-07-20T16:15:12,2026-07-20T16:15:14,1.23
SIM,0000887153,success,2887.0,data\facts\0000887153.parquet,,,2026-07-20T16:15:14,2026-07-20T16:15:15,1.13
SIMA,0002014982,success,536.0,data\facts\0002014982.parquet,,,2026-07-20T16:15:15,2026-07-20T16:15:16,0.939
SIMO,0001329394,success,7033.0,data\facts\0001329394.parquet,,,2026-07-20T16:15:17,2026-07-20T16:15:18,1.189
SIND,0002096861,success,9.0,data\facts\0002096861.parquet,,,2026-07-20T16:15:18,2026-07-20T16:15:19,0.955
SINT,0001269026,success,14112.0,data\facts\0001269026.parquet,,,2026-07-20T16:15:19,2026-07-20T16:15:21,1.259
SION,0002036042,success,1266.0,data\facts\0002036042.parquet,,,2026-07-20T16:15:21,2026-07-20T16:15:22,1.019
SIREF,0001577783,failed,,,HTTPError,404 Client Error: Not Found for url: https://data.sec.gov/api/xbrl/companyfacts/CIK0001577783.json,2026-07-20T16:15:22,2026-07-20T16:15:23,1.003
SIRI,0000908937,success,25525.0,data\facts\0000908937.parquet,,,2026-07-20T16:15:24,2026-07-20T16:15:25,1.457
SITC,0000894315,success,26005.0,data\facts\0000894315.parquet,,,2026-07-20T16:15:25,2026-07-20T16:15:27,1.531
SITE,0001650729,success,15685.0,data\facts\0001650729.parquet,,,2026-07-20T16:15:27,2026-07-20T16:15:29,1.395
SITKF,0001747657,failed,,,HTTPError,404 Client Error: Not Found for url: https://data.sec.gov/api/xbrl/companyfacts/CIK0001747657.json,2026-07-20T16:15:29,2026-07-20T16:15:30,0.796
SITM,0001451809,success,8014.0,data\facts\0001451809.parquet,,,2026-07-20T16:15:30,2026-07-20T16:15:31,1.23
SITS,0001468978,success,934.0,data\facts\0001468978.parquet,,,2026-07-20T16:15:32,2026-07-20T16:15:33,1.059
SIVR,0001450922,success,5256.0,data\facts\0001450922.parquet,,,2026-07-20T16:15:33,2026-07-20T16:15:34,1.092
SJ,0001753673,success,5758.0,data\facts\0001753673.parquet,,,2026-07-20T16:15:35,2026-07-20T16:15:36,1.091
SJM,0000091419,success,23347.0,data\facts\0000091419.parquet,,,2026-07-20T16:15:36,2026-07-20T16:15:37,1.478
SJT,0000319655,failed,,,HTTPError,404 Client Error: Not Found for url: https://data.sec.gov/api/xbrl/companyfacts/CIK0000319655.json,2026-07-20T16:15:38,2026-07-20T16:15:39,0.847
SKAI,0002103029,failed,,,HTTPError,404 Client Error: Not Found for url: https://data.sec.gov/api/xbrl/companyfacts/CIK0002103029.json,2026-07-20T16:15:39,2026-07-20T16:15:40,0.979
SKAS,0001128281,success,11728.0,data\facts\0001128281.parquet,,,2026-07-20T16:15:40,2026-07-20T16:15:41,1.268
SKBBY,0002125904,failed,,,HTTPError,404 Client Error: Not Found for url: https://data.sec.gov/api/xbrl/companyfacts/CIK0002125904.json,2026-07-20T16:15:42,2026-07-20T16:15:43,0.872
SKE,0001713748,success,856.0,data\facts\0001713748.parquet,,,2026-07-20T16:15:43,2026-07-20T16:15:44,0.863
SKFG,0001794942,success,2103.0,data\facts\0001794942.parquet,,,2026-07-20T16:15:44,2026-07-20T16:15:45,0.816
SKHY,0002120882,success,10.0,data\facts\0002120882.parquet,,,2026-07-20T16:15:45,2026-07-20T16:15:46,1.019
SKIL,0001774675,success,11009.0,data\facts\0001774675.parquet,,,2026-07-20T16:15:47,2026-07-20T16:15:48,1.093
SKIN,0001818093,success,7344.0,data\facts\0001818093.parquet,,,2026-07-20T16:15:48,2026-07-20T16:15:49,1.046
SKK,0001991261,success,1351.0,data\facts\0001991261.parquet,,,2026-07-20T16:15:49,2026-07-20T16:15:50,0.966
SKKY,0001546853,success,9385.0,data\facts\0001546853.parquet,,,2026-07-20T16:15:51,2026-07-20T16:15:52,1.219
SKLTF,0001487139,failed,,,HTTPError,404 Client Error: Not Found for url: https://data.sec.gov/api/xbrl/companyfacts/CIK0001487139.json,2026-07-20T16:15:52,2026-07-20T16:15:53,0.925
SKM,0001015650,success,5681.0,data\facts\0001015650.parquet,,,2026-07-20T16:15:54,2026-07-20T16:15:55,1.089
SKPJF,0001447108,failed,,,HTTPError,404 Client Error: Not Found for url: https://data.sec.gov/api/xbrl/companyfacts/CIK0001447108.json,2026-07-20T16:15:55,2026-07-20T16:15:56,0.826
SKT,0000899715,success,6461.0,data\facts\0000899715.parquet,,,2026-07-20T16:15:56,2026-07-20T16:15:57,1.092
SKVI,0001085277,success,9852.0,data\facts\0001085277.parquet,,,2026-07-20T16:15:58,2026-07-20T16:15:59,1.349
SKWD,0001519449,success,7409.0,data\facts\0001519449.parquet,,,2026-07-20T16:15:59,2026-07-20T16:16:00,1.129
SKY,0000090896,success,15346.0,data\facts\0000090896.parquet,,,2026-07-20T16:16:01,2026-07-20T16:16:02,1.51
SKYA,0001737995,success,3639.0,data\facts\0001737995.parquet,,,2026-07-20T16:16:03,2026-07-20T16:16:04,1.135
SKYE,0001516551,success,9960.0,data\facts\0001516551.parquet,,,2026-07-20T16:16:04,2026-07-20T16:16:05,1.113
SKYH,0001823587,success,5556.0,data\facts\0001823587.parquet,,,2026-07-20T16:16:05,2026-07-20T16:16:06,1.045
SKYI,0001555017,success,1558.0,data\facts\0001555017.parquet,,,2026-07-20T16:16:07,2026-07-20T16:16:08,0.837
SKYQ,0001812447,success,1973.0,data\facts\0001812447.parquet,,,2026-07-20T16:16:08,2026-07-20T16:16:09,1.071
SKYT,0001819974,success,7970.0,data\facts\0001819974.parquet,,,2026-07-20T16:16:09,2026-07-20T16:16:10,0.96
SKYW,0000793733,success,18794.0,data\facts\0000793733.parquet,,,2026-07-20T16:16:11,2026-07-20T16:16:12,1.27
SKYX,0001598981,success,8717.0,data\facts\0001598981.parquet,,,2026-07-20T16:16:12,2026-07-20T16:16:13,1.053
SLAB,0001038074,success,18740.0,data\facts\0001038074.parquet,,,2026-07-20T16:16:14,2026-07-20T16:16:15,1.246
SLAI,0001517496,success,8839.0,data\facts\0001517496.parquet,,,2026-07-20T16:16:15,2026-07-20T16:16:16,1.149
SLB,0000087347,success,25321.0,data\facts\0000087347.parquet,,,2026-07-20T16:16:17,2026-07-20T16:16:18,1.504
SLBK,0001657642,success,18774.0,data\facts\0001657642.parquet,,,2026-07-20T16:16:19,2026-07-20T16:16:20,1.487
SLBT,0002070534,failed,,,HTTPError,404 Client Error: Not Found for url: https://data.sec.gov/api/xbrl/companyfacts/CIK0002070534.json,2026-07-20T16:16:20,2026-07-20T16:16:21,0.979
SLDB,0001707502,success,8241.0,data\facts\0001707502.parquet,,,2026-07-20T16:16:22,2026-07-20T16:16:23,1.245
SLDC,0001427644,success,3214.0,data\facts\0001427644.parquet,,,2026-07-20T16:16:23,2026-07-20T16:16:24,1.123
SLDE,0001886428,success,1941.0,data\facts\0001886428.parquet,,,2026-07-20T16:16:25,2026-07-20T16:16:26,1.002
SLDP,0001844862,success,5461.0,data\facts\0001844862.parquet,,,2026-07-20T16:16:26,2026-07-20T16:16:27,1.325
SLE,0001621672,success,6379.0,data\facts\0001621672.parquet,,,2026-07-20T16:16:28,2026-07-20T16:16:29,1.101
SLF,0001097362,success,3990.0,data\facts\0001097362.parquet,,,2026-07-20T16:16:29,2026-07-20T16:16:30,1.022
SLFPY,0001370418,failed,,,HTTPError,404 Client Error: Not Found for url: https://data.sec.gov/api/xbrl/companyfacts/CIK0001370418.json,2026-07-20T16:16:30,2026-07-20T16:16:31,0.907
SLG,0001040971,success,30454.0,data\facts\0001040971.parquet,,,2026-07-20T16:16:32,2026-07-20T16:16:33,1.551
SLGB,0001987189,success,456.0,data\facts\0001987189.parquet,,,2026-07-20T16:16:34,2026-07-20T16:16:35,0.976
SLGL,0001684693,success,3520.0,data\facts\0001684693.parquet,,,2026-07-20T16:16:35,2026-07-20T16:16:36,1.125
SLGN,0000849869,success,19500.0,data\facts\0000849869.parquet,,,2026-07-20T16:16:36,2026-07-20T16:16:38,1.367
SLI,0001537137,success,4117.0,data\facts\0001537137.parquet,,,2026-07-20T16:16:38,2026-07-20T16:16:39,1.091
SLM,0001032033,success,34318.0,data\facts\0001032033.parquet,,,2026-07-20T16:16:39,2026-07-20T16:16:41,1.577
SLMT,0001939965,success,1645.0,data\facts\0001939965.parquet,,,2026-07-20T16:16:41,2026-07-20T16:16:42,0.969
SLN,0001479615,success,2742.0,data\facts\0001479615.parquet,,,2026-07-20T16:16:43,2026-07-20T16:16:44,0.909
SLND,0001883814,success,4719.0,data\facts\0001883814.parquet,,,2026-07-20T16:16:44,2026-07-20T16:16:45,1.143
SLNG,0001043186,success,16917.0,data\facts\0001043186.parquet,,,2026-07-20T16:16:45,2026-07-20T16:16:47,1.397
SLNH,0000064463,success,12688.0,data\facts\0000064463.parquet,,,2026-07-20T16:16:47,2026-07-20T16:16:48,1.224
SLOIF,0001445214,failed,,,HTTPError,404 Client Error: Not Found for url: https://data.sec.gov/api/xbrl/companyfacts/CIK0001445214.json,2026-07-20T16:16:49,2026-07-20T16:16:49,0.827
SLP,0001023459,success,17607.0,data\facts\0001023459.parquet,,,2026-07-20T16:16:50,2026-07-20T16:16:51,1.303
SLQT,0001794783,success,10291.0,data\facts\0001794783.parquet,,,2026-07-20T16:16:51,2026-07-20T16:16:53,1.426
SLRC,0001418076,success,4225.0,data\facts\0001418076.parquet,,,2026-07-20T16:16:53,2026-07-20T16:16:54,0.867
SLS,0001390478,success,15690.0,data\facts\0001390478.parquet,,,2026-07-20T16:16:54,2026-07-20T16:16:55,1.121
SLSN,0000883107,success,13021.0,data\facts\0000883107.parquet,,,2026-07-20T16:16:56,2026-07-20T16:16:57,1.134
SLSR,0002019103,success,494.0,data\facts\0002019103.parquet,,,2026-07-20T16:16:57,2026-07-20T16:16:58,0.892
SLTN,0001508786,success,1515.0,data\facts\0001508786.parquet,,,2026-07-20T16:16:58,2026-07-20T16:16:59,1.083
SLV,0001330568,success,5693.0,data\facts\0001330568.parquet,,,2026-07-20T16:17:00,2026-07-20T16:17:01,1.191
SLVM,0001856485,success,6523.0,data\facts\0001856485.parquet,,,2026-07-20T16:17:01,2026-07-20T16:17:02,0.932
SLXN,0002022416,success,2276.0,data\facts\0002022416.parquet,,,2026-07-20T16:17:03,2026-07-20T16:17:04,1.108
SM,0000893538,success,21735.0,data\facts\0000893538.parquet,,,2026-07-20T16:17:04,2026-07-20T16:17:05,1.207
SMA,0001585389,success,16217.0,data\facts\0001585389.parquet,,,2026-07-20T16:17:06,2026-07-20T16:17:07,1.233
SMBC,0000916907,success,26694.0,data\facts\0000916907.parquet,,,2026-07-20T16:17:07,2026-07-20T16:17:08,1.325
SMBK,0001038773,success,26131.0,data\facts\0001038773.parquet,,,2026-07-20T16:17:09,2026-07-20T16:17:10,1.322
SMC,0002024218,success,2223.0,data\facts\0002024218.parquet,,,2026-07-20T16:17:10,2026-07-20T16:17:11,0.984
SMCI,0001375365,success,23670.0,data\facts\0001375365.parquet,,,2026-07-20T16:17:12,2026-07-20T16:17:13,1.309
SMDRF,0001939801,failed,,,HTTPError,404 Client Error: Not Found for url: https://data.sec.gov/api/xbrl/companyfacts/CIK0001939801.json,2026-07-20T16:17:13,2026-07-20T16:17:14,0.909
SMERY,0001830056,failed,,,HTTPError,404 Client Error: Not Found for url: https://data.sec.gov/api/xbrl/companyfacts/CIK0001830056.json,2026-07-20T16:17:15,2026-07-20T16:17:15,0.857
SMFG,0001022837,success,6931.0,data\facts\0001022837.parquet,,,2026-07-20T16:17:16,2026-07-20T16:17:17,1.128
SMFSY,0002048270,failed,,,HTTPError,404 Client Error: Not Found for url: https://data.sec.gov/api/xbrl/companyfacts/CIK0002048270.json,2026-07-20T16:17:17,2026-07-20T16:17:18,0.813
SMG,0000825542,success,29230.0,data\facts\0000825542.parquet,,,2026-07-20T16:17:18,2026-07-20T16:17:20,1.403
SMGSY,0002093227,failed,,,HTTPError,404 Client Error: Not Found for url: https://data.sec.gov/api/xbrl/companyfacts/CIK0002093227.json,2026-07-20T16:17:20,2026-07-20T16:17:21,0.848
SMHI,0001690334,success,14621.0,data\facts\0001690334.parquet,,,2026-07-20T16:17:21,2026-07-20T16:17:22,0.89
SMID,0000924719,success,14587.0,data\facts\0000924719.parquet,,,2026-07-20T16:17:22,2026-07-20T16:17:23,0.836
SMJF,0002070954,failed,,,HTTPError,404 Client Error: Not Found for url: https://data.sec.gov/api/xbrl/companyfacts/CIK0002070954.json,2026-07-20T16:17:23,2026-07-20T16:17:24,0.723
SMMT,0001599298,success,10198.0,data\facts\0001599298.parquet,,,2026-07-20T16:17:24,2026-07-20T16:17:26,1.376
SMNR,0001913577,success,2012.0,data\facts\0001913577.parquet,,,2026-07-20T16:17:26,2026-07-20T16:17:27,1.252
SMOFF,0001538189,failed,,,HTTPError,404 Client Error: Not Found for url: https://data.sec.gov/api/xbrl/companyfacts/CIK0001538189.json,2026-07-20T16:17:28,2026-07-20T16:17:29,0.9
SMP,0000093389,success,23028.0,data\facts\0000093389.parquet,,,2026-07-20T16:17:29,2026-07-20T16:17:31,1.605
SMPHY,0002063413,failed,,,HTTPError,404 Client Error: Not Found for url: https://data.sec.gov/api/xbrl/companyfacts/CIK0002063413.json,2026-07-20T16:17:31,2026-07-20T16:17:32,0.95
SMPL,0001702744,success,14781.0,data\facts\0001702744.parquet,,,2026-07-20T16:17:32,2026-07-20T16:17:33,1.233
SMR,0001822966,success,4460.0,data\facts\0001822966.parquet,,,2026-07-20T16:17:34,2026-07-20T16:17:35,1.228
SMRT,0001837014,success,6437.0,data\facts\0001837014.parquet,,,2026-07-20T16:17:35,2026-07-20T16:17:36,1.092
SMSGY,0001560968,failed,,,HTTPError,404 Client Error: Not Found for url: https://data.sec.gov/api/xbrl/companyfacts/CIK0001560968.json,2026-07-20T16:17:37,2026-07-20T16:17:38,0.996
SMSI,0000948708,success,16877.0,data\facts\0000948708.parquet,,,2026-07-20T16:17:38,2026-07-20T16:17:40,1.518
SMTC,0000088941,success,25821.0,data\facts\0000088941.parquet,,,2026-07-20T16:17:40,2026-07-20T16:17:41,1.482
SMTGF,0001516684,failed,,,HTTPError,404 Client Error: Not Found for url: https://data.sec.gov/api/xbrl/companyfacts/CIK0001516684.json,2026-07-20T16:17:42,2026-07-20T16:17:43,0.886
SMTI,0000714256,success,14117.0,data\facts\0000714256.parquet,,,2026-07-20T16:17:43,2026-07-20T16:17:44,1.178
SMTK,0001817760,success,6286.0,data\facts\0001817760.parquet,,,2026-07-20T16:17:44,2026-07-20T16:17:46,1.062
SMTOY,0000095227,failed,,,HTTPError,404 Client Error: Not Found for url: https://data.sec.gov/api/xbrl/companyfacts/CIK0000095227.json,2026-07-20T16:17:46,2026-07-20T16:17:47,1.017
SMWB,0001842731,success,2592.0,data\facts\0001842731.parquet,,,2026-07-20T16:17:47,2026-07-20T16:17:48,0.977
SMX,0001940674,success,2753.0,data\facts\0001940674.parquet,,,2026-07-20T16:17:48,2026-07-20T16:17:49,0.928
SMXT,0001519472,success,3952.0,data\facts\0001519472.parquet,,,2026-07-20T16:17:50,2026-07-20T16:17:51,1.03
SN,0001957132,success,1745.0,data\facts\0001957132.parquet,,,2026-07-20T16:17:51,2026-07-20T16:17:52,0.846
SNA,0000091440,success,28816.0,data\facts\0000091440.parquet,,,2026-07-20T16:17:52,2026-07-20T16:17:54,1.623
SNAL,0001886894,success,4507.0,data\facts\0001886894.parquet,,,2026-07-20T16:17:54,2026-07-20T16:17:55,1.09
SNAP,0001564408,success,11168.0,data\facts\0001564408.parquet,,,2026-07-20T16:17:56,2026-07-20T16:17:57,1.091
SNBH,0001358633,success,6446.0,data\facts\0001358633.parquet,,,2026-07-20T16:17:57,2026-07-20T16:17:58,1.069
SNBRQ,0000827187,success,18920.0,data\facts\0000827187.parquet,,,2026-07-20T16:17:58,2026-07-20T16:18:00,1.432
SND,0001529628,success,14296.0,data\facts\0001529628.parquet,,,2026-07-20T16:18:00,2026-07-20T16:18:01,1.259
SNDA,0001043000,success,18265.0,data\facts\0001043000.parquet,,,2026-07-20T16:18:02,2026-07-20T16:18:03,1.284
SNDK,0002023554,success,2535.0,data\facts\0002023554.parquet,,,2026-07-20T16:18:03,2026-07-20T16:18:04,1.0
SNDL,0001766600,success,2682.0,data\facts\0001766600.parquet,,,2026-07-20T16:18:05,2026-07-20T16:18:06,1.023
SNDR,0001692063,success,13866.0,data\facts\0001692063.parquet,,,2026-07-20T16:18:06,2026-07-20T16:18:07,1.314
SNDX,0001395937,success,10219.0,data\facts\0001395937.parquet,,,2026-07-20T16:18:08,2026-07-20T16:18:09,1.119
SNES,0001680378,success,10272.0,data\facts\0001680378.parquet,,,2026-07-20T16:18:09,2026-07-20T16:18:10,1.043
SNEVY,0002089488,failed,,,HTTPError,404 Client Error: Not Found for url: https://data.sec.gov/api/xbrl/companyfacts/CIK0002089488.json,2026-07-20T16:18:11,2026-07-20T16:18:11,0.994
SNEX,0000913760,success,31074.0,data\facts\0000913760.parquet,,,2026-07-20T16:18:12,2026-07-20T16:18:13,1.598
SNFCA,0000318673,success,20791.0,data\facts\0000318673.parquet,,,2026-07-20T16:18:14,2026-07-20T16:18:15,1.364
SNGX,0000812796,success,12081.0,data\facts\0000812796.parquet,,,2026-07-20T16:18:15,2026-07-20T16:18:17,1.167
SNHIY,0002098326,failed,,,HTTPError,404 Client Error: Not Found for url: https://data.sec.gov/api/xbrl/companyfacts/CIK0002098326.json,2026-07-20T16:18:17,2026-07-20T16:18:18,0.873
SNIRF,0001329213,failed,,,HTTPError,404 Client Error: Not Found for url: https://data.sec.gov/api/xbrl/companyfacts/CIK0001329213.json,2026-07-20T16:18:18,2026-07-20T16:18:19,0.913
SNN,0000845982,success,4868.0,data\facts\0000845982.parquet,,,2026-07-20T16:18:19,2026-07-20T16:18:20,1.06
SNNF,0002072421,success,1756.0,data\facts\0002072421.parquet,,,2026-07-20T16:18:21,2026-07-20T16:18:22,1.083
SNNGF,0001384831,failed,,,HTTPError,404 Client Error: Not Found for url: https://data.sec.gov/api/xbrl/companyfacts/CIK0001384831.json,2026-07-20T16:18:22,2026-07-20T16:18:23,0.462
SNNRF,0002021938,success,1140.0,data\facts\0002021938.parquet,,,2026-07-20T16:18:23,2026-07-20T16:18:24,0.812
SNOA,0001367083,success,15181.0,data\facts\0001367083.parquet,,,2026-07-20T16:18:24,2026-07-20T16:18:25,1.241
SNOW,0001640147,success,10047.0,data\facts\0001640147.parquet,,,2026-07-20T16:18:26,2026-07-20T16:18:27,1.087
SNPMF,0001123658,success,2905.0,data\facts\0001123658.parquet,,,2026-07-20T16:18:27,2026-07-20T16:18:28,1.056
SNPS,0000883241,success,27945.0,data\facts\0000883241.parquet,,,2026-07-20T16:18:28,2026-07-20T16:18:30,1.595
SNPW,0001343465,success,7013.0,data\facts\0001343465.parquet,,,2026-07-20T16:18:30,2026-07-20T16:18:32,1.197
SNRG,0001652539,success,9809.0,data\facts\0001652539.parquet,,,2026-07-20T16:18:32,2026-07-20T16:18:33,1.153
SNROY,0001584273,failed,,,HTTPError,404 Client Error: Not Found for url: https://data.sec.gov/api/xbrl/companyfacts/CIK0001584273.json,2026-07-20T16:18:33,2026-07-20T16:18:34,0.87
SNSC,0002101240,success,5.0,data\facts\0002101240.parquet,,,2026-07-20T16:18:35,2026-07-20T16:18:35,0.86
SNT,0001993727,success,1745.0,data\facts\0001993727.parquet,,,2026-07-20T16:18:36,2026-07-20T16:18:37,0.867
SNTG,0001810467,success,1300.0,data\facts\0001810467.parquet,,,2026-07-20T16:18:37,2026-07-20T16:18:38,0.815
SNTI,0001854270,success,5095.0,data\facts\0001854270.parquet,,,2026-07-20T16:18:38,2026-07-20T16:18:39,1.111
SNTL,0000889353,success,3864.0,data\facts\0000889353.parquet,,,2026-07-20T16:18:40,2026-07-20T16:18:41,1.139
SNTUF,0001087711,success,7872.0,data\facts\0001087711.parquet,,,2026-07-20T16:18:41,2026-07-20T16:18:42,1.025
SNTW,0001619096,success,5380.0,data\facts\0001619096.parquet,,,2026-07-20T16:18:42,2026-07-20T16:18:44,1.182
SNWV,0001417663,success,17200.0,data\facts\0001417663.parquet,,,2026-07-20T16:18:44,2026-07-20T16:18:45,1.21
SNX,0001177394,success,23650.0,data\facts\0001177394.parquet,,,2026-07-20T16:18:45,2026-07-20T16:18:47,1.228
SNY,0001121404,success,7493.0,data\facts\0001121404.parquet,,,2026-07-20T16:18:47,2026-07-20T16:18:48,0.846
SNYR,0001562733,success,8310.0,data\facts\0001562733.parquet,,,2026-07-20T16:18:48,2026-07-20T16:18:49,1.061
SO,0000092122,success,27773.0,data\facts\0000092122.parquet,,,2026-07-20T16:18:49,2026-07-20T16:18:51,1.59
SOAGY,0001715801,failed,,,HTTPError,404 Client Error: Not Found for url: https://data.sec.gov/api/xbrl/companyfacts/CIK0001715801.json,2026-07-20T16:18:51,2026-07-20T16:18:52,0.92
SOAR,0001853070,success,4342.0,data\facts\0001853070.parquet,,,2026-07-20T16:18:53,2026-07-20T16:18:54,1.187
SOBO,0002019061,success,723.0,data\facts\0002019061.parquet,,,2026-07-20T16:18:54,2026-07-20T16:18:55,1.143
SOBR,0001425627,success,11540.0,data\facts\0001425627.parquet,,,2026-07-20T16:18:56,2026-07-20T16:18:57,1.169
SOC,0001831481,success,3745.0,data\facts\0001831481.parquet,,,2026-07-20T16:18:57,2026-07-20T16:18:58,1.06
SOCA,0002065948,success,269.0,data\facts\0002065948.parquet,,,2026-07-20T16:18:58,2026-07-20T16:18:59,1.032
SOCGM,0000092108,success,51.0,data\facts\0000092108.parquet,,,2026-07-20T16:19:00,2026-07-20T16:19:01,1.055
SODI,0000091668,success,10932.0,data\facts\0000091668.parquet,,,2026-07-20T16:19:01,2026-07-20T16:19:03,1.572
SOEZ,0002057388,success,157.0,data\facts\0002057388.parquet,,,2026-07-20T16:19:03,2026-07-20T16:19:04,1.035
SOFI,0001818874,success,10402.0,data\facts\0001818874.parquet,,,2026-07-20T16:19:04,2026-07-20T16:19:06,1.442
SOGP,0001783407,success,3348.0,data\facts\0001783407.parquet,,,2026-07-20T16:19:06,2026-07-20T16:19:07,1.093
SOHGY,0001536787,failed,,,HTTPError,404 Client Error: Not Found for url: https://data.sec.gov/api/xbrl/companyfacts/CIK0001536787.json,2026-07-20T16:19:08,2026-07-20T16:19:08,0.824
SOHON,0001301236,success,17907.0,data\facts\0001301236.parquet,,,2026-07-20T16:19:09,2026-07-20T16:19:10,1.26
SOHU,0001734107,success,3864.0,data\facts\0001734107.parquet,,,2026-07-20T16:19:10,2026-07-20T16:19:11,1.108
SOLC,0002041869,success,121.0,data\facts\0002041869.parquet,,,2026-07-20T16:19:12,2026-07-20T16:19:13,0.934
SOLS,0002064953,success,1093.0,data\facts\0002064953.parquet,,,2026-07-20T16:19:13,2026-07-20T16:19:14,1.038
SOLV,0001964738,success,2920.0,data\facts\0001964738.parquet,,,2026-07-20T16:19:14,2026-07-20T16:19:15,1.0
SON,0000091767,success,28552.0,data\facts\0000091767.parquet,,,2026-07-20T16:19:16,2026-07-20T16:19:17,1.484
SONG,0001671132,failed,,,ValueError,Company Facts에서 facts 데이터를 찾지 못했습니다.,2026-07-20T16:19:17,2026-07-20T16:19:18,0.824
SONM,0001178697,success,8488.0,data\facts\0001178697.parquet,,,2026-07-20T16:19:19,2026-07-20T16:19:20,1.032
SONO,0001314727,success,11415.0,data\facts\0001314727.parquet,,,2026-07-20T16:19:20,2026-07-20T16:19:21,1.03
SONX,0001407973,success,4588.0,data\facts\0001407973.parquet,,,2026-07-20T16:19:21,2026-07-20T16:19:22,1.035
SONY,0000313838,success,13919.0,data\facts\0000313838.parquet,,,2026-07-20T16:19:23,2026-07-20T16:19:24,1.106
SOPAQ,0001817511,success,6166.0,data\facts\0001817511.parquet,,,2026-07-20T16:19:24,2026-07-20T16:19:25,1.03
SOPH,0001840706,success,2961.0,data\facts\0001840706.parquet,,,2026-07-20T16:19:25,2026-07-20T16:19:26,0.876
SOR,0000091847,success,5.0,data\facts\0000091847.parquet,,,2026-07-20T16:19:27,2026-07-20T16:19:28,0.994
SORA,0002033515,success,921.0,data\facts\0002033515.parquet,,,2026-07-20T16:19:28,2026-07-20T16:19:29,0.812
SORN,0002086263,success,125.0,data\facts\0002086263.parquet,,,2026-07-20T16:19:29,2026-07-20T16:19:30,0.89
SOS,0001346610,success,4263.0,data\facts\0001346610.parquet,,,2026-07-20T16:19:30,2026-07-20T16:19:31,0.975
SOTK,0000806172,success,12547.0,data\facts\0000806172.parquet,,,2026-07-20T16:19:32,2026-07-20T16:19:33,0.992
SOUD,0002070237,failed,,,HTTPError,404 Client Error: Not Found for url: https://data.sec.gov/api/xbrl/companyfacts/CIK0002070237.json,2026-07-20T16:19:33,2026-07-20T16:19:34,0.967
SOUL,0002025608,success,438.0,data\facts\0002025608.parquet,,,2026-07-20T16:19:34,2026-07-20T16:19:35,0.905
SOUN,0001840856,success,7399.0,data\facts\0001840856.parquet,,,2026-07-20T16:19:35,2026-07-20T16:19:36,1.034
SOWG,0001490161,success,14971.0,data\facts\0001490161.parquet,,,2026-07-20T16:19:37,2026-07-20T16:19:38,1.111
SPAI,0002011208,success,2428.0,data\facts\0002011208.parquet,,,2026-07-20T16:19:38,2026-07-20T16:19:39,1.076
SPAUF,0001337090,failed,,,HTTPError,404 Client Error: Not Found for url: https://data.sec.gov/api/xbrl/companyfacts/CIK0001337090.json,2026-07-20T16:19:40,2026-07-20T16:19:40,0.824
SPB,0000109177,success,29672.0,data\facts\0000109177.parquet,,,2026-07-20T16:19:41,2026-07-20T16:19:42,1.753
SPCB,0001291855,success,8685.0,data\facts\0001291855.parquet,,,2026-07-20T16:19:43,2026-07-20T16:19:44,1.043
SPCE,0001706946,success,10460.0,data\facts\0001706946.parquet,,,2026-07-20T16:19:44,2026-07-20T16:19:45,1.114
SPCX,0001181412,success,5.0,data\facts\0001181412.parquet,,,2026-07-20T16:19:46,2026-07-20T16:19:47,1.054
SPE,0000897802,failed,,,ValueError,Company Facts에서 facts 데이터를 찾지 못했습니다.,2026-07-20T16:19:47,2026-07-20T16:19:48,0.757
SPEG,0002028735,success,262.0,data\facts\0002028735.parquet,,,2026-07-20T16:19:48,2026-07-20T16:19:49,1.048
SPFI,0001163668,success,11256.0,data\facts\0001163668.parquet,,,2026-07-20T16:19:49,2026-07-20T16:19:50,1.137
SPFX,0001807893,success,5933.0,data\facts\0001807893.parquet,,,2026-07-20T16:19:51,2026-07-20T16:19:52,1.092
SPG,0001063761,success,21414.0,data\facts\0001063761.parquet,,,2026-07-20T16:19:52,2026-07-20T16:19:53,1.194
SPGH,0002062925,success,5.0,data\facts\0002062925.parquet,,,2026-07-20T16:19:54,2026-07-20T16:19:55,0.796
SPGI,0000064040,success,28576.0,data\facts\0000064040.parquet,,,2026-07-20T16:19:55,2026-07-20T16:19:56,1.452
SPGNY,0002042556,failed,,,HTTPError,404 Client Error: Not Found for url: https://data.sec.gov/api/xbrl/companyfacts/CIK0002042556.json,2026-07-20T16:19:57,2026-07-20T16:19:57,0.775
SPH,0001005210,success,19089.0,data\facts\0001005210.parquet,,,2026-07-20T16:19:58,2026-07-20T16:19:59,1.289
SPHL,0002002236,success,1321.0,data\facts\0002002236.parquet,,,2026-07-20T16:19:59,2026-07-20T16:20:00,0.947
SPHR,0001795250,success,11536.0,data\facts\0001795250.parquet,,,2026-07-20T16:20:01,2026-07-20T16:20:02,1.074
SPIIY,0002083221,failed,,,HTTPError,404 Client Error: Not Found for url: https://data.sec.gov/api/xbrl/companyfacts/CIK0002083221.json,2026-07-20T16:20:02,2026-07-20T16:20:03,0.822
SPIR,0001816017,success,9864.0,data\facts\0001816017.parquet,,,2026-07-20T16:20:03,2026-07-20T16:20:04,1.061
SPKL,0001884046,success,1175.0,data\facts\0001884046.parquet,,,2026-07-20T16:20:05,2026-07-20T16:20:06,0.961
SPMC,0001930147,success,13.0,data\facts\0001930147.parquet,,,2026-07-20T16:20:06,2026-07-20T16:20:07,1.044
SPMEF,0002056030,failed,,,HTTPError,404 Client Error: Not Found for url: https://data.sec.gov/api/xbrl/companyfacts/CIK0002056030.json,2026-07-20T16:20:07,2026-07-20T16:20:08,0.782
SPND,0000867038,success,10974.0,data\facts\0000867038.parquet,,,2026-07-20T16:20:08,2026-07-20T16:20:10,1.229
SPNT,0001576018,success,27178.0,data\facts\0001576018.parquet,,,2026-07-20T16:20:10,2026-07-20T16:20:11,1.464
SPOK,0001289945,success,17746.0,data\facts\0001289945.parquet,,,2026-07-20T16:20:12,2026-07-20T16:20:13,1.325
SPOT,0001639920,success,3834.0,data\facts\0001639920.parquet,,,2026-07-20T16:20:13,2026-07-20T16:20:14,1.011
SPOWF,0001227282,success,4811.0,data\facts\0001227282.parquet,,,2026-07-20T16:20:15,2026-07-20T16:20:16,1.048
SPPL,0001948697,success,1323.0,data\facts\0001948697.parquet,,,2026-07-20T16:20:16,2026-07-20T16:20:17,0.995
SPPP,0001539190,success,634.0,data\facts\0001539190.parquet,,,2026-07-20T16:20:17,2026-07-20T16:20:18,0.874
SPQS,0000803097,success,194.0,data\facts\0000803097.parquet,,,2026-07-20T16:20:19,2026-07-20T16:20:20,1.024
SPRB,0001683553,success,4714.0,data\facts\0001683553.parquet,,,2026-07-20T16:20:20,2026-07-20T16:20:21,1.111
SPRC,0001611746,success,4345.0,data\facts\0001611746.parquet,,,2026-07-20T16:20:21,2026-07-20T16:20:22,0.874
SPRO,0001701108,success,8258.0,data\facts\0001701108.parquet,,,2026-07-20T16:20:23,2026-07-20T16:20:24,1.188
SPRS,0000747540,success,13609.0,data\facts\0000747540.parquet,,,2026-07-20T16:20:24,2026-07-20T16:20:25,1.305
SPRU,0001772720,success,9114.0,data\facts\0001772720.parquet,,,2026-07-20T16:20:26,2026-07-20T16:20:27,1.079
SPRY,0001671858,success,5104.0,data\facts\0001671858.parquet,,,2026-07-20T16:20:27,2026-07-20T16:20:28,1.031
SPSC,0001092699,success,19701.0,data\facts\0001092699.parquet,,,2026-07-20T16:20:28,2026-07-20T16:20:30,1.337
SPST,0001192323,success,638.0,data\facts\0001192323.parquet,,,2026-07-20T16:20:30,2026-07-20T16:20:31,0.876
SPT,0001517375,success,6955.0,data\facts\0001517375.parquet,,,2026-07-20T16:20:31,2026-07-20T16:20:32,1.009
SPTJF,0000908732,success,2877.0,data\facts\0000908732.parquet,,,2026-07-20T16:20:33,2026-07-20T16:20:34,0.93
SPTX,0002042347,success,240.0,data\facts\0002042347.parquet,,,2026-07-20T16:20:34,2026-07-20T16:20:35,0.924
SPTY,0001840102,success,3037.0,data\facts\0001840102.parquet,,,2026-07-20T16:20:35,2026-07-20T16:20:36,0.971
SPWH,0001132105,success,12813.0,data\facts\0001132105.parquet,,,2026-07-20T16:20:36,2026-07-20T16:20:38,1.074
SPWR,0001838987,success,10398.0,data\facts\0001838987.parquet,,,2026-07-20T16:20:38,2026-07-20T16:20:39,1.26
SPXC,0000088205,success,29670.0,data\facts\0000088205.parquet,,,2026-07-20T16:20:39,2026-07-20T16:20:41,1.548
SPXSF,0001518542,failed,,,HTTPError,404 Client Error: Not Found for url: https://data.sec.gov/api/xbrl/companyfacts/CIK0001518542.json,2026-07-20T16:20:41,2026-07-20T16:20:42,0.92
SPXX,0001338561,failed,,,ValueError,Company Facts에서 facts 데이터를 찾지 못했습니다.,2026-07-20T16:20:43,2026-07-20T16:20:43,0.877
SPY,0000884394,failed,,,HTTPError,404 Client Error: Not Found for url: https://data.sec.gov/api/xbrl/companyfacts/CIK0000884394.json,2026-07-20T16:20:44,2026-07-20T16:20:45,0.941
SQFT,0001080657,success,13423.0,data\facts\0001080657.parquet,,,2026-07-20T16:20:45,2026-07-20T16:20:46,1.122
SQM,0000909037,success,6196.0,data\facts\0000909037.parquet,,,2026-07-20T16:20:47,2026-07-20T16:20:48,1.117
SQNS,0001383395,success,5451.0,data\facts\0001383395.parquet,,,2026-07-20T16:20:48,2026-07-20T16:20:49,0.97
SR,0001126956,success,26145.0,data\facts\0001126956.parquet,,,2026-07-20T16:20:49,2026-07-20T16:20:51,1.409
SRAD,0001836470,success,2412.0,data\facts\0001836470.parquet,,,2026-07-20T16:20:51,2026-07-20T16:20:52,1.114
SRBK,0001951276,success,5020.0,data\facts\0001951276.parquet,,,2026-07-20T16:20:52,2026-07-20T16:20:53,1.002
SRCE,0000034782,success,28220.0,data\facts\0000034782.parquet,,,2026-07-20T16:20:54,2026-07-20T16:20:56,1.792
SRCO,0000318299,success,12513.0,data\facts\0000318299.parquet,,,2026-07-20T16:20:56,2026-07-20T16:20:57,1.186
SRCRF,0001467093,success,10.0,data\facts\0001467093.parquet,,,2026-07-20T16:20:57,2026-07-20T16:20:58,0.928
SRE,0001032208,success,33541.0,data\facts\0001032208.parquet,,,2026-07-20T16:20:59,2026-07-20T16:21:00,1.67
SRFM,0001936224,success,3774.0,data\facts\0001936224.parquet,,,2026-07-20T16:21:01,2026-07-20T16:21:02,1.094
SRG,0001628063,success,11157.0,data\facts\0001628063.parquet,,,2026-07-20T16:21:02,2026-07-20T16:21:03,1.189
SRGBF,0000095666,failed,,,HTTPError,404 Client Error: Not Found for url: https://data.sec.gov/api/xbrl/companyfacts/CIK0000095666.json,2026-07-20T16:21:04,2026-07-20T16:21:05,0.861
SRGXF,0001644540,failed,,,HTTPError,404 Client Error: Not Found for url: https://data.sec.gov/api/xbrl/companyfacts/CIK0001644540.json,2026-07-20T16:21:05,2026-07-20T16:21:06,0.927
SRGZ,0001401835,success,8510.0,data\facts\0001401835.parquet,,,2026-07-20T16:21:06,2026-07-20T16:21:07,1.196
SRI,0001043337,success,21590.0,data\facts\0001043337.parquet,,,2026-07-20T16:21:08,2026-07-20T16:21:09,1.649
SRKZF,0001723455,failed,,,HTTPError,404 Client Error: Not Found for url: https://data.sec.gov/api/xbrl/companyfacts/CIK0001723455.json,2026-07-20T16:21:10,2026-07-20T16:21:11,0.992
SRL,0000016859,success,3626.0,data\facts\0000016859.parquet,,,2026-07-20T16:21:11,2026-07-20T16:21:12,1.128
SRLZF,0000861972,failed,,,HTTPError,404 Client Error: Not Found for url: https://data.sec.gov/api/xbrl/companyfacts/CIK0000861972.json,2026-07-20T16:21:12,2026-07-20T16:21:13,0.91
SRMX,0000841533,failed,,,HTTPError,404 Client Error: Not Found for url: https://data.sec.gov/api/xbrl/companyfacts/CIK0000841533.json,2026-07-20T16:21:14,2026-07-20T16:21:15,0.838
SRPT,0000873303,success,19520.0,data\facts\0000873303.parquet,,,2026-07-20T16:21:15,2026-07-20T16:21:17,1.612
SRRE,0001083490,success,15815.0,data\facts\0001083490.parquet,,,2026-07-20T16:21:17,2026-07-20T16:21:19,1.701
SRRK,0001727196,success,7255.0,data\facts\0001727196.parquet,,,2026-07-20T16:21:19,2026-07-20T16:21:20,1.272
SRTA,0001779128,success,7031.0,data\facts\0001779128.parquet,,,2026-07-20T16:21:21,2026-07-20T16:21:22,1.192
SRTS,0001494891,success,9981.0,data\facts\0001494891.parquet,,,2026-07-20T16:21:22,2026-07-20T16:21:23,1.355
SRV,0001400897,success,13.0,data\facts\0001400897.parquet,,,2026-07-20T16:21:24,2026-07-20T16:21:25,1.193
SRXH,0001471727,success,16329.0,data\facts\0001471727.parquet,,,2026-07-20T16:21:25,2026-07-20T16:21:27,1.342
SRZN,0001824893,success,4914.0,data\facts\0001824893.parquet,,,2026-07-20T16:21:27,2026-07-20T16:21:28,1.139
SSAC,0002081300,success,99.0,data\facts\0002081300.parquet,,,2026-07-20T16:21:28,2026-07-20T16:21:29,0.892
SSB,0000764038,success,36571.0,data\facts\0000764038.parquet,,,2026-07-20T16:21:30,2026-07-20T16:21:31,1.699
SSD,0000920371,success,25388.0,data\facts\0000920371.parquet,,,2026-07-20T16:21:32,2026-07-20T16:21:33,1.63
SSEA,0002059165,success,318.0,data\facts\0002059165.parquet,,,2026-07-20T16:21:34,2026-07-20T16:21:35,0.989
SSEBF,0001771039,failed,,,HTTPError,404 Client Error: Not Found for url: https://data.sec.gov/api/xbrl/companyfacts/CIK0001771039.json,2026-07-20T16:21:35,2026-07-20T16:21:36,1.083
SSGC,0001584693,success,6782.0,data\facts\0001584693.parquet,,,2026-07-20T16:21:36,2026-07-20T16:21:38,1.491
SSHBY,0002107375,failed,,,HTTPError,404 Client Error: Not Found for url: https://data.sec.gov/api/xbrl/companyfacts/CIK0002107375.json,2026-07-20T16:21:38,2026-07-20T16:21:39,0.956
SSHT,0001975222,success,140.0,data\facts\0001975222.parquet,,,2026-07-20T16:21:39,2026-07-20T16:21:40,0.912
SSII,0001676163,success,9595.0,data\facts\0001676163.parquet,,,2026-07-20T16:21:41,2026-07-20T16:21:42,1.268
SSKN,0001051514,success,15764.0,data\facts\0001051514.parquet,,,2026-07-20T16:21:42,2026-07-20T16:21:44,1.368
SSL,0000314590,success,5760.0,data\facts\0000314590.parquet,,,2026-07-20T16:21:44,2026-07-20T16:21:45,1.073
SSM,0001840416,success,2766.0,data\facts\0001840416.parquet,,,2026-07-20T16:21:45,2026-07-20T16:21:46,1.058
SSMR,0002091017,success,10.0,data\facts\0002091017.parquet,,,2026-07-20T16:21:47,2026-07-20T16:21:48,0.902
SSNC,0001402436,success,22442.0,data\facts\0001402436.parquet,,,2026-07-20T16:21:48,2026-07-20T16:21:49,1.391
SSP,0000832428,success,25967.0,data\facts\0000832428.parquet,,,2026-07-20T16:21:50,2026-07-20T16:21:51,1.547
SSRLY,0002073972,failed,,,HTTPError,404 Client Error: Not Found for url: https://data.sec.gov/api/xbrl/companyfacts/CIK0002073972.json,2026-07-20T16:21:52,2026-07-20T16:21:53,0.896
SSRM,0000921638,success,9861.0,data\facts\0000921638.parquet,,,2026-07-20T16:21:53,2026-07-20T16:21:54,1.227
SST,0001805833,success,7780.0,data\facts\0001805833.parquet,,,2026-07-20T16:21:54,2026-07-20T16:21:55,1.062
SSTI,0001351636,success,10540.0,data\facts\0001351636.parquet,,,2026-07-20T16:21:56,2026-07-20T16:21:57,1.18
SSTK,0001549346,success,18955.0,data\facts\0001549346.parquet,,,2026-07-20T16:21:57,2026-07-20T16:21:59,1.344
SSVFF,0001397616,failed,,,HTTPError,404 Client Error: Not Found for url: https://data.sec.gov/api/xbrl/companyfacts/CIK0001397616.json,2026-07-20T16:21:59,2026-07-20T16:22:00,0.929
SSYS,0001517396,success,19110.0,data\facts\0001517396.parquet,,,2026-07-20T16:22:00,2026-07-20T16:22:02,1.445
ST,0001477294,success,20869.0,data\facts\0001477294.parquet,,,2026-07-20T16:22:02,2026-07-20T16:22:04,1.43
STA,0002049977,failed,,,HTTPError,404 Client Error: Not Found for url: https://data.sec.gov/api/xbrl/companyfacts/CIK0002049977.json,2026-07-20T16:22:04,2026-07-20T16:22:05,0.893
STAA,0000718937,success,23063.0,data\facts\0000718937.parquet,,,2026-07-20T16:22:05,2026-07-20T16:22:07,1.59
STAG,0001479094,success,20871.0,data\facts\0001479094.parquet,,,2026-07-20T16:22:07,2026-07-20T16:22:09,1.559
STAI,0001994624,success,1680.0,data\facts\0001994624.parquet,,,2026-07-20T16:22:09,2026-07-20T16:22:10,1.073
STAK,0002002453,success,373.0,data\facts\0002002453.parquet,,,2026-07-20T16:22:10,2026-07-20T16:22:11,0.994
STBA,0000719220,success,33915.0,data\facts\0000719220.parquet,,,2026-07-20T16:22:12,2026-07-20T16:22:13,1.795
STC,0000094344,success,22343.0,data\facts\0000094344.parquet,,,2026-07-20T16:22:14,2026-07-20T16:22:15,1.405
STCB,0001539850,success,9974.0,data\facts\0001539850.parquet,,,2026-07-20T16:22:16,2026-07-20T16:22:17,1.529
STCK,0002024996,failed,,,HTTPError,404 Client Error: Not Found for url: https://data.sec.gov/api/xbrl/companyfacts/CIK0002024996.json,2026-07-20T16:22:17,2026-07-20T16:22:18,0.988
STDN,0002086716,success,8.0,data\facts\0002086716.parquet,,,2026-07-20T16:22:19,2026-07-20T16:22:20,0.909
STE,0001757898,success,14727.0,data\facts\0001757898.parquet,,,2026-07-20T16:22:20,2026-07-20T16:22:21,1.348
STEK,0001511820,success,7928.0,data\facts\0001511820.parquet,,,2026-07-20T16:22:22,2026-07-20T16:22:23,1.22
STEM,0001758766,success,9309.0,data\facts\0001758766.parquet,,,2026-07-20T16:22:23,2026-07-20T16:22:24,1.131
STEP,0001796022,success,7514.0,data\facts\0001796022.parquet,,,2026-07-20T16:22:25,2026-07-20T16:22:26,1.114
STEW,0000102426,failed,,,ValueError,Company Facts에서 facts 데이터를 찾지 못했습니다.,2026-07-20T16:22:26,2026-07-20T16:22:27,1.001
STEX,0001530766,success,13176.0,data\facts\0001530766.parquet,,,2026-07-20T16:22:27,2026-07-20T16:22:29,1.173
STFS,0002003061,success,288.0,data\facts\0002003061.parquet,,,2026-07-20T16:22:29,2026-07-20T16:22:30,0.973
STG,0001723935,success,3815.0,data\facts\0001723935.parquet,,,2026-07-20T16:22:30,2026-07-20T16:22:31,1.055
STGW,0000876883,success,25258.0,data\facts\0000876883.parquet,,,2026-07-20T16:22:32,2026-07-20T16:22:33,1.455
STHO,0001953366,success,3410.0,data\facts\0001953366.parquet,,,2026-07-20T16:22:33,2026-07-20T16:22:35,1.091
STHRF,0002068441,failed,,,HTTPError,404 Client Error: Not Found for url: https://data.sec.gov/api/xbrl/companyfacts/CIK0002068441.json,2026-07-20T16:22:35,2026-07-20T16:22:36,0.817
STI,0001881551,success,3791.0,data\facts\0001881551.parquet,,,2026-07-20T16:22:36,2026-07-20T16:22:37,1.145
STIM,0001227636,success,10093.0,data\facts\0001227636.parquet,,,2026-07-20T16:22:37,2026-07-20T16:22:39,1.153
STJNY,0002077242,failed,,,HTTPError,404 Client Error: Not Found for url: https://data.sec.gov/api/xbrl/companyfacts/CIK0002077242.json,2026-07-20T16:22:39,2026-07-20T16:22:40,0.888
STK,0001471420,failed,,,ValueError,Company Facts에서 facts 데이터를 찾지 못했습니다.,2026-07-20T16:22:40,2026-07-20T16:22:41,0.992
STKE,0001846839,success,309.0,data\facts\0001846839.parquet,,,2026-07-20T16:22:41,2026-07-20T16:22:42,0.993
STKH,0001828098,success,2374.0,data\facts\0001828098.parquet,,,2026-07-20T16:22:43,2026-07-20T16:22:44,1.194
STKS,0001399520,success,19423.0,data\facts\0001399520.parquet,,,2026-07-20T16:22:44,2026-07-20T16:22:46,1.396
STLA,0001605484,success,7019.0,data\facts\0001605484.parquet,,,2026-07-20T16:22:46,2026-07-20T16:22:47,1.204
STLD,0001022671,success,21629.0,data\facts\0001022671.parquet,,,2026-07-20T16:22:48,2026-07-20T16:22:49,1.516
STLE,0000779227,success,2546.0,data\facts\0000779227.parquet,,,2026-07-20T16:22:49,2026-07-20T16:22:51,1.106
STLNF,0001729653,failed,,,HTTPError,404 Client Error: Not Found for url: https://data.sec.gov/api/xbrl/companyfacts/CIK0001729653.json,2026-07-20T16:22:51,2026-07-20T16:22:52,1.006
STLRF,0001979408,failed,,,HTTPError,404 Client Error: Not Found for url: https://data.sec.gov/api/xbrl/companyfacts/CIK0001979408.json,2026-07-20T16:22:52,2026-07-20T16:22:53,0.846
STLY,0000797465,success,13938.0,data\facts\0000797465.parquet,,,2026-07-20T16:22:53,2026-07-20T16:22:55,1.396
STM,0000932787,success,11573.0,data\facts\0000932787.parquet,,,2026-07-20T16:22:55,2026-07-20T16:22:56,1.3
STME,0001493712,success,8260.0,data\facts\0001493712.parquet,,,2026-07-20T16:22:57,2026-07-20T16:22:58,1.253
STN,0001131383,success,4022.0,data\facts\0001131383.parquet,,,2026-07-20T16:22:58,2026-07-20T16:22:59,1.098
STNE,0001745431,success,3065.0,data\facts\0001745431.parquet,,,2026-07-20T16:23:00,2026-07-20T16:23:01,1.053
STNG,0001483934,success,3990.0,data\facts\0001483934.parquet,,,2026-07-20T16:23:01,2026-07-20T16:23:02,1.117
STOK,0001623526,success,5777.0,data\facts\0001623526.parquet,,,2026-07-20T16:23:03,2026-07-20T16:23:04,1.08
STQN,0000847942,success,3226.0,data\facts\0000847942.parquet,,,2026-07-20T16:23:04,2026-07-20T16:23:05,1.047
STRA,0001013934,success,20679.0,data\facts\0001013934.parquet,,,2026-07-20T16:23:05,2026-07-20T16:23:07,1.342
STRG,0001803096,success,2919.0,data\facts\0001803096.parquet,,,2026-07-20T16:23:07,2026-07-20T16:23:08,1.339
STRL,0000874238,success,20263.0,data\facts\0000874238.parquet,,,2026-07-20T16:23:09,2026-07-20T16:23:10,1.33
STRO,0001382101,success,8716.0,data\facts\0001382101.parquet,,,2026-07-20T16:23:10,2026-07-20T16:23:12,1.116
STRR,0001210708,success,19228.0,data\facts\0001210708.parquet,,,2026-07-20T16:23:12,2026-07-20T16:23:13,1.324
STRS,0000885508,success,14874.0,data\facts\0000885508.parquet,,,2026-07-20T16:23:14,2026-07-20T16:23:15,1.396
STRT,0000933034,success,18710.0,data\facts\0000933034.parquet,,,2026-07-20T16:23:15,2026-07-20T16:23:17,1.406
STRW,0001782430,success,4159.0,data\facts\0001782430.parquet,,,2026-07-20T16:23:17,2026-07-20T16:23:18,0.98
STRZ,0000929351,success,22456.0,data\facts\0000929351.parquet,,,2026-07-20T16:23:18,2026-07-20T16:23:20,1.433
STSBF,0001307926,failed,,,HTTPError,404 Client Error: Not Found for url: https://data.sec.gov/api/xbrl/companyfacts/CIK0001307926.json,2026-07-20T16:23:20,2026-07-20T16:23:21,0.833
STSR,0001698538,success,7188.0,data\facts\0001698538.parquet,,,2026-07-20T16:23:21,2026-07-20T16:23:22,1.001
STSUF,0002077638,failed,,,HTTPError,404 Client Error: Not Found for url: https://data.sec.gov/api/xbrl/companyfacts/CIK0002077638.json,2026-07-20T16:23:23,2026-07-20T16:23:23,0.867
STT,0000093751,success,40379.0,data\facts\0000093751.parquet,,,2026-07-20T16:23:24,2026-07-20T16:23:25,1.635
STTK,0001680367,success,4942.0,data\facts\0001680367.parquet,,,2026-07-20T16:23:26,2026-07-20T16:23:27,0.998
STUB,0001337634,success,1335.0,data\facts\0001337634.parquet,,,2026-07-20T16:23:27,2026-07-20T16:23:28,0.968
STVN,0001849853,success,2235.0,data\facts\0001849853.parquet,,,2026-07-20T16:23:28,2026-07-20T16:23:29,0.991
STWD,0001465128,success,30695.0,data\facts\0001465128.parquet,,,2026-07-20T16:23:30,2026-07-20T16:23:31,1.575
STWI,0001999261,success,1299.0,data\facts\0001999261.parquet,,,2026-07-20T16:23:31,2026-07-20T16:23:32,0.937
STX,0001137789,success,24272.0,data\facts\0001137789.parquet,,,2026-07-20T16:23:33,2026-07-20T16:23:34,1.448
STXS,0001289340,success,15863.0,data\facts\0001289340.parquet,,,2026-07-20T16:23:35,2026-07-20T16:23:36,1.518
STZ,0000016918,success,25055.0,data\facts\0000016918.parquet,,,2026-07-20T16:23:36,2026-07-20T16:23:38,1.389
SU,0000311337,success,3039.0,data\facts\0000311337.parquet,,,2026-07-20T16:23:38,2026-07-20T16:23:39,1.037
SUCH,0002104032,success,4.0,data\facts\0002104032.parquet,,,2026-07-20T16:23:40,2026-07-20T16:23:40,0.804
SUGP,0001969863,success,1990.0,data\facts\0001969863.parquet,,,2026-07-20T16:23:41,2026-07-20T16:23:42,1.115
SUGRF,0001996493,failed,,,HTTPError,404 Client Error: Not Found for url: https://data.sec.gov/api/xbrl/companyfacts/CIK0001996493.json,2026-07-20T16:23:42,2026-07-20T16:23:43,0.768
SUI,0000912593,success,24632.0,data\facts\0000912593.parquet,,,2026-07-20T16:23:43,2026-07-20T16:23:45,1.477
SUIC,0001394108,success,9050.0,data\facts\0001394108.parquet,,,2026-07-20T16:23:45,2026-07-20T16:23:46,1.075
SUIG,0001425355,success,5464.0,data\facts\0001425355.parquet,,,2026-07-20T16:23:46,2026-07-20T16:23:48,1.165
SUIS,0002060703,success,48.0,data\facts\0002060703.parquet,,,2026-07-20T16:23:48,2026-07-20T16:23:49,0.862
SUJA,0001934114,success,32.0,data\facts\0001934114.parquet,,,2026-07-20T16:23:49,2026-07-20T16:23:50,0.995
SUMA,0002105838,success,59.0,data\facts\0002105838.parquet,,,2026-07-20T16:23:50,2026-07-20T16:23:51,0.905
SUN,0001552275,success,18732.0,data\facts\0001552275.parquet,,,2026-07-20T16:23:52,2026-07-20T16:23:53,1.27
SUNB,0002083785,success,908.0,data\facts\0002083785.parquet,,,2026-07-20T16:23:53,2026-07-20T16:23:54,0.868
SUNC,0002089661,success,821.0,data\facts\0002089661.parquet,,,2026-07-20T16:23:54,2026-07-20T16:23:55,0.892
SUND,0001171838,success,8365.0,data\facts\0001171838.parquet,,,2026-07-20T16:23:56,2026-07-20T16:23:57,1.094
SUNE,0000022701,success,20364.0,data\facts\0000022701.parquet,,,2026-07-20T16:23:57,2026-07-20T16:23:58,1.346
SUNS,0002012706,success,1522.0,data\facts\0002012706.parquet,,,2026-07-20T16:23:59,2026-07-20T16:24:00,0.945
SUNXF,0002048958,failed,,,HTTPError,404 Client Error: Not Found for url: https://data.sec.gov/api/xbrl/companyfacts/CIK0002048958.json,2026-07-20T16:24:00,2026-07-20T16:24:01,0.81
SUPN,0001356576,success,18412.0,data\facts\0001356576.parquet,,,2026-07-20T16:24:01,2026-07-20T16:24:02,1.188
SUPV,0001517399,success,3085.0,data\facts\0001517399.parquet,,,2026-07-20T16:24:03,2026-07-20T16:24:04,0.98
SUPX,0001897087,success,714.0,data\facts\0001897087.parquet,,,2026-07-20T16:24:04,2026-07-20T16:24:05,0.908
SURDF,0001450159,failed,,,HTTPError,404 Client Error: Not Found for url: https://data.sec.gov/api/xbrl/companyfacts/CIK0001450159.json,2026-07-20T16:24:05,2026-07-20T16:24:06,0.824
SURG,0001392694,success,14646.0,data\facts\0001392694.parquet,,,2026-07-20T16:24:06,2026-07-20T16:24:07,1.138
SUZ,0000909327,success,7758.0,data\facts\0000909327.parquet,,,2026-07-20T16:24:08,2026-07-20T16:24:09,1.029
SVA,0001084201,success,7220.0,data\facts\0001084201.parquet,,,2026-07-20T16:24:09,2026-07-20T16:24:10,1.103
SVAC,0002074850,success,390.0,data\facts\0002074850.parquet,,,2026-07-20T16:24:11,2026-07-20T16:24:11,0.869
SVAQ,0002085659,success,141.0,data\facts\0002085659.parquet,,,2026-07-20T16:24:12,2026-07-20T16:24:13,0.852
SVBL,0001031093,success,13211.0,data\facts\0001031093.parquet,,,2026-07-20T16:24:13,2026-07-20T16:24:14,1.265
SVC,0000945394,success,18143.0,data\facts\0000945394.parquet,,,2026-07-20T16:24:14,2026-07-20T16:24:16,1.423
SVCC,0002033593,success,428.0,data\facts\0002033593.parquet,,,2026-07-20T16:24:16,2026-07-20T16:24:17,0.938
SVCO,0001943289,success,2862.0,data\facts\0001943289.parquet,,,2026-07-20T16:24:17,2026-07-20T16:24:18,0.954
SVICY,0002074157,failed,,,HTTPError,404 Client Error: Not Found for url: https://data.sec.gov/api/xbrl/companyfacts/CIK0002074157.json,2026-07-20T16:24:19,2026-07-20T16:24:20,0.906
SVIV,0002098242,success,59.0,data\facts\0002098242.parquet,,,2026-07-20T16:24:20,2026-07-20T16:24:21,1.025
SVM,0001340677,success,2529.0,data\facts\0001340677.parquet,,,2026-07-20T16:24:21,2026-07-20T16:24:22,1.015
SVMB,0001647822,success,7556.0,data\facts\0001647822.parquet,,,2026-07-20T16:24:23,2026-07-20T16:24:24,1.151
SVNDF,0001359519,failed,,,HTTPError,404 Client Error: Not Found for url: https://data.sec.gov/api/xbrl/companyfacts/CIK0001359519.json,2026-07-20T16:24:24,2026-07-20T16:24:25,0.814
SVRA,0001160308,success,13798.0,data\facts\0001160308.parquet,,,2026-07-20T16:24:25,2026-07-20T16:24:27,1.236
SVRE,0001894693,success,2201.0,data\facts\0001894693.parquet,,,2026-07-20T16:24:27,2026-07-20T16:24:28,0.92
SVRN,0001869467,success,1513.0,data\facts\0001869467.parquet,,,2026-07-20T16:24:28,2026-07-20T16:24:29,1.061
SVRSF,0001682056,failed,,,HTTPError,404 Client Error: Not Found for url: https://data.sec.gov/api/xbrl/companyfacts/CIK0001682056.json,2026-07-20T16:24:30,2026-07-20T16:24:30,0.894
SVUHF,0001973368,success,685.0,data\facts\0001973368.parquet,,,2026-07-20T16:24:31,2026-07-20T16:24:32,0.844
SVV,0001883313,success,4082.0,data\facts\0001883313.parquet,,,2026-07-20T16:24:32,2026-07-20T16:24:33,1.135
SVVC,0001495584,success,3981.0,data\facts\0001495584.parquet,,,2026-07-20T16:24:33,2026-07-20T16:24:34,0.94
SVYSF,0000930826,failed,,,HTTPError,404 Client Error: Not Found for url: https://data.sec.gov/api/xbrl/companyfacts/CIK0000930826.json,2026-07-20T16:24:35,2026-07-20T16:24:35,0.749
SW,0002005951,success,3055.0,data\facts\0002005951.parquet,,,2026-07-20T16:24:36,2026-07-20T16:24:37,0.925
SWAG,0001872525,success,5822.0,data\facts\0001872525.parquet,,,2026-07-20T16:24:37,2026-07-20T16:24:38,1.009
SWBI,0001092796,success,20954.0,data\facts\0001092796.parquet,,,2026-07-20T16:24:38,2026-07-20T16:24:39,1.139
SWBKY,0002098324,failed,,,HTTPError,404 Client Error: Not Found for url: https://data.sec.gov/api/xbrl/companyfacts/CIK0002098324.json,2026-07-20T16:24:40,2026-07-20T16:24:41,0.825
SWCPF,0002107960,failed,,,HTTPError,404 Client Error: Not Found for url: https://data.sec.gov/api/xbrl/companyfacts/CIK0002107960.json,2026-07-20T16:24:41,2026-07-20T16:24:42,0.875
SWDR,0001711929,success,10079.0,data\facts\0001711929.parquet,,,2026-07-20T16:24:42,2026-07-20T16:24:43,1.238
SWIM,0001833197,success,7420.0,data\facts\0001833197.parquet,,,2026-07-20T16:24:44,2026-07-20T16:24:45,1.079
SWISF,0001771755,failed,,,HTTPError,404 Client Error: Not Found for url: https://data.sec.gov/api/xbrl/companyfacts/CIK0001771755.json,2026-07-20T16:24:45,2026-07-20T16:24:46,0.922
SWK,0000093556,success,33759.0,data\facts\0000093556.parquet,,,2026-07-20T16:24:46,2026-07-20T16:24:48,1.712
SWKHL,0001089907,success,13703.0,data\facts\0001089907.parquet,,,2026-07-20T16:24:48,2026-07-20T16:24:50,1.302
SWKS,0000004127,success,21301.0,data\facts\0000004127.parquet,,,2026-07-20T16:24:50,2026-07-20T16:24:51,1.347
SWMR,0002092574,success,178.0,data\facts\0002092574.parquet,,,2026-07-20T16:24:52,2026-07-20T16:24:53,0.9
SWRD,0001795851,failed,,,HTTPError,404 Client Error: Not Found for url: https://data.sec.gov/api/xbrl/companyfacts/CIK0001795851.json,2026-07-20T16:24:53,2026-07-20T16:24:54,0.827
SWVL,0001875609,success,2041.0,data\facts\0001875609.parquet,,,2026-07-20T16:24:54,2026-07-20T16:24:55,1.052
SWX,0001692115,success,16984.0,data\facts\0001692115.parquet,,,2026-07-20T16:24:55,2026-07-20T16:24:57,1.34
SWZ,0000813623,failed,,,HTTPError,404 Client Error: Not Found for url: https://data.sec.gov/api/xbrl/companyfacts/CIK0000813623.json,2026-07-20T16:24:57,2026-07-20T16:24:58,0.815
SXC,0001514705,success,20481.0,data\facts\0001514705.parquet,,,2026-07-20T16:24:58,2026-07-20T16:25:00,1.418
SXGCF,0001622629,failed,,,HTTPError,404 Client Error: Not Found for url: https://data.sec.gov/api/xbrl/companyfacts/CIK0001622629.json,2026-07-20T16:25:00,2026-07-20T16:25:01,0.91
SXI,0000310354,success,23921.0,data\facts\0000310354.parquet,,,2026-07-20T16:25:01,2026-07-20T16:25:02,1.153
SXT,0000310142,success,17305.0,data\facts\0000310142.parquet,,,2026-07-20T16:25:03,2026-07-20T16:25:03,0.778
SXTC,0001723980,success,4881.0,data\facts\0001723980.parquet,,,2026-07-20T16:25:04,2026-07-20T16:25:05,0.872
SXTEY,0002128597,failed,,,HTTPError,404 Client Error: Not Found for url: https://data.sec.gov/api/xbrl/companyfacts/CIK0002128597.json,2026-07-20T16:25:05,2026-07-20T16:25:06,0.804
SXTP,0001946563,success,4005.0,data\facts\0001946563.parquet,,,2026-07-20T16:25:06,2026-07-20T16:25:07,1.172
SXZTY,0002135894,failed,,,HTTPError,404 Client Error: Not Found for url: https://data.sec.gov/api/xbrl/companyfacts/CIK0002135894.json,2026-07-20T16:25:08,2026-07-20T16:25:08,0.81
SY,0001758530,success,3917.0,data\facts\0001758530.parquet,,,2026-07-20T16:25:09,2026-07-20T16:25:10,1.142
SYBT,0000835324,success,35947.0,data\facts\0000835324.parquet,,,2026-07-20T16:25:10,2026-07-20T16:25:12,1.836
SYBX,0001527599,success,9220.0,data\facts\0001527599.parquet,,,2026-07-20T16:25:12,2026-07-20T16:25:13,1.05
SYF,0001601712,success,18202.0,data\facts\0001601712.parquet,,,2026-07-20T16:25:14,2026-07-20T16:25:15,1.146
SYGCF,0001917817,failed,,,HTTPError,404 Client Error: Not Found for url: https://data.sec.gov/api/xbrl/companyfacts/CIK0001917817.json,2026-07-20T16:25:15,2026-07-20T16:25:16,0.859
SYHBF,0001541190,failed,,,HTTPError,404 Client Error: Not Found for url: https://data.sec.gov/api/xbrl/companyfacts/CIK0001541190.json,2026-07-20T16:25:16,2026-07-20T16:25:17,0.856
SYIN,0001292490,failed,,,HTTPError,404 Client Error: Not Found for url: https://data.sec.gov/api/xbrl/companyfacts/CIK0001292490.json,2026-07-20T16:25:18,2026-07-20T16:25:19,0.986
SYK,0000310764,success,24433.0,data\facts\0000310764.parquet,,,2026-07-20T16:25:19,2026-07-20T16:25:20,1.431
SYM,0001837240,success,6854.0,data\facts\0001837240.parquet,,,2026-07-20T16:25:21,2026-07-20T16:25:22,1.075
SYNA,0000817720,success,19933.0,data\facts\0000817720.parquet,,,2026-07-20T16:25:22,2026-07-20T16:25:23,1.428
SYNSY,0002004340,failed,,,HTTPError,404 Client Error: Not Found for url: https://data.sec.gov/api/xbrl/companyfacts/CIK0002004340.json,2026-07-20T16:25:24,2026-07-20T16:25:25,0.841
SYNX,0001976443,success,880.0,data\facts\0001976443.parquet,,,2026-07-20T16:25:25,2026-07-20T16:25:26,0.93
SYPR,0000864240,success,19405.0,data\facts\0000864240.parquet,,,2026-07-20T16:25:26,2026-07-20T16:25:28,1.499
SYRA,0001922335,success,2299.0,data\facts\0001922335.parquet,,,2026-07-20T16:25:28,2026-07-20T16:25:29,1.152
SYRE,0001636282,success,10958.0,data\facts\0001636282.parquet,,,2026-07-20T16:25:30,2026-07-20T16:25:31,1.155
SYY,0000096021,success,25999.0,data\facts\0000096021.parquet,,,2026-07-20T16:25:31,2026-07-20T16:25:32,1.368
SZZL,0002030663,success,291.0,data\facts\0002030663.parquet,,,2026-07-20T16:25:33,2026-07-20T16:25:34,1.037
T,0000732717,success,30618.0,data\facts\0000732717.parquet,,,2026-07-20T16:25:34,2026-07-20T16:25:36,1.693
TAAG,0001386044,success,2625.0,data\facts\0001386044.parquet,,,2026-07-20T16:25:36,2026-07-20T16:25:37,1.037
TAC,0001144800,success,5154.0,data\facts\0001144800.parquet,,,2026-07-20T16:25:38,2026-07-20T16:25:39,1.165
TACH,0002009183,success,431.0,data\facts\0002009183.parquet,,,2026-07-20T16:25:39,2026-07-20T16:25:40,0.907
TACO,0002033122,success,488.0,data\facts\0002033122.parquet,,,2026-07-20T16:25:40,2026-07-20T16:25:41,0.966
TACT,0001017303,success,18164.0,data\facts\0001017303.parquet,,,2026-07-20T16:25:42,2026-07-20T16:25:43,1.379
TAIT,0000942126,success,11542.0,data\facts\0000942126.parquet,,,2026-07-20T16:25:43,2026-07-20T16:25:45,1.282
TAK,0001395064,success,4910.0,data\facts\0001395064.parquet,,,2026-07-20T16:25:45,2026-07-20T16:25:46,1.167
TAKOF,0001547452,failed,,,HTTPError,404 Client Error: Not Found for url: https://data.sec.gov/api/xbrl/companyfacts/CIK0001547452.json,2026-07-20T16:25:46,2026-07-20T16:25:47,0.924
TAL,0001499620,success,6788.0,data\facts\0001499620.parquet,,,2026-07-20T16:25:48,2026-07-20T16:25:49,1.169
TALK,0001803901,success,4839.0,data\facts\0001803901.parquet,,,2026-07-20T16:25:49,2026-07-20T16:25:50,1.138
TALMF,0002001201,failed,,,HTTPError,404 Client Error: Not Found for url: https://data.sec.gov/api/xbrl/companyfacts/CIK0002001201.json,2026-07-20T16:25:51,2026-07-20T16:25:51,0.859
TALO,0001724965,success,12890.0,data\facts\0001724965.parquet,,,2026-07-20T16:25:52,2026-07-20T16:25:53,1.21
TANAF,0001941189,success,1286.0,data\facts\0001941189.parquet,,,2026-07-20T16:25:53,2026-07-20T16:25:54,1.04
TANH,0001588084,success,7145.0,data\facts\0001588084.parquet,,,2026-07-20T16:25:55,2026-07-20T16:25:56,1.105
TAOP,0001552670,success,8634.0,data\facts\0001552670.parquet,,,2026-07-20T16:25:56,2026-07-20T16:25:57,1.209
TAOX,0001571934,success,4104.0,data\facts\0001571934.parquet,,,2026-07-20T16:25:58,2026-07-20T16:25:59,0.99
TAP,0000024545,success,29523.0,data\facts\0000024545.parquet,,,2026-07-20T16:25:59,2026-07-20T16:26:01,1.695
TARA,0001359931,success,10274.0,data\facts\0001359931.parquet,,,2026-07-20T16:26:01,2026-07-20T16:26:02,1.164
TARS,0001819790,success,7959.0,data\facts\0001819790.parquet,,,2026-07-20T16:26:03,2026-07-20T16:26:04,1.091
TARSF,0001409036,success,1861.0,data\facts\0001409036.parquet,,,2026-07-20T16:26:04,2026-07-20T16:26:05,1.037
TASK,0001829864,success,6447.0,data\facts\0001829864.parquet,,,2026-07-20T16:26:05,2026-07-20T16:26:07,1.236
TATT,0000808439,success,6535.0,data\facts\0000808439.parquet,,,2026-07-20T16:26:07,2026-07-20T16:26:08,1.205
TAVI,0002020385,success,524.0,data\facts\0002020385.parquet,,,2026-07-20T16:26:08,2026-07-20T16:26:09,0.891
TAYD,0000096536,success,9273.0,data\facts\0000096536.parquet,,,2026-07-20T16:26:10,2026-07-20T16:26:11,1.142
TBBB,0001978954,success,982.0,data\facts\0001978954.parquet,,,2026-07-20T16:26:11,2026-07-20T16:26:12,0.963
TBBK,0001295401,success,32161.0,data\facts\0001295401.parquet,,,2026-07-20T16:26:12,2026-07-20T16:26:14,1.669
TBCH,0001493761,success,20113.0,data\facts\0001493761.parquet,,,2026-07-20T16:26:14,2026-07-20T16:26:16,1.568
TBCV,0002140030,failed,,,ValueError,변환된 Fact Store가 비어 있습니다.,2026-07-20T16:26:16,2026-07-20T16:26:17,1.033
TBI,0000768899,success,20649.0,data\facts\0000768899.parquet,,,2026-07-20T16:26:18,2026-07-20T16:26:19,1.253
TBLA,0001840502,success,4961.0,data\facts\0001840502.parquet,,,2026-07-20T16:26:19,2026-07-20T16:26:20,1.015
TBLD,0001820378,failed,,,ValueError,Company Facts에서 facts 데이터를 찾지 못했습니다.,2026-07-20T16:26:21,2026-07-20T16:26:22,0.911
TBLLF,0001854257,failed,,,HTTPError,404 Client Error: Not Found for url: https://data.sec.gov/api/xbrl/companyfacts/CIK0001854257.json,2026-07-20T16:26:22,2026-07-20T16:26:23,1.088
TBN,0001997652,success,2059.0,data\facts\0001997652.parquet,,,2026-07-20T16:26:23,2026-07-20T16:26:24,1.005
TBNGY,0001489088,failed,,,HTTPError,404 Client Error: Not Found for url: https://data.sec.gov/api/xbrl/companyfacts/CIK0001489088.json,2026-07-20T16:26:25,2026-07-20T16:26:26,0.852
TBPH,0001583107,success,12944.0,data\facts\0001583107.parquet,,,2026-07-20T16:26:26,2026-07-20T16:26:27,1.182
TBRG,0001169445,success,21592.0,data\facts\0001169445.parquet,,,2026-07-20T16:26:27,2026-07-20T16:26:29,1.653
TBTC,0001090396,success,12974.0,data\facts\0001090396.parquet,,,2026-07-20T16:26:29,2026-07-20T16:26:31,1.22
TBXXF,0001785476,failed,,,HTTPError,404 Client Error: Not Found for url: https://data.sec.gov/api/xbrl/companyfacts/CIK0001785476.json,2026-07-20T16:26:31,2026-07-20T16:26:32,1.005
TC,0001743340,success,5227.0,data\facts\0001743340.parquet,,,2026-07-20T16:26:32,2026-07-20T16:26:33,1.042
TCBI,0001077428,success,28748.0,data\facts\0001077428.parquet,,,2026-07-20T16:26:34,2026-07-20T16:26:35,1.621
TCBK,0000356171,success,37084.0,data\facts\0000356171.parquet,,,2026-07-20T16:26:36,2026-07-20T16:26:37,1.61
TCBS,0001849466,success,8025.0,data\facts\0001849466.parquet,,,2026-07-20T16:26:38,2026-07-20T16:26:39,1.158
TCBX,0001781730,success,9942.0,data\facts\0001781730.parquet,,,2026-07-20T16:26:39,2026-07-20T16:26:40,1.06
TCGLF,0002047190,success,431.0,data\facts\0002047190.parquet,,,2026-07-20T16:26:40,2026-07-20T16:26:41,0.845
TCI,0000733590,success,17831.0,data\facts\0000733590.parquet,,,2026-07-20T16:26:42,2026-07-20T16:26:43,1.357
TCLXY,0002073804,failed,,,HTTPError,404 Client Error: Not Found for url: https://data.sec.gov/api/xbrl/companyfacts/CIK0002073804.json,2026-07-20T16:26:43,2026-07-20T16:26:44,0.709
TCMD,0001027838,success,12928.0,data\facts\0001027838.parquet,,,2026-07-20T16:26:44,2026-07-20T16:26:46,1.28
TCOM,0001269238,success,10157.0,data\facts\0001269238.parquet,,,2026-07-20T16:26:46,2026-07-20T16:26:47,1.001
TCPA,0000099070,success,3479.0,data\facts\0000099070.parquet,,,2026-07-20T16:26:47,2026-07-20T16:26:48,0.965
TCPC,0001370755,success,4021.0,data\facts\0001370755.parquet,,,2026-07-20T16:26:49,2026-07-20T16:26:50,0.982
TCRG,0001879270,success,2333.0,data\facts\0001879270.parquet,,,2026-07-20T16:26:50,2026-07-20T16:26:51,0.97
TCRI,0001481443,success,3311.0,data\facts\0001481443.parquet,,,2026-07-20T16:26:51,2026-07-20T16:26:53,1.69
TCRT,0001107421,success,13800.0,data\facts\0001107421.parquet,,,2026-07-20T16:26:53,2026-07-20T16:26:54,1.189
TCRX,0001783328,success,3682.0,data\facts\0001783328.parquet,,,2026-07-20T16:26:55,2026-07-20T16:26:56,0.989
TCX,0000909494,success,26352.0,data\facts\0000909494.parquet,,,2026-07-20T16:26:56,2026-07-20T16:26:58,2.173
TD,0000947263,success,11171.0,data\facts\0000947263.parquet,,,2026-07-20T16:26:59,2026-07-20T16:27:01,2.113
TDAC,0001926599,success,498.0,data\facts\0001926599.parquet,,,2026-07-20T16:27:01,2026-07-20T16:27:02,0.991
TDAY,0001579684,success,19121.0,data\facts\0001579684.parquet,,,2026-07-20T16:27:02,2026-07-20T16:27:04,1.214
TDC,0000816761,success,22839.0,data\facts\0000816761.parquet,,,2026-07-20T16:27:04,2026-07-20T16:27:05,1.51
TDF,0000919893,failed,,,HTTPError,404 Client Error: Not Found for url: https://data.sec.gov/api/xbrl/companyfacts/CIK0000919893.json,2026-07-20T16:27:06,2026-07-20T16:27:07,0.933
TDG,0001260221,success,21862.0,data\facts\0001260221.parquet,,,2026-07-20T16:27:07,2026-07-20T16:27:08,1.183
TDGGF,0001972589,failed,,,HTTPError,404 Client Error: Not Found for url: https://data.sec.gov/api/xbrl/companyfacts/CIK0001972589.json,2026-07-20T16:27:08,2026-07-20T16:27:09,0.921
TDIC,0002041338,success,231.0,data\facts\0002041338.parquet,,,2026-07-20T16:27:10,2026-07-20T16:27:11,0.876
TDOC,0001477449,success,14214.0,data\facts\0001477449.parquet,,,2026-07-20T16:27:11,2026-07-20T16:27:12,1.241
TDOG,0002064314,success,90.0,data\facts\0002064314.parquet,,,2026-07-20T16:27:12,2026-07-20T16:27:13,0.934
TDRRF,0001921050,failed,,,HTTPError,404 Client Error: Not Found for url: https://data.sec.gov/api/xbrl/companyfacts/CIK0001921050.json,2026-07-20T16:27:14,2026-07-20T16:27:15,0.826
TDS,0001051512,success,27825.0,data\facts\0001051512.parquet,,,2026-07-20T16:27:15,2026-07-20T16:27:17,1.652
TDTH,0001983550,success,863.0,data\facts\0001983550.parquet,,,2026-07-20T16:27:17,2026-07-20T16:27:18,0.873
TDUP,0001484778,success,5872.0,data\facts\0001484778.parquet,,,2026-07-20T16:27:18,2026-07-20T16:27:19,1.144
TDW,0000098222,success,21325.0,data\facts\0000098222.parquet,,,2026-07-20T16:27:20,2026-07-20T16:27:21,1.444
TDWD,0002076616,success,139.0,data\facts\0002076616.parquet,,,2026-07-20T16:27:21,2026-07-20T16:27:22,0.808
TDY,0001094285,success,23282.0,data\facts\0001094285.parquet,,,2026-07-20T16:27:22,2026-07-20T16:27:24,1.283
TE,0001992243,success,3557.0,data\facts\0001992243.parquet,,,2026-07-20T16:27:24,2026-07-20T16:27:25,0.992
TEAC,0002129595,success,8.0,data\facts\0002129595.parquet,,,2026-07-20T16:27:25,2026-07-20T16:27:26,0.966
TEAD,0001454938,success,9076.0,data\facts\0001454938.parquet,,,2026-07-20T16:27:27,2026-07-20T16:27:28,1.17
TEAM,0001650372,success,8058.0,data\facts\0001650372.parquet,,,2026-07-20T16:27:28,2026-07-20T16:27:29,1.132
TECH,0000842023,success,22947.0,data\facts\0000842023.parquet,,,2026-07-20T16:27:30,2026-07-20T16:27:31,1.434
TECK,0000886986,success,3861.0,data\facts\0000886986.parquet,,,2026-07-20T16:27:31,2026-07-20T16:27:32,1.054
TECX,0001681087,success,7225.0,data\facts\0001681087.parquet,,,2026-07-20T16:27:33,2026-07-20T16:27:34,1.106
TEFOF,0000814052,success,4497.0,data\facts\0000814052.parquet,,,2026-07-20T16:27:34,2026-07-20T16:27:35,1.179
TEI,0000909112,failed,,,HTTPError,404 Client Error: Not Found for url: https://data.sec.gov/api/xbrl/companyfacts/CIK0000909112.json,2026-07-20T16:27:36,2026-07-20T16:27:37,0.814
TEICY,0002089506,failed,,,HTTPError,404 Client Error: Not Found for url: https://data.sec.gov/api/xbrl/companyfacts/CIK0002089506.json,2026-07-20T16:27:37,2026-07-20T16:27:38,0.811
TEL,0001385157,success,26034.0,data\facts\0001385157.parquet,,,2026-07-20T16:27:38,2026-07-20T16:27:39,1.478
TELA,0001561921,success,7058.0,data\facts\0001561921.parquet,,,2026-07-20T16:27:40,2026-07-20T16:27:41,1.027
TELNY,0001126113,failed,,,HTTPError,404 Client Error: Not Found for url: https://data.sec.gov/api/xbrl/companyfacts/CIK0001126113.json,2026-07-20T16:27:41,2026-07-20T16:27:42,0.88
TELO,0001971532,success,1338.0,data\facts\0001971532.parquet,,,2026-07-20T16:27:42,2026-07-20T16:27:43,0.931
TELYF,0002113853,failed,,,HTTPError,404 Client Error: Not Found for url: https://data.sec.gov/api/xbrl/companyfacts/CIK0002113853.json,2026-07-20T16:27:44,2026-07-20T16:27:44,0.741
TEM,0001717115,success,3109.0,data\facts\0001717115.parquet,,,2026-07-20T16:27:45,2026-07-20T16:27:46,1.08
TEN,0001166663,success,10250.0,data\facts\0001166663.parquet,,,2026-07-20T16:27:46,2026-07-20T16:27:47,1.159
TENB,0001660280,success,11663.0,data\facts\0001660280.parquet,,,2026-07-20T16:27:48,2026-07-20T16:27:49,1.168
TENX,0000034956,success,12631.0,data\facts\0000034956.parquet,,,2026-07-20T16:27:49,2026-07-20T16:27:50,1.022
TEO,0000932470,success,4633.0,data\facts\0000932470.parquet,,,2026-07-20T16:27:50,2026-07-20T16:27:51,1.044
TER,0000097210,success,33654.0,data\facts\0000097210.parquet,,,2026-07-20T16:27:52,2026-07-20T16:27:53,1.576
TETEF,0001900679,success,1539.0,data\facts\0001900679.parquet,,,2026-07-20T16:27:54,2026-07-20T16:27:55,0.855
TETH,0001992508,success,543.0,data\facts\0001992508.parquet,,,2026-07-20T16:27:55,2026-07-20T16:27:56,0.89
TETOF,0001783432,failed,,,HTTPError,404 Client Error: Not Found for url: https://data.sec.gov/api/xbrl/companyfacts/CIK0001783432.json,2026-07-20T16:27:56,2026-07-20T16:27:57,0.885
TEVA,0000818686,success,24330.0,data\facts\0000818686.parquet,,,2026-07-20T16:27:57,2026-07-20T16:27:59,1.535
TEX,0000097216,success,28538.0,data\facts\0000097216.parquet,,,2026-07-20T16:27:59,2026-07-20T16:28:01,1.883
TFC,0000092230,success,39557.0,data\facts\0000092230.parquet,,,2026-07-20T16:28:01,2026-07-20T16:28:03,1.883
TFII,0001588823,success,2627.0,data\facts\0001588823.parquet,,,2026-07-20T16:28:04,2026-07-20T16:28:05,1.028
TFIN,0001539638,success,26100.0,data\facts\0001539638.parquet,,,2026-07-20T16:28:05,2026-07-20T16:28:06,1.337
TFPM,0001829726,success,1820.0,data\facts\0001829726.parquet,,,2026-07-20T16:28:07,2026-07-20T16:28:08,0.853
TFSL,0001381668,success,31017.0,data\facts\0001381668.parquet,,,2026-07-20T16:28:08,2026-07-20T16:28:09,1.472
TFX,0000096943,success,26916.0,data\facts\0000096943.parquet,,,2026-07-20T16:28:10,2026-07-20T16:28:11,1.383
TG,0000850429,success,23268.0,data\facts\0000850429.parquet,,,2026-07-20T16:28:11,2026-07-20T16:28:13,1.367
TGB,0000878518,success,2546.0,data\facts\0000878518.parquet,,,2026-07-20T16:28:13,2026-07-20T16:28:14,0.885
TGCB,0001815632,success,3019.0,data\facts\0001815632.parquet,,,2026-07-20T16:28:14,2026-07-20T16:28:15,1.037
TGE,0002053456,failed,,,HTTPError,404 Client Error: Not Found for url: https://data.sec.gov/api/xbrl/companyfacts/CIK0002053456.json,2026-07-20T16:28:16,2026-07-20T16:28:17,0.841
TGEN,0001537435,success,13406.0,data\facts\0001537435.parquet,,,2026-07-20T16:28:17,2026-07-20T16:28:18,1.24
TGHL,0002024114,success,561.0,data\facts\0002024114.parquet,,,2026-07-20T16:28:18,2026-07-20T16:28:19,0.928
TGL,0001905956,success,5655.0,data\facts\0001905956.parquet,,,2026-07-20T16:28:20,2026-07-20T16:28:21,0.999
TGLO,0001066684,success,6976.0,data\facts\0001066684.parquet,,,2026-07-20T16:28:21,2026-07-20T16:28:22,1.143
TGLS,0001534675,success,20481.0,data\facts\0001534675.parquet,,,2026-07-20T16:28:22,2026-07-20T16:28:24,1.258
TGMPF,0002025947,failed,,,HTTPError,404 Client Error: Not Found for url: https://data.sec.gov/api/xbrl/companyfacts/CIK0002025947.json,2026-07-20T16:28:24,2026-07-20T16:28:25,0.701
TGNT,0000846377,success,8890.0,data\facts\0000846377.parquet,,,2026-07-20T16:28:25,2026-07-20T16:28:26,1.101
TGOPF,0001078716,failed,,,HTTPError,404 Client Error: Not Found for url: https://data.sec.gov/api/xbrl/companyfacts/CIK0001078716.json,2026-07-20T16:28:26,2026-07-20T16:28:27,0.524
TGRGF,0002094900,failed,,,HTTPError,404 Client Error: Not Found for url: https://data.sec.gov/api/xbrl/companyfacts/CIK0002094900.json,2026-07-20T16:28:27,2026-07-20T16:28:28,0.527
TGS,0000931427,success,3493.0,data\facts\0000931427.parquet,,,2026-07-20T16:28:28,2026-07-20T16:28:29,0.658
TGT,0000027419,success,24999.0,data\facts\0000027419.parquet,,,2026-07-20T16:28:29,2026-07-20T16:28:30,1.0
TGTX,0001001316,success,15157.0,data\facts\0001001316.parquet,,,2026-07-20T16:28:30,2026-07-20T16:28:32,1.299
TH,0001712189,success,11167.0,data\facts\0001712189.parquet,,,2026-07-20T16:28:32,2026-07-20T16:28:33,1.155
THARY,0002133810,failed,,,HTTPError,404 Client Error: Not Found for url: https://data.sec.gov/api/xbrl/companyfacts/CIK0002133810.json,2026-07-20T16:28:33,2026-07-20T16:28:34,0.795
THC,0000070318,success,29306.0,data\facts\0000070318.parquet,,,2026-07-20T16:28:35,2026-07-20T16:28:36,1.47
THCH,0001877333,success,2118.0,data\facts\0001877333.parquet,,,2026-07-20T16:28:36,2026-07-20T16:28:37,0.976
THCLY,0002064381,failed,,,HTTPError,404 Client Error: Not Found for url: https://data.sec.gov/api/xbrl/companyfacts/CIK0002064381.json,2026-07-20T16:28:38,2026-07-20T16:28:38,0.813
THFF,0000714562,success,26940.0,data\facts\0000714562.parquet,,,2026-07-20T16:28:39,2026-07-20T16:28:40,1.191
THG,0000944695,success,30297.0,data\facts\0000944695.parquet,,,2026-07-20T16:28:40,2026-07-20T16:28:41,1.129
THH,0002044241,failed,,,HTTPError,404 Client Error: Not Found for url: https://data.sec.gov/api/xbrl/companyfacts/CIK0002044241.json,2026-07-20T16:28:42,2026-07-20T16:28:42,0.536
THM,0001134115,success,10495.0,data\facts\0001134115.parquet,,,2026-07-20T16:28:42,2026-07-20T16:28:43,0.828
THMG,0000711034,success,11773.0,data\facts\0000711034.parquet,,,2026-07-20T16:28:44,2026-07-20T16:28:44,0.717
THO,0000730263,success,23093.0,data\facts\0000730263.parquet,,,2026-07-20T16:28:45,2026-07-20T16:28:46,1.061
THQ,0001604522,failed,,,HTTPError,404 Client Error: Not Found for url: https://data.sec.gov/api/xbrl/companyfacts/CIK0001604522.json,2026-07-20T16:28:46,2026-07-20T16:28:46,0.479
THRM,0000903129,success,20881.0,data\facts\0000903129.parquet,,,2026-07-20T16:28:47,2026-07-20T16:28:48,0.93
THRY,0001556739,success,12412.0,data\facts\0001556739.parquet,,,2026-07-20T16:28:48,2026-07-20T16:28:48,0.677
THSGF,0001832803,failed,,,HTTPError,404 Client Error: Not Found for url: https://data.sec.gov/api/xbrl/companyfacts/CIK0001832803.json,2026-07-20T16:28:49,2026-07-20T16:28:49,0.584
THTG,0002029303,success,719.0,data\facts\0002029303.parquet,,,2026-07-20T16:28:50,2026-07-20T16:28:50,0.537
THURF,0001536811,failed,,,HTTPError,404 Client Error: Not Found for url: https://data.sec.gov/api/xbrl/companyfacts/CIK0001536811.json,2026-07-20T16:28:50,2026-07-20T16:28:51,0.537
THW,0001635977,success,164.0,data\facts\0001635977.parquet,,,2026-07-20T16:28:51,2026-07-20T16:28:52,0.709
THYP,0002090011,success,6.0,data\facts\0002090011.parquet,,,2026-07-20T16:28:52,2026-07-20T16:28:53,0.535
TIC,0002032966,success,1344.0,data\facts\0002032966.parquet,,,2026-07-20T16:28:53,2026-07-20T16:28:54,0.716
TIGCF,0001387473,failed,,,HTTPError,404 Client Error: Not Found for url: https://data.sec.gov/api/xbrl/companyfacts/CIK0001387473.json,2026-07-20T16:28:54,2026-07-20T16:28:55,0.461
TIGO,0000912958,success,5342.0,data\facts\0000912958.parquet,,,2026-07-20T16:28:55,2026-07-20T16:28:55,0.659
TIGR,0001756699,success,3039.0,data\facts\0001756699.parquet,,,2026-07-20T16:28:56,2026-07-20T16:28:56,0.728
TII,0001791703,success,207.0,data\facts\0001791703.parquet,,,2026-07-20T16:28:57,2026-07-20T16:28:57,0.541
TIL,0001789769,success,6039.0,data\facts\0001789769.parquet,,,2026-07-20T16:28:58,2026-07-20T16:28:58,0.866
TILE,0000715787,success,19683.0,data\facts\0000715787.parquet,,,2026-07-20T16:28:59,2026-07-20T16:29:00,0.98
TIMB,0001826168,success,2303.0,data\facts\0001826168.parquet,,,2026-07-20T16:29:00,2026-07-20T16:29:01,0.672
TIPT,0001393726,success,33201.0,data\facts\0001393726.parquet,,,2026-07-20T16:29:01,2026-07-20T16:29:02,1.345
TIRXF,0001782941,success,2886.0,data\facts\0001782941.parquet,,,2026-07-20T16:29:02,2026-07-20T16:29:04,1.017
TISI,0000318833,success,24446.0,data\facts\0000318833.parquet,,,2026-07-20T16:29:04,2026-07-20T16:29:05,1.344
TITN,0001409171,success,20471.0,data\facts\0001409171.parquet,,,2026-07-20T16:29:05,2026-07-20T16:29:06,1.064
TJGC,0001969928,success,342.0,data\facts\0001969928.parquet,,,2026-07-20T16:29:07,2026-07-20T16:29:07,0.534
TJX,0000109198,success,24361.0,data\facts\0000109198.parquet,,,2026-07-20T16:29:08,2026-07-20T16:29:09,1.054
TK,0000911971,success,15692.0,data\facts\0000911971.parquet,,,2026-07-20T16:29:09,2026-07-20T16:29:10,0.784
TKC,0001071321,success,4285.0,data\facts\0001071321.parquet,,,2026-07-20T16:29:10,2026-07-20T16:29:11,0.617
TKCYY,0002066601,failed,,,HTTPError,404 Client Error: Not Found for url: https://data.sec.gov/api/xbrl/companyfacts/CIK0002066601.json,2026-07-20T16:29:11,2026-07-20T16:29:11,0.665
TKDG,0002092287,success,5.0,data\facts\0002092287.parquet,,,2026-07-20T16:29:12,2026-07-20T16:29:12,0.574
TKLF,0001836242,success,3546.0,data\facts\0001836242.parquet,,,2026-07-20T16:29:13,2026-07-20T16:29:13,0.715
TKLS,0001429393,success,14946.0,data\facts\0001429393.parquet,,,2026-07-20T16:29:14,2026-07-20T16:29:15,0.978
TKMSF,0002124215,failed,,,HTTPError,404 Client Error: Not Found for url: https://data.sec.gov/api/xbrl/companyfacts/CIK0002124215.json,2026-07-20T16:29:15,2026-07-20T16:29:15,0.674
TKMTY,0002044863,failed,,,HTTPError,404 Client Error: Not Found for url: https://data.sec.gov/api/xbrl/companyfacts/CIK0002044863.json,2026-07-20T16:29:16,2026-07-20T16:29:16,0.489
TKNO,0001850902,success,6175.0,data\facts\0001850902.parquet,,,2026-07-20T16:29:17,2026-07-20T16:29:17,0.81
TKNZ,0002089855,failed,,,HTTPError,404 Client Error: Not Found for url: https://data.sec.gov/api/xbrl/companyfacts/CIK0002089855.json,2026-07-20T16:29:18,2026-07-20T16:29:18,0.564
TKO,0001973266,success,5302.0,data\facts\0001973266.parquet,,,2026-07-20T16:29:18,2026-07-20T16:29:19,0.626
TKR,0000098362,success,31642.0,data\facts\0000098362.parquet,,,2026-07-20T16:29:19,2026-07-20T16:29:20,1.051
TKRFF,0001368845,failed,,,HTTPError,404 Client Error: Not Found for url: https://data.sec.gov/api/xbrl/companyfacts/CIK0001368845.json,2026-07-20T16:29:21,2026-07-20T16:29:21,0.542
TLAC,0002128462,success,42.0,data\facts\0002128462.parquet,,,2026-07-20T16:29:22,2026-07-20T16:29:22,0.709
TLF,0000909724,success,18245.0,data\facts\0000909724.parquet,,,2026-07-20T16:29:23,2026-07-20T16:29:23,0.884
TLIH,0001982012,success,705.0,data\facts\0001982012.parquet,,,2026-07-20T16:29:24,2026-07-20T16:29:24,0.652
TLK,0001001807,success,4270.0,data\facts\0001001807.parquet,,,2026-07-20T16:29:25,2026-07-20T16:29:25,0.618
TLN,0001622536,success,7070.0,data\facts\0001622536.parquet,,,2026-07-20T16:29:25,2026-07-20T16:29:26,0.775
TLNC,0002073340,success,262.0,data\facts\0002073340.parquet,,,2026-07-20T16:29:27,2026-07-20T16:29:27,0.592
TLPH,0001427925,success,14742.0,data\facts\0001427925.parquet,,,2026-07-20T16:29:27,2026-07-20T16:29:28,0.921
TLRY,0001731348,success,12693.0,data\facts\0001731348.parquet,,,2026-07-20T16:29:29,2026-07-20T16:29:29,0.717
TLS,0000320121,success,19203.0,data\facts\0000320121.parquet,,,2026-07-20T16:29:30,2026-07-20T16:29:30,0.902
TLSA,0001723069,success,2000.0,data\facts\0001723069.parquet,,,2026-07-20T16:29:31,2026-07-20T16:29:31,0.633
TLSI,0001826667,success,4496.0,data\facts\0001826667.parquet,,,2026-07-20T16:29:32,2026-07-20T16:29:32,0.809
TLSS,0001463208,success,11768.0,data\facts\0001463208.parquet,,,2026-07-20T16:29:33,2026-07-20T16:29:34,0.824
TLTFF,0000923883,failed,,,HTTPError,404 Client Error: Not Found for url: https://data.sec.gov/api/xbrl/companyfacts/CIK0000923883.json,2026-07-20T16:29:34,2026-07-20T16:29:34,0.608
TLX,0002007191,success,975.0,data\facts\0002007191.parquet,,,2026-07-20T16:29:35,2026-07-20T16:29:35,0.526
TLYS,0001524025,success,17323.0,data\facts\0001524025.parquet,,,2026-07-20T16:29:36,2026-07-20T16:29:36,0.943
TM,0001094517,success,11223.0,data\facts\0001094517.parquet,,,2026-07-20T16:29:37,2026-07-20T16:29:38,0.757
TMC,0001798562,success,3791.0,data\facts\0001798562.parquet,,,2026-07-20T16:29:38,2026-07-20T16:29:38,0.705
TMCI,0001630627,success,6225.0,data\facts\0001630627.parquet,,,2026-07-20T16:29:39,2026-07-20T16:29:39,0.666
TMCR,0002087398,success,10.0,data\facts\0002087398.parquet,,,2026-07-20T16:29:40,2026-07-20T16:29:40,0.626
TMDE,0002009714,success,1019.0,data\facts\0002009714.parquet,,,2026-07-20T16:29:41,2026-07-20T16:29:41,0.65
TMDX,0001756262,success,8290.0,data\facts\0001756262.parquet,,,2026-07-20T16:29:41,2026-07-20T16:29:42,0.666
TME,0001744676,success,3166.0,data\facts\0001744676.parquet,,,2026-07-20T16:29:42,2026-07-20T16:29:43,0.649
TMGI,0001434601,success,10577.0,data\facts\0001434601.parquet,,,2026-07-20T16:29:43,2026-07-20T16:29:44,0.725
TMHC,0001562476,success,21228.0,data\facts\0001562476.parquet,,,2026-07-20T16:29:44,2026-07-20T16:29:45,0.858
TMKVY,0002073901,failed,,,HTTPError,404 Client Error: Not Found for url: https://data.sec.gov/api/xbrl/companyfacts/CIK0002073901.json,2026-07-20T16:29:45,2026-07-20T16:29:46,0.55
TMO,0000097745,success,34291.0,data\facts\0000097745.parquet,,,2026-07-20T16:29:46,2026-07-20T16:29:48,1.337
TMP,0001005817,success,35800.0,data\facts\0001005817.parquet,,,2026-07-20T16:29:48,2026-07-20T16:29:49,1.249
TMQ,0001543418,success,11129.0,data\facts\0001543418.parquet,,,2026-07-20T16:29:49,2026-07-20T16:29:50,0.67
TMRC,0001445942,success,7558.0,data\facts\0001445942.parquet,,,2026-07-20T16:29:50,2026-07-20T16:29:51,0.862
TMS,0002048951,success,705.0,data\facts\0002048951.parquet,,,2026-07-20T16:29:52,2026-07-20T16:29:52,0.691
TMTNY,0002072098,failed,,,HTTPError,404 Client Error: Not Found for url: https://data.sec.gov/api/xbrl/companyfacts/CIK0002072098.json,2026-07-20T16:29:53,2026-07-20T16:29:53,0.623
TMTS,0002097364,success,86.0,data\facts\0002097364.parquet,,,2026-07-20T16:29:53,2026-07-20T16:29:54,0.687
TMUS,0001283699,success,29226.0,data\facts\0001283699.parquet,,,2026-07-20T16:29:54,2026-07-20T16:29:55,1.075
TNBI,0001452011,success,2491.0,data\facts\0001452011.parquet,,,2026-07-20T16:29:56,2026-07-20T16:29:56,0.566
TNC,0000097134,success,25406.0,data\facts\0000097134.parquet,,,2026-07-20T16:29:57,2026-07-20T16:29:57,0.949
TNDM,0001438133,success,15740.0,data\facts\0001438133.parquet,,,2026-07-20T16:29:58,2026-07-20T16:29:58,0.685
TNET,0000937098,success,18929.0,data\facts\0000937098.parquet,,,2026-07-20T16:29:59,2026-07-20T16:30:00,0.877
TNGX,0001819133,success,5075.0,data\facts\0001819133.parquet,,,2026-07-20T16:30:00,2026-07-20T16:30:00,0.541
TNK,0001419945,success,9434.0,data\facts\0001419945.parquet,,,2026-07-20T16:30:01,2026-07-20T16:30:02,0.884
TNL,0001361658,success,31933.0,data\facts\0001361658.parquet,,,2026-07-20T16:30:02,2026-07-20T16:30:03,0.956
TNMG,0002013186,success,599.0,data\facts\0002013186.parquet,,,2026-07-20T16:30:03,2026-07-20T16:30:04,0.75
TNON,0001560293,success,4126.0,data\facts\0001560293.parquet,,,2026-07-20T16:30:04,2026-07-20T16:30:05,0.626
TNXP,0001430306,success,12748.0,data\facts\0001430306.parquet,,,2026-07-20T16:30:05,2026-07-20T16:30:06,0.784
TNYA,0001858848,success,4468.0,data\facts\0001858848.parquet,,,2026-07-20T16:30:06,2026-07-20T16:30:07,0.553
TNYZF,0001836775,failed,,,HTTPError,404 Client Error: Not Found for url: https://data.sec.gov/api/xbrl/companyfacts/CIK0001836775.json,2026-07-20T16:30:07,2026-07-20T16:30:07,0.612
TOFB,0000730349,success,9733.0,data\facts\0000730349.parquet,,,2026-07-20T16:30:08,2026-07-20T16:30:09,0.833
TOGI,0001349706,success,3682.0,data\facts\0001349706.parquet,,,2026-07-20T16:30:09,2026-07-20T16:30:10,0.742
TOI,0001799191,success,8063.0,data\facts\0001799191.parquet,,,2026-07-20T16:30:10,2026-07-20T16:30:10,0.638
TOL,0000794170,success,25196.0,data\facts\0000794170.parquet,,,2026-07-20T16:30:11,2026-07-20T16:30:12,0.972
TOMYF,0001826779,failed,,,HTTPError,404 Client Error: Not Found for url: https://data.sec.gov/api/xbrl/companyfacts/CIK0001826779.json,2026-07-20T16:30:12,2026-07-20T16:30:12,0.472
TOMZ,0000314227,success,15792.0,data\facts\0000314227.parquet,,,2026-07-20T16:30:13,2026-07-20T16:30:14,0.86
TONX,0001566610,success,12219.0,data\facts\0001566610.parquet,,,2026-07-20T16:30:14,2026-07-20T16:30:15,0.78
TOON,0001355848,success,18106.0,data\facts\0001355848.parquet,,,2026-07-20T16:30:15,2026-07-20T16:30:16,0.929
TOP,0001848275,success,2003.0,data\facts\0001848275.parquet,,,2026-07-20T16:30:16,2026-07-20T16:30:17,0.557
TOPP,0001960847,success,1556.0,data\facts\0001960847.parquet,,,2026-07-20T16:30:17,2026-07-20T16:30:18,0.643
TOPS,0001296484,success,7644.0,data\facts\0001296484.parquet,,,2026-07-20T16:30:18,2026-07-20T16:30:19,0.77
TORO,0001941131,success,1842.0,data\facts\0001941131.parquet,,,2026-07-20T16:30:19,2026-07-20T16:30:20,0.679
TOST,0001650164,success,7649.0,data\facts\0001650164.parquet,,,2026-07-20T16:30:20,2026-07-20T16:30:21,0.788
TOUR,0001597095,success,7035.0,data\facts\0001597095.parquet,,,2026-07-20T16:30:21,2026-07-20T16:30:22,0.819
TOVX,0000894158,success,13672.0,data\facts\0000894158.parquet,,,2026-07-20T16:30:22,2026-07-20T16:30:23,0.792
TOXR,0002028835,success,162.0,data\facts\0002028835.parquet,,,2026-07-20T16:30:23,2026-07-20T16:30:24,0.65
TOYO,0001985273,success,1157.0,data\facts\0001985273.parquet,,,2026-07-20T16:30:24,2026-07-20T16:30:25,0.586
TP,0002104296,success,5.0,data\facts\0002104296.parquet,,,2026-07-20T16:30:25,2026-07-20T16:30:25,0.577
TPB,0001290677,success,16131.0,data\facts\0001290677.parquet,,,2026-07-20T16:30:26,2026-07-20T16:30:27,0.986
TPC,0000077543,success,22555.0,data\facts\0000077543.parquet,,,2026-07-20T16:30:27,2026-07-20T16:30:28,1.276
TPCS,0001328792,success,16262.0,data\facts\0001328792.parquet,,,2026-07-20T16:30:29,2026-07-20T16:30:30,1.072
TPET,0001898766,success,3557.0,data\facts\0001898766.parquet,,,2026-07-20T16:30:30,2026-07-20T16:30:31,0.767
TPG,0001880661,success,5810.0,data\facts\0001880661.parquet,,,2026-07-20T16:30:31,2026-07-20T16:30:32,0.809
TPHS,0000724742,success,15445.0,data\facts\0000724742.parquet,,,2026-07-20T16:30:32,2026-07-20T16:30:34,1.32
TPICQ,0001455684,success,14876.0,data\facts\0001455684.parquet,,,2026-07-20T16:30:34,2026-07-20T16:30:35,1.236
TPL,0001811074,success,6727.0,data\facts\0001811074.parquet,,,2026-07-20T16:30:35,2026-07-20T16:30:36,0.896
TPR,0001116132,success,25289.0,data\facts\0001116132.parquet,,,2026-07-20T16:30:37,2026-07-20T16:30:38,1.418
TPST,0001544227,success,12029.0,data\facts\0001544227.parquet,,,2026-07-20T16:30:38,2026-07-20T16:30:40,1.22
TPTS,0001674356,success,9100.0,data\facts\0001674356.parquet,,,2026-07-20T16:30:40,2026-07-20T16:30:41,1.065
TPVG,0001580345,success,5507.0,data\facts\0001580345.parquet,,,2026-07-20T16:30:41,2026-07-20T16:30:42,1.15
TPZEY,0002073655,failed,,,HTTPError,404 Client Error: Not Found for url: https://data.sec.gov/api/xbrl/companyfacts/CIK0002073655.json,2026-07-20T16:30:43,2026-07-20T16:30:43,0.665
TR,0000098677,success,21657.0,data\facts\0000098677.parquet,,,2026-07-20T16:30:44,2026-07-20T16:30:45,1.322
TRAD,0002085485,success,148.0,data\facts\0002085485.parquet,,,2026-07-20T16:30:45,2026-07-20T16:30:46,0.677
TRAK,0000050471,success,14202.0,data\facts\0000050471.parquet,,,2026-07-20T16:30:46,2026-07-20T16:30:48,1.201
TRAW,0001130598,success,10490.0,data\facts\0001130598.parquet,,,2026-07-20T16:30:48,2026-07-20T16:30:49,0.969
TRAX,0002091349,success,123.0,data\facts\0002091349.parquet,,,2026-07-20T16:30:49,2026-07-20T16:30:50,0.749
TRBG,0002088375,failed,,,HTTPError,404 Client Error: Not Found for url: https://data.sec.gov/api/xbrl/companyfacts/CIK0002088375.json,2026-07-20T16:30:50,2026-07-20T16:30:51,0.959
TRBMF,0001406944,failed,,,HTTPError,404 Client Error: Not Found for url: https://data.sec.gov/api/xbrl/companyfacts/CIK0001406944.json,2026-07-20T16:30:51,2026-07-20T16:30:52,0.674
TRC,0000096869,success,17889.0,data\facts\0000096869.parquet,,,2026-07-20T16:30:52,2026-07-20T16:30:54,1.343
TRCK,0001045942,success,18852.0,data\facts\0001045942.parquet,,,2026-07-20T16:30:54,2026-07-20T16:30:55,0.979
TRDA,0001689375,success,4652.0,data\facts\0001689375.parquet,,,2026-07-20T16:30:55,2026-07-20T16:30:56,1.042
TREE,0001434621,success,22142.0,data\facts\0001434621.parquet,,,2026-07-20T16:30:57,2026-07-20T16:30:58,1.176
TREX,0001069878,success,16345.0,data\facts\0001069878.parquet,,,2026-07-20T16:30:58,2026-07-20T16:30:59,1.04
TRGEF,0001989815,failed,,,HTTPError,404 Client Error: Not Found for url: https://data.sec.gov/api/xbrl/companyfacts/CIK0001989815.json,2026-07-20T16:31:00,2026-07-20T16:31:00,0.81
TRGP,0001389170,success,25485.0,data\facts\0001389170.parquet,,,2026-07-20T16:31:01,2026-07-20T16:31:02,1.065
TRGS,0002098780,success,61.0,data\facts\0002098780.parquet,,,2026-07-20T16:31:02,2026-07-20T16:31:03,0.774
TRGXF,0001861479,failed,,,HTTPError,404 Client Error: Not Found for url: https://data.sec.gov/api/xbrl/companyfacts/CIK0001861479.json,2026-07-20T16:31:03,2026-07-20T16:31:04,0.89
TRI,0001075124,success,8320.0,data\facts\0001075124.parquet,,,2026-07-20T16:31:04,2026-07-20T16:31:05,1.006
TRIB,0000888721,success,4591.0,data\facts\0000888721.parquet,,,2026-07-20T16:31:06,2026-07-20T16:31:07,0.941
TRIN,0001786108,success,4260.0,data\facts\0001786108.parquet,,,2026-07-20T16:31:07,2026-07-20T16:31:08,1.17
TRIP,0001526520,success,20510.0,data\facts\0001526520.parquet,,,2026-07-20T16:31:08,2026-07-20T16:31:09,1.065
TRLC,0001550453,success,7529.0,data\facts\0001550453.parquet,,,2026-07-20T16:31:10,2026-07-20T16:31:11,1.092
TRLEF,0001648636,success,8918.0,data\facts\0001648636.parquet,,,2026-07-20T16:31:11,2026-07-20T16:31:12,1.025
TRLV,0001754195,success,9726.0,data\facts\0001754195.parquet,,,2026-07-20T16:31:13,2026-07-20T16:31:14,1.217
TRMB,0000864749,success,25173.0,data\facts\0000864749.parquet,,,2026-07-20T16:31:14,2026-07-20T16:31:16,1.417
TRMD,0001655891,success,7022.0,data\facts\0001655891.parquet,,,2026-07-20T16:31:16,2026-07-20T16:31:17,1.048
TRMK,0000036146,success,33871.0,data\facts\0000036146.parquet,,,2026-07-20T16:31:17,2026-07-20T16:31:19,1.484
TRMOY,0002071881,failed,,,HTTPError,404 Client Error: Not Found for url: https://data.sec.gov/api/xbrl/companyfacts/CIK0002071881.json,2026-07-20T16:31:19,2026-07-20T16:31:20,0.867
TRN,0000099780,success,31692.0,data\facts\0000099780.parquet,,,2026-07-20T16:31:20,2026-07-20T16:31:22,1.476
TRNO,0001476150,success,16659.0,data\facts\0001476150.parquet,,,2026-07-20T16:31:22,2026-07-20T16:31:23,1.365
TRNR,0001785056,success,4868.0,data\facts\0001785056.parquet,,,2026-07-20T16:31:24,2026-07-20T16:31:25,0.99
TRNS,0000099302,success,17431.0,data\facts\0000099302.parquet,,,2026-07-20T16:31:25,2026-07-20T16:31:26,1.139
TRON,0001956744,success,2208.0,data\facts\0001956744.parquet,,,2026-07-20T16:31:27,2026-07-20T16:31:28,0.923
TROO,0001412095,success,6182.0,data\facts\0001412095.parquet,,,2026-07-20T16:31:28,2026-07-20T16:31:29,0.848
TROW,0001113169,success,19406.0,data\facts\0001113169.parquet,,,2026-07-20T16:31:29,2026-07-20T16:31:30,1.202
TROX,0001530804,success,24303.0,data\facts\0001530804.parquet,,,2026-07-20T16:31:31,2026-07-20T16:31:32,1.279
TRP,0001232384,success,9291.0,data\facts\0001232384.parquet,,,2026-07-20T16:31:32,2026-07-20T16:31:33,0.83
TRS,0000842633,success,21179.0,data\facts\0000842633.parquet,,,2026-07-20T16:31:33,2026-07-20T16:31:34,1.154
TRSG,0001943444,success,1850.0,data\facts\0001943444.parquet,,,2026-07-20T16:31:35,2026-07-20T16:31:36,0.758
TRSO,0001758699,success,2807.0,data\facts\0001758699.parquet,,,2026-07-20T16:31:36,2026-07-20T16:31:37,1.079
TRST,0000357301,success,26751.0,data\facts\0000357301.parquet,,,2026-07-20T16:31:37,2026-07-20T16:31:39,1.366
TRT,0000732026,success,25506.0,data\facts\0000732026.parquet,,,2026-07-20T16:31:39,2026-07-20T16:31:40,1.212
TRTN-PA,0001660734,success,12586.0,data\facts\0001660734.parquet,,,2026-07-20T16:31:41,2026-07-20T16:31:42,1.107
TRTX,0001630472,success,10607.0,data\facts\0001630472.parquet,,,2026-07-20T16:31:42,2026-07-20T16:31:43,1.229
TRU,0001552033,success,22668.0,data\facts\0001552033.parquet,,,2026-07-20T16:31:43,2026-07-20T16:31:45,1.131
TRUFF,0001836747,failed,,,HTTPError,404 Client Error: Not Found for url: https://data.sec.gov/api/xbrl/companyfacts/CIK0001836747.json,2026-07-20T16:31:45,2026-07-20T16:31:46,0.666
TRUG,0001857086,success,3630.0,data\facts\0001857086.parquet,,,2026-07-20T16:31:46,2026-07-20T16:31:47,0.903
TRUP,0001371285,success,15613.0,data\facts\0001371285.parquet,,,2026-07-20T16:31:47,2026-07-20T16:31:48,1.108
TRV,0000086312,success,29102.0,data\facts\0000086312.parquet,,,2026-07-20T16:31:48,2026-07-20T16:31:50,1.306
TRVG,0001683825,success,5211.0,data\facts\0001683825.parquet,,,2026-07-20T16:31:50,2026-07-20T16:31:51,1.016
TRVI,0001563880,success,6535.0,data\facts\0001563880.parquet,,,2026-07-20T16:31:51,2026-07-20T16:31:52,0.931
TRWD,0001916558,success,1714.0,data\facts\0001916558.parquet,,,2026-07-20T16:31:53,2026-07-20T16:31:53,0.74
TRX,0001173643,success,3517.0,data\facts\0001173643.parquet,,,2026-07-20T16:31:54,2026-07-20T16:31:55,1.11
TRXA,0001437750,success,5089.0,data\facts\0001437750.parquet,,,2026-07-20T16:31:55,2026-07-20T16:31:56,0.842
TS,0001190723,success,4361.0,data\facts\0001190723.parquet,,,2026-07-20T16:31:56,2026-07-20T16:31:57,0.99
TSAT,0001845840,success,2942.0,data\facts\0001845840.parquet,,,2026-07-20T16:31:58,2026-07-20T16:31:58,0.715
TSBK,0001046050,success,33194.0,data\facts\0001046050.parquet,,,2026-07-20T16:31:59,2026-07-20T16:32:00,1.586
TSCFY,0001555815,failed,,,HTTPError,404 Client Error: Not Found for url: https://data.sec.gov/api/xbrl/companyfacts/CIK0001555815.json,2026-07-20T16:32:01,2026-07-20T16:32:01,0.831
TSCO,0000916365,success,21296.0,data\facts\0000916365.parquet,,,2026-07-20T16:32:02,2026-07-20T16:32:03,1.014
TSEM,0000928876,success,15765.0,data\facts\0000928876.parquet,,,2026-07-20T16:32:03,2026-07-20T16:32:04,1.122
TSEOQ,0001519061,success,19038.0,data\facts\0001519061.parquet,,,2026-07-20T16:32:04,2026-07-20T16:32:06,1.234
TSHA,0001806310,success,5077.0,data\facts\0001806310.parquet,,,2026-07-20T16:32:06,2026-07-20T16:32:07,0.949
TSI,0000809559,failed,,,ValueError,Company Facts에서 facts 데이터를 찾지 못했습니다.,2026-07-20T16:32:07,2026-07-20T16:32:08,0.814
TSKFF,0001803800,failed,,,HTTPError,404 Client Error: Not Found for url: https://data.sec.gov/api/xbrl/companyfacts/CIK0001803800.json,2026-07-20T16:32:08,2026-07-20T16:32:09,0.659
TSLA,0001318605,success,23748.0,data\facts\0001318605.parquet,,,2026-07-20T16:32:09,2026-07-20T16:32:11,1.443
TSLVF,0001852753,failed,,,HTTPError,404 Client Error: Not Found for url: https://data.sec.gov/api/xbrl/companyfacts/CIK0001852753.json,2026-07-20T16:32:11,2026-07-20T16:32:12,0.921
TSLX,0001508655,success,5226.0,data\facts\0001508655.parquet,,,2026-07-20T16:32:12,2026-07-20T16:32:14,1.121
TSM,0001046179,success,5981.0,data\facts\0001046179.parquet,,,2026-07-20T16:32:14,2026-07-20T16:32:15,0.899
TSN,0000100493,success,23276.0,data\facts\0000100493.parquet,,,2026-07-20T16:32:15,2026-07-20T16:32:17,1.592
TSNDF,0001778129,success,7976.0,data\facts\0001778129.parquet,,,2026-07-20T16:32:17,2026-07-20T16:32:18,0.965
TSOL,0002028834,success,104.0,data\facts\0002028834.parquet,,,2026-07-20T16:32:18,2026-07-20T16:32:19,0.953
TSPH,0001823593,success,3330.0,data\facts\0001823593.parquet,,,2026-07-20T16:32:20,2026-07-20T16:32:21,1.011
TSQ,0001499832,success,17373.0,data\facts\0001499832.parquet,,,2026-07-20T16:32:21,2026-07-20T16:32:22,1.078
TSSI,0001320760,success,15222.0,data\facts\0001320760.parquet,,,2026-07-20T16:32:22,2026-07-20T16:32:24,1.18
TSUI,0002061626,success,58.0,data\facts\0002061626.parquet,,,2026-07-20T16:32:24,2026-07-20T16:32:25,0.653
TT,0001466258,success,28537.0,data\facts\0001466258.parquet,,,2026-07-20T16:32:25,2026-07-20T16:32:26,1.403
TTAM,0002035304,success,1077.0,data\facts\0002035304.parquet,,,2026-07-20T16:32:27,2026-07-20T16:32:27,0.765
TTAN,0001638826,success,2628.0,data\facts\0001638826.parquet,,,2026-07-20T16:32:28,2026-07-20T16:32:28,0.761
TTC,0000737758,success,24799.0,data\facts\0000737758.parquet,,,2026-07-20T16:32:29,2026-07-20T16:32:30,1.236
TTD,0001671933,success,10552.0,data\facts\0001671933.parquet,,,2026-07-20T16:32:30,2026-07-20T16:32:31,0.858
TTE,0000879764,success,9523.0,data\facts\0000879764.parquet,,,2026-07-20T16:32:31,2026-07-20T16:32:33,1.14
TTEC,0001013880,success,26380.0,data\facts\0001013880.parquet,,,2026-07-20T16:32:33,2026-07-20T16:32:34,1.217
TTEK,0000831641,success,23794.0,data\facts\0000831641.parquet,,,2026-07-20T16:32:34,2026-07-20T16:32:36,1.356
TTGT,0002018064,success,2400.0,data\facts\0002018064.parquet,,,2026-07-20T16:32:36,2026-07-20T16:32:37,0.819
TTI,0000844965,success,25693.0,data\facts\0000844965.parquet,,,2026-07-20T16:32:37,2026-07-20T16:32:39,1.366
TTIPF,0001877778,failed,,,HTTPError,404 Client Error: Not Found for url: https://data.sec.gov/api/xbrl/companyfacts/CIK0001877778.json,2026-07-20T16:32:39,2026-07-20T16:32:40,0.69
TTMI,0001116942,success,23403.0,data\facts\0001116942.parquet,,,2026-07-20T16:32:40,2026-07-20T16:32:41,1.311
TTRX,0002023016,success,543.0,data\facts\0002023016.parquet,,,2026-07-20T16:32:42,2026-07-20T16:32:42,0.809
TTSH,0001552800,success,15797.0,data\facts\0001552800.parquet,,,2026-07-20T16:32:43,2026-07-20T16:32:44,1.13
TTWO,0000946581,success,21835.0,data\facts\0000946581.parquet,,,2026-07-20T16:32:44,2026-07-20T16:32:45,1.079
TU,0000868675,success,8119.0,data\facts\0000868675.parquet,,,2026-07-20T16:32:46,2026-07-20T16:32:46,0.792
TUFBY,0001562296,failed,,,HTTPError,404 Client Error: Not Found for url: https://data.sec.gov/api/xbrl/companyfacts/CIK0001562296.json,2026-07-20T16:32:47,2026-07-20T16:32:48,0.922
TULP,0000875355,success,16215.0,data\facts\0000875355.parquet,,,2026-07-20T16:32:48,2026-07-20T16:32:49,1.035
TUNGF,0002049560,failed,,,HTTPError,404 Client Error: Not Found for url: https://data.sec.gov/api/xbrl/companyfacts/CIK0002049560.json,2026-07-20T16:32:49,2026-07-20T16:32:50,0.703
TURB,0001963439,success,1402.0,data\facts\0001963439.parquet,,,2026-07-20T16:32:50,2026-07-20T16:32:51,0.973
TUSK,0001679268,success,16374.0,data\facts\0001679268.parquet,,,2026-07-20T16:32:52,2026-07-20T16:32:53,1.054
TUTH,0001178660,failed,,,HTTPError,404 Client Error: Not Found for url: https://data.sec.gov/api/xbrl/companyfacts/CIK0001178660.json,2026-07-20T16:32:53,2026-07-20T16:32:54,0.76
TUYA,0001829118,success,2491.0,data\facts\0001829118.parquet,,,2026-07-20T16:32:54,2026-07-20T16:32:55,0.798
TV,0000912892,success,3789.0,data\facts\0000912892.parquet,,,2026-07-20T16:32:55,2026-07-20T16:32:56,0.919
TVA,0002033991,success,376.0,data\facts\0002033991.parquet,,,2026-07-20T16:32:56,2026-07-20T16:32:57,0.774
TVAI,0001872228,success,465.0,data\facts\0001872228.parquet,,,2026-07-20T16:32:57,2026-07-20T16:32:58,0.8
TVCN,0001952670,success,173.0,data\facts\0001952670.parquet,,,2026-07-20T16:32:59,2026-07-20T16:32:59,0.828
TVE,0001376986,success,21224.0,data\facts\0001376986.parquet,,,2026-07-20T16:33:00,2026-07-20T16:33:01,1.162
TVGN,0001860871,success,2364.0,data\facts\0001860871.parquet,,,2026-07-20T16:33:01,2026-07-20T16:33:02,0.891
TVIV,0002096755,success,1.0,data\facts\0002096755.parquet,,,2026-07-20T16:33:02,2026-07-20T16:33:03,0.803
TVRD,0001346830,success,13484.0,data\facts\0001346830.parquet,,,2026-07-20T16:33:03,2026-07-20T16:33:04,1.009
TVTX,0001438533,success,20067.0,data\facts\0001438533.parquet,,,2026-07-20T16:33:05,2026-07-20T16:33:06,1.016
TW,0001758730,success,10135.0,data\facts\0001758730.parquet,,,2026-07-20T16:33:06,2026-07-20T16:33:07,0.899
TWAV,0000746210,success,15718.0,data\facts\0000746210.parquet,,,2026-07-20T16:33:07,2026-07-20T16:33:08,1.1
TWFG,0002007596,success,2612.0,data\facts\0002007596.parquet,,,2026-07-20T16:33:09,2026-07-20T16:33:10,1.035
TWG,0001978057,success,568.0,data\facts\0001978057.parquet,,,2026-07-20T16:33:10,2026-07-20T16:33:11,0.798
TWI,0000899751,success,31507.0,data\facts\0000899751.parquet,,,2026-07-20T16:33:11,2026-07-20T16:33:13,1.59
TWIN,0000100378,success,21160.0,data\facts\0000100378.parquet,,,2026-07-20T16:33:13,2026-07-20T16:33:14,1.414
TWLO,0001447669,success,15130.0,data\facts\0001447669.parquet,,,2026-07-20T16:33:15,2026-07-20T16:33:16,0.97
TWLV,0002052243,success,147.0,data\facts\0002052243.parquet,,,2026-07-20T16:33:16,2026-07-20T16:33:17,0.831
TWN,0000804123,failed,,,ValueError,Company Facts에서 facts 데이터를 찾지 못했습니다.,2026-07-20T16:33:17,2026-07-20T16:33:18,0.653
TWNPQ,0002011954,success,1157.0,data\facts\0002011954.parquet,,,2026-07-20T16:33:18,2026-07-20T16:33:19,0.855
TWO,0001465740,success,35287.0,data\facts\0001465740.parquet,,,2026-07-20T16:33:19,2026-07-20T16:33:21,1.426
TWOH,0001494413,success,8920.0,data\facts\0001494413.parquet,,,2026-07-20T16:33:21,2026-07-20T16:33:22,0.997
TWOSF,0000877028,failed,,,HTTPError,404 Client Error: Not Found for url: https://data.sec.gov/api/xbrl/companyfacts/CIK0000877028.json,2026-07-20T16:33:22,2026-07-20T16:33:23,0.902
TWST,0001581280,success,10648.0,data\facts\0001581280.parquet,,,2026-07-20T16:33:24,2026-07-20T16:33:25,1.011
TX,0001342874,success,4909.0,data\facts\0001342874.parquet,,,2026-07-20T16:33:25,2026-07-20T16:33:26,1.21
TXG,0001770787,success,9218.0,data\facts\0001770787.parquet,,,2026-07-20T16:33:26,2026-07-20T16:33:28,1.173
TXMD,0000025743,success,14191.0,data\facts\0000025743.parquet,,,2026-07-20T16:33:28,2026-07-20T16:33:29,1.247
TXN,0000097476,success,24170.0,data\facts\0000097476.parquet,,,2026-07-20T16:33:30,2026-07-20T16:33:31,1.224
TXNM,0001108426,success,27922.0,data\facts\0001108426.parquet,,,2026-07-20T16:33:31,2026-07-20T16:33:33,1.676
TXO,0001559432,success,3431.0,data\facts\0001559432.parquet,,,2026-07-20T16:33:33,2026-07-20T16:33:34,1.193
TXRH,0001289460,success,20372.0,data\facts\0001289460.parquet,,,2026-07-20T16:33:35,2026-07-20T16:33:36,1.513
TXRP,0001133798,success,5153.0,data\facts\0001133798.parquet,,,2026-07-20T16:33:36,2026-07-20T16:33:38,1.062
TXT,0000217346,success,23121.0,data\facts\0000217346.parquet,,,2026-07-20T16:33:38,2026-07-20T16:33:39,1.102
TY,0000099614,failed,,,ValueError,Company Facts에서 facts 데이터를 찾지 못했습니다.,2026-07-20T16:33:39,2026-07-20T16:33:40,0.866
TYFG,0001725262,success,1863.0,data\facts\0001725262.parquet,,,2026-07-20T16:33:40,2026-07-20T16:33:41,0.891
TYG,0001268533,success,86.0,data\facts\0001268533.parquet,,,2026-07-20T16:33:42,2026-07-20T16:33:42,0.806
TYGO,0001855447,success,5338.0,data\facts\0001855447.parquet,,,2026-07-20T16:33:43,2026-07-20T16:33:44,0.879
TYL,0000860731,success,19981.0,data\facts\0000860731.parquet,,,2026-07-20T16:33:44,2026-07-20T16:33:45,1.25
TYOEY,0002128619,failed,,,HTTPError,404 Client Error: Not Found for url: https://data.sec.gov/api/xbrl/companyfacts/CIK0002128619.json,2026-07-20T16:33:46,2026-07-20T16:33:46,0.699
TYRA,0001863127,success,4339.0,data\facts\0001863127.parquet,,,2026-07-20T16:33:47,2026-07-20T16:33:48,1.142
TYTMF,0001447101,failed,,,HTTPError,404 Client Error: Not Found for url: https://data.sec.gov/api/xbrl/companyfacts/CIK0001447101.json,2026-07-20T16:33:48,2026-07-20T16:33:49,0.75
TZOO,0001133311,success,20992.0,data\facts\0001133311.parquet,,,2026-07-20T16:33:49,2026-07-20T16:33:50,1.066
U,0001810806,success,8088.0,data\facts\0001810806.parquet,,,2026-07-20T16:33:50,2026-07-20T16:33:51,0.974
UAA,0001336917,success,21094.0,data\facts\0001336917.parquet,,,2026-07-20T16:33:52,2026-07-20T16:33:53,1.236
UAC,0002098669,success,123.0,data\facts\0002098669.parquet,,,2026-07-20T16:33:53,2026-07-20T16:33:54,0.879
UAL,0000100517,success,23516.0,data\facts\0000100517.parquet,,,2026-07-20T16:33:55,2026-07-20T16:33:56,1.236
UAMY,0000101538,success,16406.0,data\facts\0000101538.parquet,,,2026-07-20T16:33:56,2026-07-20T16:33:57,1.164
UAN,0001425292,success,14799.0,data\facts\0001425292.parquet,,,2026-07-20T16:33:58,2026-07-20T16:33:59,1.035
UATCY,0002084585,failed,,,HTTPError,404 Client Error: Not Found for url: https://data.sec.gov/api/xbrl/companyfacts/CIK0002084585.json,2026-07-20T16:33:59,2026-07-20T16:34:00,0.701
UAVS,0000008504,success,17588.0,data\facts\0000008504.parquet,,,2026-07-20T16:34:00,2026-07-20T16:34:01,1.151
UBCP,0000731653,success,25028.0,data\facts\0000731653.parquet,,,2026-07-20T16:34:01,2026-07-20T16:34:03,1.379
UBER,0001543151,success,13239.0,data\facts\0001543151.parquet,,,2026-07-20T16:34:03,2026-07-20T16:34:04,1.133
UBOH,0001087456,success,17380.0,data\facts\0001087456.parquet,,,2026-07-20T16:34:05,2026-07-20T16:34:06,1.078
UBS,0001610520,success,8954.0,data\facts\0001610520.parquet,,,2026-07-20T16:34:06,2026-07-20T16:34:07,1.015
UBSI,0000729986,success,40911.0,data\facts\0000729986.parquet,,,2026-07-20T16:34:07,2026-07-20T16:34:09,1.541
UBXG,0001888525,success,1218.0,data\facts\0001888525.parquet,,,2026-07-20T16:34:09,2026-07-20T16:34:10,1.039
UBYHD,0000787496,success,670.0,data\facts\0000787496.parquet,,,2026-07-20T16:34:11,2026-07-20T16:34:11,0.744
UCAR,0001939780,success,3337.0,data\facts\0001939780.parquet,,,2026-07-20T16:34:12,2026-07-20T16:34:12,0.794
UCASU,0001723517,success,358.0,data\facts\0001723517.parquet,,,2026-07-20T16:34:13,2026-07-20T16:34:14,0.948
UCB,0000857855,success,37256.0,data\facts\0000857855.parquet,,,2026-07-20T16:34:14,2026-07-20T16:34:15,1.433
UCFI,0001901203,success,1225.0,data\facts\0001901203.parquet,,,2026-07-20T16:34:16,2026-07-20T16:34:17,0.784
UCL,0001775898,success,3173.0,data\facts\0001775898.parquet,,,2026-07-20T16:34:17,2026-07-20T16:34:18,1.039
UCLE,0001543623,success,10769.0,data\facts\0001543623.parquet,,,2026-07-20T16:34:18,2026-07-20T16:34:19,0.983
UCTT,0001275014,success,19460.0,data\facts\0001275014.parquet,,,2026-07-20T16:34:20,2026-07-20T16:34:21,1.399
UDN,0001383149,success,8953.0,data\facts\0001383149.parquet,,,2026-07-20T16:34:21,2026-07-20T16:34:23,1.263
UDR,0000074208,success,27047.0,data\facts\0000074208.parquet,,,2026-07-20T16:34:23,2026-07-20T16:34:24,1.356
UE,0001611547,success,17013.0,data\facts\0001611547.parquet,,,2026-07-20T16:34:25,2026-07-20T16:34:26,0.985
UEC,0001334933,success,16348.0,data\facts\0001334933.parquet,,,2026-07-20T16:34:26,2026-07-20T16:34:27,1.164
UEEC,0001096938,success,9135.0,data\facts\0001096938.parquet,,,2026-07-20T16:34:27,2026-07-20T16:34:28,0.977
UEIC,0000101984,success,24283.0,data\facts\0000101984.parquet,,,2026-07-20T16:34:29,2026-07-20T16:34:30,1.285
UELMO,0000100826,success,6.0,data\facts\0000100826.parquet,,,2026-07-20T16:34:30,2026-07-20T16:34:31,0.851
UFCS,0000101199,success,24788.0,data\facts\0000101199.parquet,,,2026-07-20T16:34:31,2026-07-20T16:34:33,1.155
UFG,0002021688,success,772.0,data\facts\0002021688.parquet,,,2026-07-20T16:34:33,2026-07-20T16:34:34,0.931
UFI,0000100726,success,24034.0,data\facts\0000100726.parquet,,,2026-07-20T16:34:34,2026-07-20T16:34:36,1.312
UFPI,0000912767,success,25750.0,data\facts\0000912767.parquet,,,2026-07-20T16:34:36,2026-07-20T16:34:37,1.242
UFPT,0000914156,success,19578.0,data\facts\0000914156.parquet,,,2026-07-20T16:34:38,2026-07-20T16:34:39,1.202
UG,0000101295,success,12272.0,data\facts\0000101295.parquet,,,2026-07-20T16:34:39,2026-07-20T16:34:40,0.937
UGA,0001396878,success,7759.0,data\facts\0001396878.parquet,,,2026-07-20T16:34:40,2026-07-20T16:34:41,1.015
UGI,0000884614,success,26937.0,data\facts\0000884614.parquet,,,2026-07-20T16:34:42,2026-07-20T16:34:45,3.045
UGP,0001094972,success,4255.0,data\facts\0001094972.parquet,,,2026-07-20T16:34:45,2026-07-20T16:34:46,0.9
UHAL,0000004457,success,28634.0,data\facts\0000004457.parquet,,,2026-07-20T16:34:46,2026-07-20T16:34:48,1.743
UHS,0000352915,success,22913.0,data\facts\0000352915.parquet,,,2026-07-20T16:34:48,2026-07-20T16:34:50,1.34
UHT,0000798783,success,14496.0,data\facts\0000798783.parquet,,,2026-07-20T16:34:50,2026-07-20T16:34:51,1.453
UI,0001511737,success,19941.0,data\facts\0001511737.parquet,,,2026-07-20T16:34:52,2026-07-20T16:34:53,1.375
UIS,0000746838,success,24781.0,data\facts\0000746838.parquet,,,2026-07-20T16:34:53,2026-07-20T16:34:55,1.464
UK,0001821424,success,5184.0,data\facts\0001821424.parquet,,,2026-07-20T16:34:55,2026-07-20T16:34:56,0.88
UL,0000217410,success,7656.0,data\facts\0000217410.parquet,,,2026-07-20T16:34:56,2026-07-20T16:34:57,0.967
ULBI,0000875657,success,19566.0,data\facts\0000875657.parquet,,,2026-07-20T16:34:58,2026-07-20T16:34:59,1.526
ULCC,0001670076,success,6898.0,data\facts\0001670076.parquet,,,2026-07-20T16:35:00,2026-07-20T16:35:01,1.001
ULH,0001308208,success,19686.0,data\facts\0001308208.parquet,,,2026-07-20T16:35:01,2026-07-20T16:35:02,1.155
ULIT,0002134552,success,5.0,data\facts\0002134552.parquet,,,2026-07-20T16:35:02,2026-07-20T16:35:03,0.851
ULS,0001901440,success,3098.0,data\facts\0001901440.parquet,,,2026-07-20T16:35:04,2026-07-20T16:35:05,0.967
ULTA,0001403568,success,16757.0,data\facts\0001403568.parquet,,,2026-07-20T16:35:05,2026-07-20T16:35:06,1.177
ULTHF,0001850269,failed,,,HTTPError,404 Client Error: Not Found for url: https://data.sec.gov/api/xbrl/companyfacts/CIK0001850269.json,2026-07-20T16:35:06,2026-07-20T16:35:07,0.91
UMAC,0001956955,success,2398.0,data\facts\0001956955.parquet,,,2026-07-20T16:35:08,2026-07-20T16:35:09,0.865
UMBF,0000101382,success,34767.0,data\facts\0000101382.parquet,,,2026-07-20T16:35:09,2026-07-20T16:35:10,1.598
UMC,0001033767,success,6703.0,data\facts\0001033767.parquet,,,2026-07-20T16:35:11,2026-07-20T16:35:12,0.966
UMEW,0001114936,success,4586.0,data\facts\0001114936.parquet,,,2026-07-20T16:35:12,2026-07-20T16:35:13,0.782
UMH,0000752642,success,19985.0,data\facts\0000752642.parquet,,,2026-07-20T16:35:13,2026-07-20T16:35:15,1.341
UNB,0000706863,success,29574.0,data\facts\0000706863.parquet,,,2026-07-20T16:35:15,2026-07-20T16:35:16,1.428
UNBLF,0001453932,failed,,,HTTPError,404 Client Error: Not Found for url: https://data.sec.gov/api/xbrl/companyfacts/CIK0001453932.json,2026-07-20T16:35:17,2026-07-20T16:35:17,0.682
UNCY,0001766140,success,4558.0,data\facts\0001766140.parquet,,,2026-07-20T16:35:18,2026-07-20T16:35:19,1.089
UNF,0000717954,success,19448.0,data\facts\0000717954.parquet,,,2026-07-20T16:35:19,2026-07-20T16:35:20,1.089
UNFI,0001020859,success,24519.0,data\facts\0001020859.parquet,,,2026-07-20T16:35:20,2026-07-20T16:35:22,1.413
UNG,0001376227,success,8617.0,data\facts\0001376227.parquet,,,2026-07-20T16:35:22,2026-07-20T16:35:23,1.174
UNH,0000731766,success,28836.0,data\facts\0000731766.parquet,,,2026-07-20T16:35:24,2026-07-20T16:35:25,1.59
UNIB,0000811211,failed,,,HTTPError,404 Client Error: Not Found for url: https://data.sec.gov/api/xbrl/companyfacts/CIK0000811211.json,2026-07-20T16:35:26,2026-07-20T16:35:26,0.737
UNID,0002077697,success,10.0,data\facts\0002077697.parquet,,,2026-07-20T16:35:27,2026-07-20T16:35:28,0.864
UNIT,0002020795,success,1371.0,data\facts\0002020795.parquet,,,2026-07-20T16:35:28,2026-07-20T16:35:29,0.822
UNIU,0002077715,success,10.0,data\facts\0002077715.parquet,,,2026-07-20T16:35:29,2026-07-20T16:35:30,0.751
UNL,0001405513,success,7670.0,data\facts\0001405513.parquet,,,2026-07-20T16:35:30,2026-07-20T16:35:31,1.027
UNM,0000005513,success,34010.0,data\facts\0000005513.parquet,,,2026-07-20T16:35:31,2026-07-20T16:35:33,1.486
UNP,0000100885,success,23800.0,data\facts\0000100885.parquet,,,2026-07-20T16:35:33,2026-07-20T16:35:34,1.193
UNTY,0000920427,success,34536.0,data\facts\0000920427.parquet,,,2026-07-20T16:35:35,2026-07-20T16:35:36,1.552
UNVGY,0001890126,failed,,,HTTPError,404 Client Error: Not Found for url: https://data.sec.gov/api/xbrl/companyfacts/CIK0001890126.json,2026-07-20T16:35:37,2026-07-20T16:35:37,0.735
UOKAF,0001741534,success,2984.0,data\facts\0001741534.parquet,,,2026-07-20T16:35:38,2026-07-20T16:35:39,0.984
UONE,0001041657,success,23130.0,data\facts\0001041657.parquet,,,2026-07-20T16:35:39,2026-07-20T16:35:40,1.153
UP,0001819516,success,8375.0,data\facts\0001819516.parquet,,,2026-07-20T16:35:40,2026-07-20T16:35:41,0.815
UPB,0002022626,success,1893.0,data\facts\0002022626.parquet,,,2026-07-20T16:35:42,2026-07-20T16:35:42,0.787
UPBD,0000933036,success,19951.0,data\facts\0000933036.parquet,,,2026-07-20T16:35:43,2026-07-20T16:35:44,1.199
UPC,0001809616,success,2433.0,data\facts\0001809616.parquet,,,2026-07-20T16:35:44,2026-07-20T16:35:45,1.09
UPLD,0001505155,success,17656.0,data\facts\0001505155.parquet,,,2026-07-20T16:35:46,2026-07-20T16:35:47,1.196
UPS,0001090727,success,26391.0,data\facts\0001090727.parquet,,,2026-07-20T16:35:47,2026-07-20T16:35:49,1.702
UPST,0001647639,success,7767.0,data\facts\0001647639.parquet,,,2026-07-20T16:35:49,2026-07-20T16:35:50,1.144
UPWK,0001627475,success,10004.0,data\facts\0001627475.parquet,,,2026-07-20T16:35:51,2026-07-20T16:35:52,1.055
UPX,0002046370,success,5.0,data\facts\0002046370.parquet,,,2026-07-20T16:35:52,2026-07-20T16:35:53,1.01
UPXI,0001775194,success,6749.0,data\facts\0001775194.parquet,,,2026-07-20T16:35:54,2026-07-20T16:35:55,1.086
UPYY,0001677897,success,6921.0,data\facts\0001677897.parquet,,,2026-07-20T16:35:55,2026-07-20T16:35:56,1.078
URBN,0000912615,success,18010.0,data\facts\0000912615.parquet,,,2026-07-20T16:35:56,2026-07-20T16:35:58,1.496
URG,0001375205,success,14680.0,data\facts\0001375205.parquet,,,2026-07-20T16:35:58,2026-07-20T16:35:59,1.221
URGN,0001668243,success,8090.0,data\facts\0001668243.parquet,,,2026-07-20T16:36:00,2026-07-20T16:36:01,1.25
URI,0001067701,success,18658.0,data\facts\0001067701.parquet,,,2026-07-20T16:36:01,2026-07-20T16:36:03,1.285
UROY,0001711570,success,830.0,data\facts\0001711570.parquet,,,2026-07-20T16:36:03,2026-07-20T16:36:04,0.811
URSB,0002084261,success,337.0,data\facts\0002084261.parquet,,,2026-07-20T16:36:04,2026-07-20T16:36:05,1.009
URZEF,0001398713,failed,,,HTTPError,404 Client Error: Not Found for url: https://data.sec.gov/api/xbrl/companyfacts/CIK0001398713.json,2026-07-20T16:36:05,2026-07-20T16:36:06,0.852
USA,0000799195,failed,,,ValueError,Company Facts에서 facts 데이터를 찾지 못했습니다.,2026-07-20T16:36:07,2026-07-20T16:36:08,0.98
USAC,0001522727,success,13229.0,data\facts\0001522727.parquet,,,2026-07-20T16:36:08,2026-07-20T16:36:09,1.019
USAM,0001804792,success,5.0,data\facts\0001804792.parquet,,,2026-07-20T16:36:09,2026-07-20T16:36:10,1.016
USAQ,0000856984,success,6264.0,data\facts\0000856984.parquet,,,2026-07-20T16:36:11,2026-07-20T16:36:12,1.123
USAR,0001970622,success,2041.0,data\facts\0001970622.parquet,,,2026-07-20T16:36:12,2026-07-20T16:36:13,0.908
USAS,0001286973,success,6075.0,data\facts\0001286973.parquet,,,2026-07-20T16:36:13,2026-07-20T16:36:14,1.053
USAU,0000027093,success,12573.0,data\facts\0000027093.parquet,,,2026-07-20T16:36:15,2026-07-20T16:36:16,1.105
USB,0000036104,success,43864.0,data\facts\0000036104.parquet,,,2026-07-20T16:36:16,2026-07-20T16:36:18,1.958
USBC,0001074828,success,14659.0,data\facts\0001074828.parquet,,,2026-07-20T16:36:19,2026-07-20T16:36:20,1.182
USCB,0001901637,success,7348.0,data\facts\0001901637.parquet,,,2026-07-20T16:36:20,2026-07-20T16:36:21,1.154
USCI,0001479247,success,3643.0,data\facts\0001479247.parquet,,,2026-07-20T16:36:22,2026-07-20T16:36:23,0.984
USDE,0002080215,failed,,,HTTPError,404 Client Error: Not Found for url: https://data.sec.gov/api/xbrl/companyfacts/CIK0002080215.json,2026-07-20T16:36:23,2026-07-20T16:36:24,0.915
USDW,0001977837,success,1686.0,data\facts\0001977837.parquet,,,2026-07-20T16:36:24,2026-07-20T16:36:25,0.951
USEA,0001912847,success,1868.0,data\facts\0001912847.parquet,,,2026-07-20T16:36:25,2026-07-20T16:36:26,0.906
USFD,0001665918,success,15329.0,data\facts\0001665918.parquet,,,2026-07-20T16:36:27,2026-07-20T16:36:28,1.346
USGDF,0001726159,failed,,,HTTPError,404 Client Error: Not Found for url: https://data.sec.gov/api/xbrl/companyfacts/CIK0001726159.json,2026-07-20T16:36:28,2026-07-20T16:36:29,0.79
USGO,0001947244,success,2596.0,data\facts\0001947244.parquet,,,2026-07-20T16:36:29,2026-07-20T16:36:31,1.132
USIO,0001088034,success,12355.0,data\facts\0001088034.parquet,,,2026-07-20T16:36:31,2026-07-20T16:36:32,1.055
USL,0001405528,success,7609.0,data\facts\0001405528.parquet,,,2026-07-20T16:36:32,2026-07-20T16:36:33,1.055
USLM,0000082020,success,15047.0,data\facts\0000082020.parquet,,,2026-07-20T16:36:34,2026-07-20T16:36:35,1.324
USNA,0000896264,success,17207.0,data\facts\0000896264.parquet,,,2026-07-20T16:36:35,2026-07-20T16:36:37,1.191
USO,0001327068,success,8651.0,data\facts\0001327068.parquet,,,2026-07-20T16:36:37,2026-07-20T16:36:38,1.114
USPCY,0001939479,failed,,,HTTPError,404 Client Error: Not Found for url: https://data.sec.gov/api/xbrl/companyfacts/CIK0001939479.json,2026-07-20T16:36:38,2026-07-20T16:36:39,0.982
USPH,0000885978,success,21246.0,data\facts\0000885978.parquet,,,2026-07-20T16:36:40,2026-07-20T16:36:41,1.221
USREF,0002037786,failed,,,HTTPError,404 Client Error: Not Found for url: https://data.sec.gov/api/xbrl/companyfacts/CIK0002037786.json,2026-07-20T16:36:41,2026-07-20T16:36:42,0.854
UTF,0001275617,failed,,,ValueError,Company Facts에서 facts 데이터를 찾지 못했습니다.,2026-07-20T16:36:42,2026-07-20T16:36:43,0.903
UTG,0001263994,failed,,,ValueError,Company Facts에서 facts 데이터를 찾지 못했습니다.,2026-07-20T16:36:44,2026-07-20T16:36:45,0.918
UTGN,0000832480,success,20973.0,data\facts\0000832480.parquet,,,2026-07-20T16:36:45,2026-07-20T16:36:46,1.484
UTHR,0001082554,success,20504.0,data\facts\0001082554.parquet,,,2026-07-20T16:36:47,2026-07-20T16:36:48,1.268
UTI,0001261654,success,20647.0,data\facts\0001261654.parquet,,,2026-07-20T16:36:48,2026-07-20T16:36:50,1.412
UTKN,0001919182,success,1107.0,data\facts\0001919182.parquet,,,2026-07-20T16:36:50,2026-07-20T16:36:51,1.244
UTL,0000755001,success,19992.0,data\facts\0000755001.parquet,,,2026-07-20T16:36:52,2026-07-20T16:36:53,1.194
UTMD,0000706698,success,16413.0,data\facts\0000706698.parquet,,,2026-07-20T16:36:53,2026-07-20T16:36:55,1.424
UTSI,0001030471,success,6099.0,data\facts\0001030471.parquet,,,2026-07-20T16:36:55,2026-07-20T16:36:56,1.019
UTZ,0001739566,success,9515.0,data\facts\0001739566.parquet,,,2026-07-20T16:36:56,2026-07-20T16:36:57,1.1
UUU,0000102109,success,10109.0,data\facts\0000102109.parquet,,,2026-07-20T16:36:58,2026-07-20T16:36:59,1.161
UUUFF,0002056751,failed,,,HTTPError,404 Client Error: Not Found for url: https://data.sec.gov/api/xbrl/companyfacts/CIK0002056751.json,2026-07-20T16:36:59,2026-07-20T16:37:00,0.857
UUUU,0001385849,success,13925.0,data\facts\0001385849.parquet,,,2026-07-20T16:37:00,2026-07-20T16:37:02,1.32
UVE,0000891166,success,28925.0,data\facts\0000891166.parquet,,,2026-07-20T16:37:02,2026-07-20T16:37:04,1.569
UVIX,0001793497,success,418.0,data\facts\0001793497.parquet,,,2026-07-20T16:37:04,2026-07-20T16:37:05,1.049
UVSP,0000102212,success,37243.0,data\facts\0000102212.parquet,,,2026-07-20T16:37:05,2026-07-20T16:37:07,1.705
UVV,0000102037,success,26173.0,data\facts\0000102037.parquet,,,2026-07-20T16:37:08,2026-07-20T16:37:09,1.566
UWHR,0000898171,success,26941.0,data\facts\0000898171.parquet,,,2026-07-20T16:37:09,2026-07-20T16:37:11,1.671
UWMC,0001783398,success,6518.0,data\facts\0001783398.parquet,,,2026-07-20T16:37:11,2026-07-20T16:37:13,1.266
UXIN,0001729173,success,6212.0,data\facts\0001729173.parquet,,,2026-07-20T16:37:13,2026-07-20T16:37:14,1.186
UYSC,0002036973,success,620.0,data\facts\0002036973.parquet,,,2026-07-20T16:37:15,2026-07-20T16:37:16,1.047
UZX,0001969401,success,1415.0,data\facts\0001969401.parquet,,,2026-07-20T16:37:16,2026-07-20T16:37:17,1.27
V,0001403161,success,23266.0,data\facts\0001403161.parquet,,,2026-07-20T16:37:18,2026-07-20T16:37:19,1.507
VABK,0001572334,success,18817.0,data\facts\0001572334.parquet,,,2026-07-20T16:37:20,2026-07-20T16:37:21,1.626
VAC,0001524358,success,21085.0,data\facts\0001524358.parquet,,,2026-07-20T16:37:22,2026-07-20T16:37:23,1.453
VACI,0002080023,success,353.0,data\facts\0002080023.parquet,,,2026-07-20T16:37:23,2026-07-20T16:37:24,1.0
VAL,0000314808,success,30171.0,data\facts\0000314808.parquet,,,2026-07-20T16:37:25,2026-07-20T16:37:26,1.577
VALE,0000917851,success,16855.0,data\facts\0000917851.parquet,,,2026-07-20T16:37:27,2026-07-20T16:37:28,1.278
VALN,0001836564,success,4436.0,data\facts\0001836564.parquet,,,2026-07-20T16:37:28,2026-07-20T16:37:29,1.145
VALU,0000717720,success,17755.0,data\facts\0000717720.parquet,,,2026-07-20T16:37:30,2026-07-20T16:37:31,1.517
VANI,0001266806,success,9009.0,data\facts\0001266806.parquet,,,2026-07-20T16:37:32,2026-07-20T16:37:33,1.259
VARRY,0001919275,failed,,,HTTPError,404 Client Error: Not Found for url: https://data.sec.gov/api/xbrl/companyfacts/CIK0001919275.json,2026-07-20T16:37:33,2026-07-20T16:37:34,0.924
VASO,0000839087,success,19069.0,data\facts\0000839087.parquet,,,2026-07-20T16:37:34,2026-07-20T16:37:36,1.552
VAT,0002109801,failed,,,ValueError,변환된 Fact Store가 비어 있습니다.,2026-07-20T16:37:36,2026-07-20T16:37:37,0.881
VATE,0001006837,success,34247.0,data\facts\0001006837.parquet,,,2026-07-20T16:37:38,2026-07-20T16:37:39,1.879
VAUCF,0001723047,failed,,,HTTPError,404 Client Error: Not Found for url: https://data.sec.gov/api/xbrl/companyfacts/CIK0001723047.json,2026-07-20T16:37:40,2026-07-20T16:37:41,0.904
VAVX,0002060717,success,96.0,data\facts\0002060717.parquet,,,2026-07-20T16:37:41,2026-07-20T16:37:42,0.915
VBF,0000005094,failed,,,ValueError,Company Facts에서 facts 데이터를 찾지 못했습니다.,2026-07-20T16:37:42,2026-07-20T16:37:43,1.031
VBIO,0001787740,success,4274.0,data\facts\0001787740.parquet,,,2026-07-20T16:37:44,2026-07-20T16:37:45,1.067
VBNB,0002066824,failed,,,HTTPError,404 Client Error: Not Found for url: https://data.sec.gov/api/xbrl/companyfacts/CIK0002066824.json,2026-07-20T16:37:45,2026-07-20T16:37:46,0.962
VBNK,0001690639,success,4021.0,data\facts\0001690639.parquet,,,2026-07-20T16:37:46,2026-07-20T16:37:48,1.224
VBREY,0001000377,failed,,,HTTPError,404 Client Error: Not Found for url: https://data.sec.gov/api/xbrl/companyfacts/CIK0001000377.json,2026-07-20T16:37:48,2026-07-20T16:37:49,0.867
VC,0001111335,success,27702.0,data\facts\0001111335.parquet,,,2026-07-20T16:37:49,2026-07-20T16:37:51,1.623
VCEL,0000887359,success,15946.0,data\facts\0000887359.parquet,,,2026-07-20T16:37:51,2026-07-20T16:37:53,1.32
VCGMF,0001650196,failed,,,HTTPError,404 Client Error: Not Found for url: https://data.sec.gov/api/xbrl/companyfacts/CIK0001650196.json,2026-07-20T16:37:53,2026-07-20T16:37:54,0.955
VCIG,0001930510,success,2844.0,data\facts\0001930510.parquet,,,2026-07-20T16:37:54,2026-07-20T16:37:55,1.032
VCNX,0001205922,success,5932.0,data\facts\0001205922.parquet,,,2026-07-20T16:37:56,2026-07-20T16:37:57,1.103
VCRDX,0001812286,failed,,,HTTPError,404 Client Error: Not Found for url: https://data.sec.gov/api/xbrl/companyfacts/CIK0001812286.json,2026-07-20T16:37:57,2026-07-20T16:37:58,0.861
VCRE,0002124403,failed,,,HTTPError,404 Client Error: Not Found for url: https://data.sec.gov/api/xbrl/companyfacts/CIK0002124403.json,2026-07-20T16:37:58,2026-07-20T16:37:59,0.951
VCTR,0001570827,success,11904.0,data\facts\0001570827.parquet,,,2026-07-20T16:38:00,2026-07-20T16:38:01,1.225
VCUFF,0001884122,failed,,,HTTPError,404 Client Error: Not Found for url: https://data.sec.gov/api/xbrl/companyfacts/CIK0001884122.json,2026-07-20T16:38:01,2026-07-20T16:38:02,0.887
VCV,0000895531,failed,,,ValueError,Company Facts에서 facts 데이터를 찾지 못했습니다.,2026-07-20T16:38:02,2026-07-20T16:38:03,1.012
VCX,0001867090,failed,,,ValueError,Company Facts에서 facts 데이터를 찾지 못했습니다.,2026-07-20T16:38:04,2026-07-20T16:38:05,0.931
VCYT,0001384101,success,14411.0,data\facts\0001384101.parquet,,,2026-07-20T16:38:05,2026-07-20T16:38:06,1.365
VDTA,0002033264,success,787.0,data\facts\0002033264.parquet,,,2026-07-20T16:38:07,2026-07-20T16:38:08,0.945
VECA,0002081690,success,65.0,data\facts\0002081690.parquet,,,2026-07-20T16:38:08,2026-07-20T16:38:09,1.013
VECO,0000103145,success,23119.0,data\facts\0000103145.parquet,,,2026-07-20T16:38:09,2026-07-20T16:38:11,1.332
VEEA,0001840317,success,4558.0,data\facts\0001840317.parquet,,,2026-07-20T16:38:11,2026-07-20T16:38:12,1.051
VEEE,0001855509,success,5111.0,data\facts\0001855509.parquet,,,2026-07-20T16:38:12,2026-07-20T16:38:13,1.093
VEEV,0001393052,success,18744.0,data\facts\0001393052.parquet,,,2026-07-20T16:38:14,2026-07-20T16:38:15,1.415
VEL,0001692376,success,9308.0,data\facts\0001692376.parquet,,,2026-07-20T16:38:16,2026-07-20T16:38:17,1.151
VELO,0001825079,success,7185.0,data\facts\0001825079.parquet,,,2026-07-20T16:38:17,2026-07-20T16:38:18,1.192
VENU,0001770501,success,2081.0,data\facts\0001770501.parquet,,,2026-07-20T16:38:19,2026-07-20T16:38:20,1.145
VEON,0001468091,success,7590.0,data\facts\0001468091.parquet,,,2026-07-20T16:38:20,2026-07-20T16:38:21,1.05
VERA,0001831828,success,5209.0,data\facts\0001831828.parquet,,,2026-07-20T16:38:21,2026-07-20T16:38:23,1.184
VERI,0001615165,success,10590.0,data\facts\0001615165.parquet,,,2026-07-20T16:38:23,2026-07-20T16:38:24,1.071
VERTF,0001178526,failed,,,HTTPError,404 Client Error: Not Found for url: https://data.sec.gov/api/xbrl/companyfacts/CIK0001178526.json,2026-07-20T16:38:24,2026-07-20T16:38:25,0.887
VERU,0000863894,success,18287.0,data\facts\0000863894.parquet,,,2026-07-20T16:38:26,2026-07-20T16:38:27,1.366
VERX,0001806837,success,8652.0,data\facts\0001806837.parquet,,,2026-07-20T16:38:27,2026-07-20T16:38:29,1.124
VEST,0001594968,success,1330.0,data\facts\0001594968.parquet,,,2026-07-20T16:38:29,2026-07-20T16:38:30,0.915
VET,0001293135,success,2194.0,data\facts\0001293135.parquet,,,2026-07-20T16:38:30,2026-07-20T16:38:31,1.023
VFC,0000103379,success,34825.0,data\facts\0000103379.parquet,,,2026-07-20T16:38:32,2026-07-20T16:38:33,1.632
VFF,0001584549,success,8903.0,data\facts\0001584549.parquet,,,2026-07-20T16:38:34,2026-07-20T16:38:35,1.316
VFL,0000895574,failed,,,ValueError,Company Facts에서 facts 데이터를 찾지 못했습니다.,2026-07-20T16:38:35,2026-07-20T16:38:36,1.068
VFS,0001913510,success,2607.0,data\facts\0001913510.parquet,,,2026-07-20T16:38:37,2026-07-20T16:38:38,1.114
VG,0002007855,success,1850.0,data\facts\0002007855.parquet,,,2026-07-20T16:38:38,2026-07-20T16:38:39,0.988
VGAS,0001841425,success,3065.0,data\facts\0001841425.parquet,,,2026-07-20T16:38:39,2026-07-20T16:38:40,1.048
VGES,0001746119,success,4877.0,data\facts\0001746119.parquet,,,2026-07-20T16:38:41,2026-07-20T16:38:42,1.287
VGI,0001528811,failed,,,HTTPError,404 Client Error: Not Found for url: https://data.sec.gov/api/xbrl/companyfacts/CIK0001528811.json,2026-07-20T16:38:42,2026-07-20T16:38:43,0.906
VGLS,0001091326,success,1028.0,data\facts\0001091326.parquet,,,2026-07-20T16:38:44,2026-07-20T16:38:45,1.04
VGM,0000880892,failed,,,ValueError,Company Facts에서 facts 데이터를 찾지 못했습니다.,2026-07-20T16:38:45,2026-07-20T16:38:46,0.795
VGNT,0002078008,success,258.0,data\facts\0002078008.parquet,,,2026-07-20T16:38:46,2026-07-20T16:38:47,1.027
VGTHY,0002131322,failed,,,HTTPError,404 Client Error: Not Found for url: https://data.sec.gov/api/xbrl/companyfacts/CIK0002131322.json,2026-07-20T16:38:47,2026-07-20T16:38:48,0.985
VGZ,0000783324,success,12368.0,data\facts\0000783324.parquet,,,2026-07-20T16:38:49,2026-07-20T16:38:50,1.072
VHAI,0001880431,success,2429.0,data\facts\0001880431.parquet,,,2026-07-20T16:38:50,2026-07-20T16:38:51,0.99
VHC,0001082324,success,13354.0,data\facts\0001082324.parquet,,,2026-07-20T16:38:52,2026-07-20T16:38:53,1.301
VHCP,0002086264,success,140.0,data\facts\0002086264.parquet,,,2026-07-20T16:38:53,2026-07-20T16:38:54,0.839
VHI,0000059255,success,23400.0,data\facts\0000059255.parquet,,,2026-07-20T16:38:54,2026-07-20T16:38:56,1.416
VHUB,0001972234,success,1011.0,data\facts\0001972234.parquet,,,2026-07-20T16:38:56,2026-07-20T16:38:57,0.988
VIA,0001603015,success,1168.0,data\facts\0001603015.parquet,,,2026-07-20T16:38:58,2026-07-20T16:38:58,0.904
VIAV,0000912093,success,30878.0,data\facts\0000912093.parquet,,,2026-07-20T16:38:59,2026-07-20T16:39:01,1.793
VICI,0001705696,success,11213.0,data\facts\0001705696.parquet,,,2026-07-20T16:39:01,2026-07-20T16:39:02,1.218
VICP,0001468639,success,2653.0,data\facts\0001468639.parquet,,,2026-07-20T16:39:02,2026-07-20T16:39:04,1.142
VICR,0000751978,success,17687.0,data\facts\0000751978.parquet,,,2026-07-20T16:39:04,2026-07-20T16:39:05,1.442
VIDA,0001973062,success,196.0,data\facts\0001973062.parquet,,,2026-07-20T16:39:06,2026-07-20T16:39:07,0.896
VII,0002139246,success,10.0,data\facts\0002139246.parquet,,,2026-07-20T16:39:07,2026-07-20T16:39:08,1.052
VIIQ,0001470129,success,1428.0,data\facts\0001470129.parquet,,,2026-07-20T16:39:08,2026-07-20T16:39:09,0.941
VIK,0001745201,success,1654.0,data\facts\0001745201.parquet,,,2026-07-20T16:39:10,2026-07-20T16:39:11,1.018
VINP,0001826286,success,1922.0,data\facts\0001826286.parquet,,,2026-07-20T16:39:11,2026-07-20T16:39:12,0.992
VIOT,0001742770,success,4261.0,data\facts\0001742770.parquet,,,2026-07-20T16:39:12,2026-07-20T16:39:13,0.924
VIPRF,0001684662,failed,,,HTTPError,404 Client Error: Not Found for url: https://data.sec.gov/api/xbrl/companyfacts/CIK0001684662.json,2026-07-20T16:39:14,2026-07-20T16:39:14,0.738
VIPS,0001529192,success,8203.0,data\facts\0001529192.parquet,,,2026-07-20T16:39:15,2026-07-20T16:39:16,1.15
VIPZ,0001832161,success,4449.0,data\facts\0001832161.parquet,,,2026-07-20T16:39:16,2026-07-20T16:39:17,1.147
VIR,0001706431,success,8430.0,data\facts\0001706431.parquet,,,2026-07-20T16:39:18,2026-07-20T16:39:19,1.235
VIRC,0000751365,success,18664.0,data\facts\0000751365.parquet,,,2026-07-20T16:39:19,2026-07-20T16:39:21,1.471
VIRMF,0002074745,failed,,,HTTPError,404 Client Error: Not Found for url: https://data.sec.gov/api/xbrl/companyfacts/CIK0002074745.json,2026-07-20T16:39:21,2026-07-20T16:39:22,0.872
VIRT,0001592386,success,19290.0,data\facts\0001592386.parquet,,,2026-07-20T16:39:22,2026-07-20T16:39:24,1.393
VISL,0001565228,success,13452.0,data\facts\0001565228.parquet,,,2026-07-20T16:39:24,2026-07-20T16:39:25,1.163
VISM,0001082733,success,9705.0,data\facts\0001082733.parquet,,,2026-07-20T16:39:25,2026-07-20T16:39:27,1.39
VISN,0001517228,success,18782.0,data\facts\0001517228.parquet,,,2026-07-20T16:39:27,2026-07-20T16:39:29,1.511
VIST,0001762506,success,3738.0,data\facts\0001762506.parquet,,,2026-07-20T16:39:29,2026-07-20T16:39:30,1.058
VITL,0001579733,success,9386.0,data\facts\0001579733.parquet,,,2026-07-20T16:39:30,2026-07-20T16:39:32,1.206
VIV,0001066119,success,4438.0,data\facts\0001066119.parquet,,,2026-07-20T16:39:32,2026-07-20T16:39:33,1.116
VIVC,0001703073,success,7389.0,data\facts\0001703073.parquet,,,2026-07-20T16:39:33,2026-07-20T16:39:35,1.092
VIVK,0001450704,success,6509.0,data\facts\0001450704.parquet,,,2026-07-20T16:39:35,2026-07-20T16:39:36,1.119
VIVO,0001681348,success,5220.0,data\facts\0001681348.parquet,,,2026-07-20T16:39:36,2026-07-20T16:39:37,1.18
VIVS,0001497253,success,14920.0,data\facts\0001497253.parquet,,,2026-07-20T16:39:38,2026-07-20T16:39:39,1.163
VIZND,0001704476,failed,,,HTTPError,404 Client Error: Not Found for url: https://data.sec.gov/api/xbrl/companyfacts/CIK0001704476.json,2026-07-20T16:39:39,2026-07-20T16:39:40,0.897
VKI,0000908993,success,117.0,data\facts\0000908993.parquet,,,2026-07-20T16:39:41,2026-07-20T16:39:42,0.999
VKQ,0000877463,failed,,,ValueError,Company Facts에서 facts 데이터를 찾지 못했습니다.,2026-07-20T16:39:42,2026-07-20T16:39:43,0.973
VKTX,0001607678,success,10475.0,data\facts\0001607678.parquet,,,2026-07-20T16:39:43,2026-07-20T16:39:44,1.167
VLGEA,0000103595,success,15391.0,data\facts\0000103595.parquet,,,2026-07-20T16:39:45,2026-07-20T16:39:46,1.292
VLN,0001863006,success,4259.0,data\facts\0001863006.parquet,,,2026-07-20T16:39:46,2026-07-20T16:39:47,0.941
VLO,0001035002,success,26785.0,data\facts\0001035002.parquet,,,2026-07-20T16:39:48,2026-07-20T16:39:49,1.473
VLRS,0001520504,success,4772.0,data\facts\0001520504.parquet,,,2026-07-20T16:39:49,2026-07-20T16:39:50,1.044
VLT,0000846671,failed,,,ValueError,Company Facts에서 facts 데이터를 찾지 못했습니다.,2026-07-20T16:39:51,2026-07-20T16:39:52,0.745
VLTLF,0001872061,failed,,,HTTPError,404 Client Error: Not Found for url: https://data.sec.gov/api/xbrl/companyfacts/CIK0001872061.json,2026-07-20T16:39:52,2026-07-20T16:39:53,0.9
VLTO,0001967680,success,3501.0,data\facts\0001967680.parquet,,,2026-07-20T16:39:53,2026-07-20T16:39:54,1.011
VLY,0000714310,success,39991.0,data\facts\0000714310.parquet,,,2026-07-20T16:39:54,2026-07-20T16:39:56,1.57
VMAR,0001813783,success,3723.0,data\facts\0001813783.parquet,,,2026-07-20T16:39:56,2026-07-20T16:39:57,1.082
VMC,0001396009,success,34150.0,data\facts\0001396009.parquet,,,2026-07-20T16:39:58,2026-07-20T16:39:59,1.539
VMCAF,0001892747,success,1712.0,data\facts\0001892747.parquet,,,2026-07-20T16:40:00,2026-07-20T16:40:01,1.012
VMD,0001729149,success,8795.0,data\facts\0001729149.parquet,,,2026-07-20T16:40:01,2026-07-20T16:40:02,1.061
VMET,0002080073,success,1.0,data\facts\0002080073.parquet,,,2026-07-20T16:40:03,2026-07-20T16:40:03,0.96
VMI,0000102729,success,26944.0,data\facts\0000102729.parquet,,,2026-07-20T16:40:04,2026-07-20T16:40:05,1.462
VMNT,0001605057,success,2322.0,data\facts\0001605057.parquet,,,2026-07-20T16:40:06,2026-07-20T16:40:07,0.963
VMO,0000884152,failed,,,ValueError,Company Facts에서 facts 데이터를 찾지 못했습니다.,2026-07-20T16:40:07,2026-07-20T16:40:08,0.8
VMXXF,0001594856,failed,,,HTTPError,404 Client Error: Not Found for url: https://data.sec.gov/api/xbrl/companyfacts/CIK0001594856.json,2026-07-20T16:40:08,2026-07-20T16:40:09,0.99
VNCE,0001579157,success,13591.0,data\facts\0001579157.parquet,,,2026-07-20T16:40:09,2026-07-20T16:40:11,1.208
VNDA,0001347178,success,16196.0,data\facts\0001347178.parquet,,,2026-07-20T16:40:11,2026-07-20T16:40:12,1.219
VNET,0001508475,success,11359.0,data\facts\0001508475.parquet,,,2026-07-20T16:40:13,2026-07-20T16:40:14,1.16
VNJA,0001532383,success,3922.0,data\facts\0001532383.parquet,,,2026-07-20T16:40:14,2026-07-20T16:40:15,0.974
VNME,0002055879,success,310.0,data\facts\0002055879.parquet,,,2026-07-20T16:40:15,2026-07-20T16:40:16,0.926
VNO,0000899689,success,29261.0,data\facts\0000899689.parquet,,,2026-07-20T16:40:17,2026-07-20T16:40:18,1.421
VNOM,0002074176,success,900.0,data\facts\0002074176.parquet,,,2026-07-20T16:40:18,2026-07-20T16:40:19,1.04
VNOV,0001699709,success,4233.0,data\facts\0001699709.parquet,,,2026-07-20T16:40:20,2026-07-20T16:40:21,0.866
VNRX,0000093314,success,10954.0,data\facts\0000093314.parquet,,,2026-07-20T16:40:21,2026-07-20T16:40:22,1.116
VNT,0001786842,success,9197.0,data\facts\0001786842.parquet,,,2026-07-20T16:40:22,2026-07-20T16:40:23,1.047
VNTG,0002027160,success,238.0,data\facts\0002027160.parquet,,,2026-07-20T16:40:24,2026-07-20T16:40:25,0.821
VNTXF,0001754180,failed,,,HTTPError,404 Client Error: Not Found for url: https://data.sec.gov/api/xbrl/companyfacts/CIK0001754180.json,2026-07-20T16:40:25,2026-07-20T16:40:26,0.755
VOC,0001505413,failed,,,HTTPError,404 Client Error: Not Found for url: https://data.sec.gov/api/xbrl/companyfacts/CIK0001505413.json,2026-07-20T16:40:26,2026-07-20T16:40:27,0.791
VOD,0000839923,success,8069.0,data\facts\0000839923.parquet,,,2026-07-20T16:40:27,2026-07-20T16:40:28,1.055
VOR,0001817229,success,4719.0,data\facts\0001817229.parquet,,,2026-07-20T16:40:29,2026-07-20T16:40:30,0.986
VOXR,0001907909,success,815.0,data\facts\0001907909.parquet,,,2026-07-20T16:40:30,2026-07-20T16:40:31,1.043
VOYA,0001535929,success,37332.0,data\facts\0001535929.parquet,,,2026-07-20T16:40:31,2026-07-20T16:40:33,1.763
VOYG,0001788060,success,1667.0,data\facts\0001788060.parquet,,,2026-07-20T16:40:33,2026-07-20T16:40:34,0.811
VPG,0001487952,success,22406.0,data\facts\0001487952.parquet,,,2026-07-20T16:40:34,2026-07-20T16:40:36,1.47
VPLM,0001410738,success,5570.0,data\facts\0001410738.parquet,,,2026-07-20T16:40:36,2026-07-20T16:40:37,1.046
VPRB,0001376231,success,8318.0,data\facts\0001376231.parquet,,,2026-07-20T16:40:38,2026-07-20T16:40:39,1.009
VPV,0000895528,failed,,,ValueError,Company Facts에서 facts 데이터를 찾지 못했습니다.,2026-07-20T16:40:39,2026-07-20T16:40:40,0.966
VQSSF,0001777765,success,1084.0,data\facts\0001777765.parquet,,,2026-07-20T16:40:40,2026-07-20T16:40:41,0.889
VRA,0001495320,success,17690.0,data\facts\0001495320.parquet,,,2026-07-20T16:40:42,2026-07-20T16:40:43,1.172
VRAX,0001885827,success,743.0,data\facts\0001885827.parquet,,,2026-07-20T16:40:43,2026-07-20T16:40:44,0.88
VRCA,0001660334,success,7512.0,data\facts\0001660334.parquet,,,2026-07-20T16:40:44,2026-07-20T16:40:46,1.368
VRDN,0001590750,success,11178.0,data\facts\0001590750.parquet,,,2026-07-20T16:40:46,2026-07-20T16:40:47,1.243
VRDR,0001506929,success,13102.0,data\facts\0001506929.parquet,,,2026-07-20T16:40:48,2026-07-20T16:40:49,1.272
VREOF,0001771706,success,6466.0,data\facts\0001771706.parquet,,,2026-07-20T16:40:49,2026-07-20T16:40:50,1.123
VREX,0001681622,success,16744.0,data\facts\0001681622.parquet,,,2026-07-20T16:40:51,2026-07-20T16:40:52,1.342
VRHI,0002078149,failed,,,HTTPError,404 Client Error: Not Found for url: https://data.sec.gov/api/xbrl/companyfacts/CIK0002078149.json,2026-07-20T16:40:52,2026-07-20T16:40:53,0.843
VRM,0001580864,success,8413.0,data\facts\0001580864.parquet,,,2026-07-20T16:40:54,2026-07-20T16:40:55,1.071
VRME,0001104038,success,14032.0,data\facts\0001104038.parquet,,,2026-07-20T16:40:55,2026-07-20T16:40:56,1.442
VRNO,0001848416,success,5547.0,data\facts\0001848416.parquet,,,2026-07-20T16:40:57,2026-07-20T16:40:58,1.144
VRNS,0001361113,success,14182.0,data\facts\0001361113.parquet,,,2026-07-20T16:40:58,2026-07-20T16:40:59,1.174
VRRCF,0001717695,failed,,,HTTPError,404 Client Error: Not Found for url: https://data.sec.gov/api/xbrl/companyfacts/CIK0001717695.json,2026-07-20T16:41:00,2026-07-20T16:41:01,0.826
VRRM,0001682745,success,11798.0,data\facts\0001682745.parquet,,,2026-07-20T16:41:01,2026-07-20T16:41:02,1.223
VRSK,0001442145,success,30680.0,data\facts\0001442145.parquet,,,2026-07-20T16:41:02,2026-07-20T16:41:04,1.662
VRSN,0001014473,success,21996.0,data\facts\0001014473.parquet,,,2026-07-20T16:41:04,2026-07-20T16:41:06,1.308
VRSSF,0001879001,success,1098.0,data\facts\0001879001.parquet,,,2026-07-20T16:41:06,2026-07-20T16:41:07,0.922
VRT,0001674101,success,11312.0,data\facts\0001674101.parquet,,,2026-07-20T16:41:07,2026-07-20T16:41:09,1.077
VRTS,0000883237,success,21139.0,data\facts\0000883237.parquet,,,2026-07-20T16:41:09,2026-07-20T16:41:10,1.322
VRTX,0000875320,success,25624.0,data\facts\0000875320.parquet,,,2026-07-20T16:41:11,2026-07-20T16:41:12,1.433
VRXA,0002079109,failed,,,HTTPError,404 Client Error: Not Found for url: https://data.sec.gov/api/xbrl/companyfacts/CIK0002079109.json,2026-07-20T16:41:12,2026-07-20T16:41:13,0.831
VS,0001701963,success,4108.0,data\facts\0001701963.parquet,,,2026-07-20T16:41:13,2026-07-20T16:41:14,0.913
VSA,0001592560,success,6658.0,data\facts\0001592560.parquet,,,2026-07-20T16:41:15,2026-07-20T16:41:16,1.143
VSAT,0000797721,success,22673.0,data\facts\0000797721.parquet,,,2026-07-20T16:41:16,2026-07-20T16:41:18,1.38
VSBC,0001697884,success,4862.0,data\facts\0001697884.parquet,,,2026-07-20T16:41:18,2026-07-20T16:41:19,1.058
VSBGF,0001757207,failed,,,HTTPError,404 Client Error: Not Found for url: https://data.sec.gov/api/xbrl/companyfacts/CIK0001757207.json,2026-07-20T16:41:19,2026-07-20T16:41:20,0.887
VSEC,0000102752,success,16764.0,data\facts\0000102752.parquet,,,2026-07-20T16:41:21,2026-07-20T16:41:22,1.346
VSEE,0001864531,success,4762.0,data\facts\0001864531.parquet,,,2026-07-20T16:41:22,2026-07-20T16:41:23,1.084
VSGRY,0002075141,failed,,,HTTPError,404 Client Error: Not Found for url: https://data.sec.gov/api/xbrl/companyfacts/CIK0002075141.json,2026-07-20T16:41:24,2026-07-20T16:41:25,0.918
VSH,0000103730,success,25653.0,data\facts\0000103730.parquet,,,2026-07-20T16:41:25,2026-07-20T16:41:26,1.36
VSME,0001951294,success,1263.0,data\facts\0001951294.parquet,,,2026-07-20T16:41:27,2026-07-20T16:41:28,1.018
VSNT,0002067876,success,469.0,data\facts\0002067876.parquet,,,2026-07-20T16:41:28,2026-07-20T16:41:29,0.814
VSOL,0002028541,success,140.0,data\facts\0002028541.parquet,,,2026-07-20T16:41:29,2026-07-20T16:41:30,0.991
VSRPF,0002094692,failed,,,HTTPError,404 Client Error: Not Found for url: https://data.sec.gov/api/xbrl/companyfacts/CIK0002094692.json,2026-07-20T16:41:30,2026-07-20T16:41:31,0.991
VST,0001692819,success,16769.0,data\facts\0001692819.parquet,,,2026-07-20T16:41:32,2026-07-20T16:41:33,1.258
VSTD,0001898604,success,2508.0,data\facts\0001898604.parquet,,,2026-07-20T16:41:33,2026-07-20T16:41:34,0.929
VSTM,0001526119,success,13287.0,data\facts\0001526119.parquet,,,2026-07-20T16:41:35,2026-07-20T16:41:36,1.24
VSTS,0001967649,success,3765.0,data\facts\0001967649.parquet,,,2026-07-20T16:41:36,2026-07-20T16:41:37,1.038
VSXY,0001856437,success,7471.0,data\facts\0001856437.parquet,,,2026-07-20T16:41:38,2026-07-20T16:41:39,1.063
VTAK,0001716621,success,7851.0,data\facts\0001716621.parquet,,,2026-07-20T16:41:39,2026-07-20T16:41:40,1.241
VTBAS,0001984345,failed,,,HTTPError,404 Client Error: Not Found for url: https://data.sec.gov/api/xbrl/companyfacts/CIK0001984345.json,2026-07-20T16:41:41,2026-07-20T16:41:41,0.738
VTEX,0001793663,success,2402.0,data\facts\0001793663.parquet,,,2026-07-20T16:41:42,2026-07-20T16:41:43,1.071
VTGN,0001411685,success,13525.0,data\facts\0001411685.parquet,,,2026-07-20T16:41:43,2026-07-20T16:41:44,1.216
VTIX,0001606242,success,1207.0,data\facts\0001606242.parquet,,,2026-07-20T16:41:45,2026-07-20T16:41:46,0.899
VTMX,0001969373,success,1399.0,data\facts\0001969373.parquet,,,2026-07-20T16:41:46,2026-07-20T16:41:47,0.966
VTN,0000883265,success,115.0,data\facts\0000883265.parquet,,,2026-07-20T16:41:47,2026-07-20T16:41:48,0.984
VTNMF,0001981775,failed,,,HTTPError,404 Client Error: Not Found for url: https://data.sec.gov/api/xbrl/companyfacts/CIK0001981775.json,2026-07-20T16:41:48,2026-07-20T16:41:49,0.926
VTOL,0001525221,success,20743.0,data\facts\0001525221.parquet,,,2026-07-20T16:41:50,2026-07-20T16:41:51,1.435
VTR,0000740260,success,30025.0,data\facts\0000740260.parquet,,,2026-07-20T16:41:52,2026-07-20T16:41:53,1.654
VTRS,0001792044,success,10163.0,data\facts\0001792044.parquet,,,2026-07-20T16:41:54,2026-07-20T16:41:55,1.209
VTS,0001944558,success,3873.0,data\facts\0001944558.parquet,,,2026-07-20T16:41:55,2026-07-20T16:41:56,0.908
VTSI,0001085243,success,9251.0,data\facts\0001085243.parquet,,,2026-07-20T16:41:56,2026-07-20T16:41:57,1.205
VTTGF,0001729514,failed,,,HTTPError,404 Client Error: Not Found for url: https://data.sec.gov/api/xbrl/companyfacts/CIK0001729514.json,2026-07-20T16:41:58,2026-07-20T16:41:59,0.87
VTVT,0001641489,success,8502.0,data\facts\0001641489.parquet,,,2026-07-20T16:41:59,2026-07-20T16:42:00,0.99
VUECF,0002111453,success,5.0,data\facts\0002111453.parquet,,,2026-07-20T16:42:00,2026-07-20T16:42:01,1.027
VUZI,0001463972,success,19025.0,data\facts\0001463972.parquet,,,2026-07-20T16:42:02,2026-07-20T16:42:03,1.304
VVOS,0001716166,success,6430.0,data\facts\0001716166.parquet,,,2026-07-20T16:42:03,2026-07-20T16:42:04,1.037
VVR,0001059386,failed,,,ValueError,Company Facts에서 facts 데이터를 찾지 못했습니다.,2026-07-20T16:42:05,2026-07-20T16:42:06,0.898
VVV,0001674910,success,13183.0,data\facts\0001674910.parquet,,,2026-07-20T16:42:06,2026-07-20T16:42:07,1.193
VVX,0001601548,success,14993.0,data\facts\0001601548.parquet,,,2026-07-20T16:42:07,2026-07-20T16:42:09,1.24
VWAV,0002038439,success,2057.0,data\facts\0002038439.parquet,,,2026-07-20T16:42:09,2026-07-20T16:42:10,0.889
VWFB,0001913838,success,4096.0,data\facts\0001913838.parquet,,,2026-07-20T16:42:10,2026-07-20T16:42:11,0.992
VWSYF,0001330306,failed,,,HTTPError,404 Client Error: Not Found for url: https://data.sec.gov/api/xbrl/companyfacts/CIK0001330306.json,2026-07-20T16:42:12,2026-07-20T16:42:13,0.959
VXRT,0000072444,success,16075.0,data\facts\0000072444.parquet,,,2026-07-20T16:42:13,2026-07-20T16:42:14,1.247
VYCO,0001424768,success,12801.0,data\facts\0001424768.parquet,,,2026-07-20T16:42:15,2026-07-20T16:42:16,1.005
VYGR,0001640266,success,10639.0,data\facts\0001640266.parquet,,,2026-07-20T16:42:16,2026-07-20T16:42:17,1.212
VYND,0001745078,success,4691.0,data\facts\0001745078.parquet,,,2026-07-20T16:42:17,2026-07-20T16:42:19,1.071
VYNE,0001566044,success,8867.0,data\facts\0001566044.parquet,,,2026-07-20T16:42:19,2026-07-20T16:42:20,1.01
VYRE,0001127007,failed,,,HTTPError,404 Client Error: Not Found for url: https://data.sec.gov/api/xbrl/companyfacts/CIK0001127007.json,2026-07-20T16:42:20,2026-07-20T16:42:21,0.87
VYST,0001308027,success,15002.0,data\facts\0001308027.parquet,,,2026-07-20T16:42:21,2026-07-20T16:42:23,1.385
VYX,0000070866,success,33671.0,data\facts\0000070866.parquet,,,2026-07-20T16:42:23,2026-07-20T16:42:25,1.689
VZ,0000732712,success,28566.0,data\facts\0000732712.parquet,,,2026-07-20T16:42:25,2026-07-20T16:42:27,1.686
VZLA,0001796073,success,945.0,data\facts\0001796073.parquet,,,2026-07-20T16:42:27,2026-07-20T16:42:28,0.833
VZSLY,0002031760,failed,,,HTTPError,404 Client Error: Not Found for url: https://data.sec.gov/api/xbrl/companyfacts/CIK0002031760.json,2026-07-20T16:42:28,2026-07-20T16:42:29,0.905
W,0001616707,success,12858.0,data\facts\0001616707.parquet,,,2026-07-20T16:42:30,2026-07-20T16:42:31,1.212
WAB,0000943452,success,27677.0,data\facts\0000943452.parquet,,,2026-07-20T16:42:31,2026-07-20T16:42:33,1.43
WABC,0000311094,success,34130.0,data\facts\0000311094.parquet,,,2026-07-20T16:42:33,2026-07-20T16:42:35,1.647
WAFD,0000936528,success,27792.0,data\facts\0000936528.parquet,,,2026-07-20T16:42:35,2026-07-20T16:42:37,1.507
WAFU,0001716770,success,2875.0,data\facts\0001716770.parquet,,,2026-07-20T16:42:37,2026-07-20T16:42:38,0.958
WAI,0001938865,success,1871.0,data\facts\0001938865.parquet,,,2026-07-20T16:42:38,2026-07-20T16:42:39,1.035
WAL,0001212545,success,39232.0,data\facts\0001212545.parquet,,,2026-07-20T16:42:40,2026-07-20T16:42:41,1.623
WALD,0001840199,success,3221.0,data\facts\0001840199.parquet,,,2026-07-20T16:42:41,2026-07-20T16:42:42,0.889
WAMFF,0001893899,success,527.0,data\facts\0001893899.parquet,,,2026-07-20T16:42:43,2026-07-20T16:42:44,0.976
WASH,0000737468,success,34597.0,data\facts\0000737468.parquet,,,2026-07-20T16:42:44,2026-07-20T16:42:46,1.695
WAST,0001515139,success,8586.0,data\facts\0001515139.parquet,,,2026-07-20T16:42:46,2026-07-20T16:42:47,1.179
WAT,0001000697,success,29383.0,data\facts\0001000697.parquet,,,2026-07-20T16:42:48,2026-07-20T16:42:49,1.7
WATR,0002092314,success,5.0,data\facts\0002092314.parquet,,,2026-07-20T16:42:50,2026-07-20T16:42:50,0.856
WATT,0001575793,success,9702.0,data\facts\0001575793.parquet,,,2026-07-20T16:42:51,2026-07-20T16:42:52,1.142
WAVE,0001846715,success,2098.0,data\facts\0001846715.parquet,,,2026-07-20T16:42:52,2026-07-20T16:42:53,1.062
WAY,0001990354,success,3654.0,data\facts\0001990354.parquet,,,2026-07-20T16:42:54,2026-07-20T16:42:55,0.924
WB,0001595761,success,6344.0,data\facts\0001595761.parquet,,,2026-07-20T16:42:55,2026-07-20T16:42:56,1.133
WBD,0001437107,success,31627.0,data\facts\0001437107.parquet,,,2026-07-20T16:42:56,2026-07-20T16:42:58,1.606
WBHC,0000885275,success,31166.0,data\facts\0000885275.parquet,,,2026-07-20T16:42:58,2026-07-20T16:43:00,1.653
WBI,0002064947,success,856.0,data\facts\0002064947.parquet,,,2026-07-20T16:43:00,2026-07-20T16:43:01,0.957
WBQNL,0001785494,success,883.0,data\facts\0001785494.parquet,,,2026-07-20T16:43:02,2026-07-20T16:43:03,0.869
WBS,0000801337,success,47834.0,data\facts\0000801337.parquet,,,2026-07-20T16:43:03,2026-07-20T16:43:05,1.826
WBSR,0001645155,success,4050.0,data\facts\0001645155.parquet,,,2026-07-20T16:43:05,2026-07-20T16:43:06,1.063
WBTN,0001997859,success,3521.0,data\facts\0001997859.parquet,,,2026-07-20T16:43:07,2026-07-20T16:43:07,0.858
WBUY,0001946703,success,1912.0,data\facts\0001946703.parquet,,,2026-07-20T16:43:08,2026-07-20T16:43:09,1.103
WBX,0001866501,success,2961.0,data\facts\0001866501.parquet,,,2026-07-20T16:43:09,2026-07-20T16:43:10,0.84
WCC,0000929008,success,24018.0,data\facts\0000929008.parquet,,,2026-07-20T16:43:10,2026-07-20T16:43:12,1.323
WCN,0001318220,success,20229.0,data\facts\0001318220.parquet,,,2026-07-20T16:43:12,2026-07-20T16:43:13,1.383
WCPRF,0001472879,failed,,,HTTPError,404 Client Error: Not Found for url: https://data.sec.gov/api/xbrl/companyfacts/CIK0001472879.json,2026-07-20T16:43:14,2026-07-20T16:43:15,0.898
WCT,0001990251,success,1186.0,data\facts\0001990251.parquet,,,2026-07-20T16:43:15,2026-07-20T16:43:16,1.007
WCUFF,0001902276,failed,,,HTTPError,404 Client Error: Not Found for url: https://data.sec.gov/api/xbrl/companyfacts/CIK0001902276.json,2026-07-20T16:43:16,2026-07-20T16:43:17,0.807
WD,0001497770,success,18097.0,data\facts\0001497770.parquet,,,2026-07-20T16:43:17,2026-07-20T16:43:19,1.246
WDAY,0001327811,success,21757.0,data\facts\0001327811.parquet,,,2026-07-20T16:43:19,2026-07-20T16:43:20,1.23
WDC,0000106040,success,27463.0,data\facts\0000106040.parquet,,,2026-07-20T16:43:21,2026-07-20T16:43:22,1.364
WDFC,0000105132,success,18918.0,data\facts\0000105132.parquet,,,2026-07-20T16:43:22,2026-07-20T16:43:24,1.296
WDH,0001823986,success,2819.0,data\facts\0001823986.parquet,,,2026-07-20T16:43:24,2026-07-20T16:43:25,0.997
WDI,0001819559,failed,,,HTTPError,404 Client Error: Not Found for url: https://data.sec.gov/api/xbrl/companyfacts/CIK0001819559.json,2026-07-20T16:43:25,2026-07-20T16:43:26,0.902
WDLF,0001281984,success,3693.0,data\facts\0001281984.parquet,,,2026-07-20T16:43:27,2026-07-20T16:43:28,1.036
WDS,0000844551,success,2019.0,data\facts\0000844551.parquet,,,2026-07-20T16:43:28,2026-07-20T16:43:29,0.999
WDSP,0001813744,success,3927.0,data\facts\0001813744.parquet,,,2026-07-20T16:43:29,2026-07-20T16:43:30,0.994
WEA,0001163792,failed,,,HTTPError,404 Client Error: Not Found for url: https://data.sec.gov/api/xbrl/companyfacts/CIK0001163792.json,2026-07-20T16:43:31,2026-07-20T16:43:32,0.899
WEAV,0001609151,success,7405.0,data\facts\0001609151.parquet,,,2026-07-20T16:43:32,2026-07-20T16:43:33,0.967
WEBJF,0001778788,failed,,,HTTPError,404 Client Error: Not Found for url: https://data.sec.gov/api/xbrl/companyfacts/CIK0001778788.json,2026-07-20T16:43:33,2026-07-20T16:43:34,0.807
WEBNF,0000719245,success,7600.0,data\facts\0000719245.parquet,,,2026-07-20T16:43:34,2026-07-20T16:43:36,1.185
WEC,0000783325,success,27327.0,data\facts\0000783325.parquet,,,2026-07-20T16:43:36,2026-07-20T16:43:37,1.417
WELL,0000766704,success,36390.0,data\facts\0000766704.parquet,,,2026-07-20T16:43:38,2026-07-20T16:43:39,1.677
WELPP,0000107815,success,18500.0,data\facts\0000107815.parquet,,,2026-07-20T16:43:40,2026-07-20T16:43:41,1.276
WEN,0000030697,success,24678.0,data\facts\0000030697.parquet,,,2026-07-20T16:43:42,2026-07-20T16:43:43,1.863
WENC,0002104260,success,53.0,data\facts\0002104260.parquet,,,2026-07-20T16:43:44,2026-07-20T16:43:45,1.046
WENN,0002057043,success,222.0,data\facts\0002057043.parquet,,,2026-07-20T16:43:45,2026-07-20T16:43:46,0.83
WERN,0000793074,success,21796.0,data\facts\0000793074.parquet,,,2026-07-20T16:43:46,2026-07-20T16:43:48,1.288
WES,0001423902,success,17449.0,data\facts\0001423902.parquet,,,2026-07-20T16:43:48,2026-07-20T16:43:49,1.206
WEST,0001806347,success,6046.0,data\facts\0001806347.parquet,,,2026-07-20T16:43:49,2026-07-20T16:43:50,0.915
WETH,0001826660,success,4971.0,data\facts\0001826660.parquet,,,2026-07-20T16:43:51,2026-07-20T16:43:52,1.13
WETO,0001941158,success,698.0,data\facts\0001941158.parquet,,,2026-07-20T16:43:52,2026-07-20T16:43:53,0.809
WEWA,0001616156,success,5401.0,data\facts\0001616156.parquet,,,2026-07-20T16:43:53,2026-07-20T16:43:54,0.894
WEX,0001309108,success,26973.0,data\facts\0001309108.parquet,,,2026-07-20T16:43:54,2026-07-20T16:43:56,1.486
WEXPF,0000842622,failed,,,HTTPError,404 Client Error: Not Found for url: https://data.sec.gov/api/xbrl/companyfacts/CIK0000842622.json,2026-07-20T16:43:56,2026-07-20T16:43:57,0.89
WEYS,0000106532,success,19213.0,data\facts\0000106532.parquet,,,2026-07-20T16:43:58,2026-07-20T16:43:59,1.422
WF,0001264136,success,8135.0,data\facts\0001264136.parquet,,,2026-07-20T16:43:59,2026-07-20T16:44:00,0.999
WFC,0000072971,success,51206.0,data\facts\0000072971.parquet,,,2026-07-20T16:44:01,2026-07-20T16:44:03,2.133
WFCF,0001360565,success,16789.0,data\facts\0001360565.parquet,,,2026-07-20T16:44:03,2026-07-20T16:44:05,1.306
WFF,0001980210,success,663.0,data\facts\0001980210.parquet,,,2026-07-20T16:44:05,2026-07-20T16:44:06,0.992
WFG,0001402388,success,1601.0,data\facts\0001402388.parquet,,,2026-07-20T16:44:06,2026-07-20T16:44:07,0.952
WFRD,0001603923,success,17429.0,data\facts\0001603923.parquet,,,2026-07-20T16:44:07,2026-07-20T16:44:09,1.107
WGO,0000107687,success,22454.0,data\facts\0000107687.parquet,,,2026-07-20T16:44:09,2026-07-20T16:44:10,1.272
WGRX,0002030763,success,1480.0,data\facts\0002030763.parquet,,,2026-07-20T16:44:11,2026-07-20T16:44:12,1.015
WGS,0001818331,success,7069.0,data\facts\0001818331.parquet,,,2026-07-20T16:44:12,2026-07-20T16:44:13,0.94
WH,0001722684,success,12019.0,data\facts\0001722684.parquet,,,2026-07-20T16:44:13,2026-07-20T16:44:14,1.098
WHD,0001699136,success,9788.0,data\facts\0001699136.parquet,,,2026-07-20T16:44:15,2026-07-20T16:44:16,1.195
WHEN,0000943535,success,8020.0,data\facts\0000943535.parquet,,,2026-07-20T16:44:16,2026-07-20T16:44:17,1.305
WHF,0001552198,success,4470.0,data\facts\0001552198.parquet,,,2026-07-20T16:44:18,2026-07-20T16:44:19,1.234
WHG,0001165002,success,18907.0,data\facts\0001165002.parquet,,,2026-07-20T16:44:19,2026-07-20T16:44:21,1.356
WHGOF,0001423867,failed,,,HTTPError,404 Client Error: Not Found for url: https://data.sec.gov/api/xbrl/companyfacts/CIK0001423867.json,2026-07-20T16:44:21,2026-07-20T16:44:22,0.965
WHK,0001921603,success,15.0,data\facts\0001921603.parquet,,,2026-07-20T16:44:22,2026-07-20T16:44:23,0.853
WHLR,0001527541,success,15819.0,data\facts\0001527541.parquet,,,2026-07-20T16:44:24,2026-07-20T16:44:25,1.276
WHLT,0001025771,success,6668.0,data\facts\0001025771.parquet,,,2026-07-20T16:44:25,2026-07-20T16:44:26,1.24
WHR,0000106640,success,27038.0,data\facts\0000106640.parquet,,,2026-07-20T16:44:27,2026-07-20T16:44:28,1.603
WHWK,0001422142,success,11334.0,data\facts\0001422142.parquet,,,2026-07-20T16:44:29,2026-07-20T16:44:30,1.149
WIA,0001254370,failed,,,HTTPError,404 Client Error: Not Found for url: https://data.sec.gov/api/xbrl/companyfacts/CIK0001254370.json,2026-07-20T16:44:30,2026-07-20T16:44:31,0.751
WILC,0001030997,success,3696.0,data\facts\0001030997.parquet,,,2026-07-20T16:44:31,2026-07-20T16:44:32,1.145
WIMI,0001770088,success,5859.0,data\facts\0001770088.parquet,,,2026-07-20T16:44:33,2026-07-20T16:44:34,1.032
WINA,0000908315,success,17275.0,data\facts\0000908315.parquet,,,2026-07-20T16:44:34,2026-07-20T16:44:36,1.512
WING,0001636222,success,12242.0,data\facts\0001636222.parquet,,,2026-07-20T16:44:36,2026-07-20T16:44:37,1.268
WINT,0000946486,success,13118.0,data\facts\0000946486.parquet,,,2026-07-20T16:44:38,2026-07-20T16:44:39,1.194
WINV,0001854463,success,2486.0,data\facts\0001854463.parquet,,,2026-07-20T16:44:39,2026-07-20T16:44:40,0.918
WIPKF,0002074059,failed,,,HTTPError,404 Client Error: Not Found for url: https://data.sec.gov/api/xbrl/companyfacts/CIK0002074059.json,2026-07-20T16:44:40,2026-07-20T16:44:41,0.905
WIT,0001123799,success,6020.0,data\facts\0001123799.parquet,,,2026-07-20T16:44:42,2026-07-20T16:44:43,0.948
WIW,0001267902,failed,,,HTTPError,404 Client Error: Not Found for url: https://data.sec.gov/api/xbrl/companyfacts/CIK0001267902.json,2026-07-20T16:44:43,2026-07-20T16:44:44,0.845
WIX,0001576789,success,5388.0,data\facts\0001576789.parquet,,,2026-07-20T16:44:44,2026-07-20T16:44:45,1.094
WK,0001445305,success,18414.0,data\facts\0001445305.parquet,,,2026-07-20T16:44:46,2026-07-20T16:44:47,1.206
WKC,0000789460,success,24492.0,data\facts\0000789460.parquet,,,2026-07-20T16:44:47,2026-07-20T16:44:49,1.365
WKEY,0001738699,success,4466.0,data\facts\0001738699.parquet,,,2026-07-20T16:44:49,2026-07-20T16:44:50,1.098
WKHS,0001425287,success,14312.0,data\facts\0001425287.parquet,,,2026-07-20T16:44:50,2026-07-20T16:44:52,1.23
WKSP,0001096275,success,12377.0,data\facts\0001096275.parquet,,,2026-07-20T16:44:52,2026-07-20T16:44:53,1.18
WLCO,0002101470,failed,,,ValueError,변환된 Fact Store가 비어 있습니다.,2026-07-20T16:44:53,2026-07-20T16:44:54,0.839
WLDN,0001370450,success,21115.0,data\facts\0001370450.parquet,,,2026-07-20T16:44:55,2026-07-20T16:44:56,1.231
WLDS,0001887673,success,1186.0,data\facts\0001887673.parquet,,,2026-07-20T16:44:56,2026-07-20T16:44:57,1.204
WLFC,0001018164,success,19615.0,data\facts\0001018164.parquet,,,2026-07-20T16:44:58,2026-07-20T16:44:59,1.28
WLFFF,0001544883,failed,,,HTTPError,404 Client Error: Not Found for url: https://data.sec.gov/api/xbrl/companyfacts/CIK0001544883.json,2026-07-20T16:44:59,2026-07-20T16:45:00,0.908
WLGSF,0001899658,success,688.0,data\facts\0001899658.parquet,,,2026-07-20T16:45:01,2026-07-20T16:45:02,1.051
WLII,0002083946,success,72.0,data\facts\0002083946.parquet,,,2026-07-20T16:45:02,2026-07-20T16:45:03,0.9
WLK,0001262823,success,22862.0,data\facts\0001262823.parquet,,,2026-07-20T16:45:03,2026-07-20T16:45:05,1.548
WLKP,0001604665,success,9284.0,data\facts\0001604665.parquet,,,2026-07-20T16:45:05,2026-07-20T16:45:06,1.17
WLSS,0001887912,success,1819.0,data\facts\0001887912.parquet,,,2026-07-20T16:45:07,2026-07-20T16:45:08,0.965
WLTH,0001524566,success,1064.0,data\facts\0001524566.parquet,,,2026-07-20T16:45:08,2026-07-20T16:45:09,0.958
WLY,0000107140,success,23250.0,data\facts\0000107140.parquet,,,2026-07-20T16:45:09,2026-07-20T16:45:11,1.549
WM,0000823768,success,24010.0,data\facts\0000823768.parquet,,,2026-07-20T16:45:11,2026-07-20T16:45:13,1.569
WMB,0000107263,success,32277.0,data\facts\0000107263.parquet,,,2026-07-20T16:45:13,2026-07-20T16:45:15,1.792
WMG,0001319161,success,17894.0,data\facts\0001319161.parquet,,,2026-07-20T16:45:15,2026-07-20T16:45:17,1.387
WMK,0000105418,success,14782.0,data\facts\0000105418.parquet,,,2026-07-20T16:45:17,2026-07-20T16:45:18,1.043
WMLLF,0001077640,failed,,,HTTPError,404 Client Error: Not Found for url: https://data.sec.gov/api/xbrl/companyfacts/CIK0001077640.json,2026-07-20T16:45:18,2026-07-20T16:45:19,0.796
WMS,0001604028,success,21290.0,data\facts\0001604028.parquet,,,2026-07-20T16:45:19,2026-07-20T16:45:21,1.923
WMT,0000104169,success,24871.0,data\facts\0000104169.parquet,,,2026-07-20T16:45:22,2026-07-20T16:45:23,1.567
WNC,0000879526,success,22567.0,data\facts\0000879526.parquet,,,2026-07-20T16:45:24,2026-07-20T16:45:25,1.387
WNDW,0001071840,success,11270.0,data\facts\0001071840.parquet,,,2026-07-20T16:45:25,2026-07-20T16:45:26,1.139
WNEB,0001157647,success,33193.0,data\facts\0001157647.parquet,,,2026-07-20T16:45:27,2026-07-20T16:45:29,1.726
WNFT,0001528188,success,1098.0,data\facts\0001528188.parquet,,,2026-07-20T16:45:29,2026-07-20T16:45:30,0.89
WNHK,0001503658,success,8750.0,data\facts\0001503658.parquet,,,2026-07-20T16:45:30,2026-07-20T16:45:31,1.224
WNLV,0001558740,success,3000.0,data\facts\0001558740.parquet,,,2026-07-20T16:45:32,2026-07-20T16:45:33,1.121
WNRS,0001587603,failed,,,HTTPError,404 Client Error: Not Found for url: https://data.sec.gov/api/xbrl/companyfacts/CIK0001587603.json,2026-07-20T16:45:33,2026-07-20T16:45:34,0.829
WNW,0001787803,success,2910.0,data\facts\0001787803.parquet,,,2026-07-20T16:45:34,2026-07-20T16:45:36,1.082
WOK,0001929783,success,1205.0,data\facts\0001929783.parquet,,,2026-07-20T16:45:36,2026-07-20T16:45:37,0.877
WOLF,0000895419,success,29724.0,data\facts\0000895419.parquet,,,2026-07-20T16:45:37,2026-07-20T16:45:39,1.559
WOOF,0001826470,success,6394.0,data\facts\0001826470.parquet,,,2026-07-20T16:45:39,2026-07-20T16:45:40,1.033
WOR,0000108516,success,26120.0,data\facts\0000108516.parquet,,,2026-07-20T16:45:40,2026-07-20T16:45:42,1.395
WORX,0001674227,success,8147.0,data\facts\0001674227.parquet,,,2026-07-20T16:45:42,2026-07-20T16:45:43,1.107
WPAC,0002081536,success,66.0,data\facts\0002081536.parquet,,,2026-07-20T16:45:44,2026-07-20T16:45:44,0.811
WPC,0001025378,success,31697.0,data\facts\0001025378.parquet,,,2026-07-20T16:45:45,2026-07-20T16:45:46,1.588
WPGCF,0001404353,failed,,,HTTPError,404 Client Error: Not Found for url: https://data.sec.gov/api/xbrl/companyfacts/CIK0001404353.json,2026-07-20T16:45:47,2026-07-20T16:45:47,0.703
WPM,0001323404,success,5211.0,data\facts\0001323404.parquet,,,2026-07-20T16:45:48,2026-07-20T16:45:49,1.152
WPP,0000806968,success,8874.0,data\facts\0000806968.parquet,,,2026-07-20T16:45:49,2026-07-20T16:45:50,1.037
WPRT,0001370416,success,7874.0,data\facts\0001370416.parquet,,,2026-07-20T16:45:51,2026-07-20T16:45:52,0.944
WRAP,0001702924,success,9007.0,data\facts\0001702924.parquet,,,2026-07-20T16:45:52,2026-07-20T16:45:53,1.146
WRB,0000011544,success,29830.0,data\facts\0000011544.parquet,,,2026-07-20T16:45:53,2026-07-20T16:45:55,1.534
WRBY,0001504776,success,5533.0,data\facts\0001504776.parquet,,,2026-07-20T16:45:55,2026-07-20T16:45:56,0.982
WRD,0001867729,success,693.0,data\facts\0001867729.parquet,,,2026-07-20T16:45:57,2026-07-20T16:45:58,0.955
WRIV,0001328409,failed,,,HTTPError,404 Client Error: Not Found for url: https://data.sec.gov/api/xbrl/companyfacts/CIK0001328409.json,2026-07-20T16:45:58,2026-07-20T16:45:59,0.974
WRLD,0000108385,success,21794.0,data\facts\0000108385.parquet,,,2026-07-20T16:45:59,2026-07-20T16:46:01,1.262
WRLGF,0001733968,failed,,,HTTPError,404 Client Error: Not Found for url: https://data.sec.gov/api/xbrl/companyfacts/CIK0001733968.json,2026-07-20T16:46:01,2026-07-20T16:46:02,0.804
WRN,0001364125,success,1544.0,data\facts\0001364125.parquet,,,2026-07-20T16:46:02,2026-07-20T16:46:03,1.029
WS,0001968487,success,3895.0,data\facts\0001968487.parquet,,,2026-07-20T16:46:03,2026-07-20T16:46:04,1.043
WSAT,0002101411,success,4.0,data\facts\0002101411.parquet,,,2026-07-20T16:46:05,2026-07-20T16:46:06,0.887
WSBC,0000203596,success,32486.0,data\facts\0000203596.parquet,,,2026-07-20T16:46:06,2026-07-20T16:46:08,1.702
WSBF,0001569994,success,25473.0,data\facts\0001569994.parquet,,,2026-07-20T16:46:08,2026-07-20T16:46:10,1.619
WSBK,0002047235,success,2083.0,data\facts\0002047235.parquet,,,2026-07-20T16:46:10,2026-07-20T16:46:11,0.914
WSC,0001647088,success,16321.0,data\facts\0001647088.parquet,,,2026-07-20T16:46:11,2026-07-20T16:46:13,1.364
WSE,0002099039,success,453.0,data\facts\0002099039.parquet,,,2026-07-20T16:46:13,2026-07-20T16:46:14,1.043
WSFS,0000828944,success,37241.0,data\facts\0000828944.parquet,,,2026-07-20T16:46:14,2026-07-20T16:46:16,1.746
WSHP,0002048271,success,184.0,data\facts\0002048271.parquet,,,2026-07-20T16:46:17,2026-07-20T16:46:18,0.88
WSM,0000719955,success,20094.0,data\facts\0000719955.parquet,,,2026-07-20T16:46:18,2026-07-20T16:46:19,1.39
WSO,0000105016,success,18181.0,data\facts\0000105016.parquet,,,2026-07-20T16:46:20,2026-07-20T16:46:21,1.262
WSR,0001175535,success,21029.0,data\facts\0001175535.parquet,,,2026-07-20T16:46:21,2026-07-20T16:46:23,1.336
WST,0000105770,success,27274.0,data\facts\0000105770.parquet,,,2026-07-20T16:46:23,2026-07-20T16:46:24,1.474
WSTN,0002076192,success,146.0,data\facts\0002076192.parquet,,,2026-07-20T16:46:25,2026-07-20T16:46:26,0.787
WSTRF,0001621906,success,6988.0,data\facts\0001621906.parquet,,,2026-07-20T16:46:26,2026-07-20T16:46:27,1.142
WT,0000880631,success,19148.0,data\facts\0000880631.parquet,,,2026-07-20T16:46:27,2026-07-20T16:46:29,1.209
WTBA,0001166928,success,30016.0,data\facts\0001166928.parquet,,,2026-07-20T16:46:29,2026-07-20T16:46:30,1.455
WTER,0001532390,success,8467.0,data\facts\0001532390.parquet,,,2026-07-20T16:46:31,2026-07-20T16:46:32,1.204
WTF,0001987363,success,569.0,data\facts\0001987363.parquet,,,2026-07-20T16:46:32,2026-07-20T16:46:33,1.078
WTFC,0001015328,success,48479.0,data\facts\0001015328.parquet,,,2026-07-20T16:46:34,2026-07-20T16:46:36,2.041
WTG,0002053927,success,385.0,data\facts\0002053927.parquet,,,2026-07-20T16:46:36,2026-07-20T16:46:37,0.901
WTHVF,0001562530,failed,,,HTTPError,404 Client Error: Not Found for url: https://data.sec.gov/api/xbrl/companyfacts/CIK0001562530.json,2026-07-20T16:46:37,2026-07-20T16:46:38,0.806
WTI,0001288403,success,18520.0,data\facts\0001288403.parquet,,,2026-07-20T16:46:39,2026-07-20T16:46:40,1.426
WTKWY,0000861967,failed,,,HTTPError,404 Client Error: Not Found for url: https://data.sec.gov/api/xbrl/companyfacts/CIK0000861967.json,2026-07-20T16:46:40,2026-07-20T16:46:41,0.918
WTM,0000776867,success,25021.0,data\facts\0000776867.parquet,,,2026-07-20T16:46:42,2026-07-20T16:46:44,1.976
WTRG,0000078128,success,23828.0,data\facts\0000078128.parquet,,,2026-07-20T16:46:44,2026-07-20T16:46:46,1.62
WTS,0000795403,success,21215.0,data\facts\0000795403.parquet,,,2026-07-20T16:46:46,2026-07-20T16:46:47,1.415
WTTR,0001693256,success,13092.0,data\facts\0001693256.parquet,,,2026-07-20T16:46:48,2026-07-20T16:46:49,1.303
WTW,0001140536,success,33138.0,data\facts\0001140536.parquet,,,2026-07-20T16:46:49,2026-07-20T16:46:51,1.795
WU,0001365135,success,27238.0,data\facts\0001365135.parquet,,,2026-07-20T16:46:51,2026-07-20T16:46:53,1.4
WULF,0001083301,success,15106.0,data\facts\0001083301.parquet,,,2026-07-20T16:46:53,2026-07-20T16:46:54,1.138
WVE,0001631574,success,8885.0,data\facts\0001631574.parquet,,,2026-07-20T16:46:55,2026-07-20T16:46:56,0.998
WVVI,0000838875,success,14779.0,data\facts\0000838875.parquet,,,2026-07-20T16:46:56,2026-07-20T16:46:57,1.223
WW,0000105319,success,26014.0,data\facts\0000105319.parquet,,,2026-07-20T16:46:58,2026-07-20T16:46:59,1.501
WWD,0000108312,success,29047.0,data\facts\0000108312.parquet,,,2026-07-20T16:46:59,2026-07-20T16:47:01,1.537
WWR,0000839470,success,12902.0,data\facts\0000839470.parquet,,,2026-07-20T16:47:01,2026-07-20T16:47:03,1.211
WWW,0000110471,success,30934.0,data\facts\0000110471.parquet,,,2026-07-20T16:47:03,2026-07-20T16:47:04,1.605
WXILY,0002123372,failed,,,HTTPError,404 Client Error: Not Found for url: https://data.sec.gov/api/xbrl/companyfacts/CIK0002123372.json,2026-07-20T16:47:05,2026-07-20T16:47:06,0.894
WXM,0001979610,success,901.0,data\facts\0001979610.parquet,,,2026-07-20T16:47:06,2026-07-20T16:47:07,1.034
WY,0000106535,success,22362.0,data\facts\0000106535.parquet,,,2026-07-20T16:47:07,2026-07-20T16:47:09,1.312
WYFI,0002042022,success,1405.0,data\facts\0002042022.parquet,,,2026-07-20T16:47:09,2026-07-20T16:47:10,0.81
WYGC,0000723533,success,5107.0,data\facts\0000723533.parquet,,,2026-07-20T16:47:10,2026-07-20T16:47:11,1.075
WYHG,0001999860,success,629.0,data\facts\0001999860.parquet,,,2026-07-20T16:47:12,2026-07-20T16:47:13,0.911
WYNN,0001174922,success,24899.0,data\facts\0001174922.parquet,,,2026-07-20T16:47:13,2026-07-20T16:47:14,1.264
WYTC,0001560143,success,6239.0,data\facts\0001560143.parquet,,,2026-07-20T16:47:15,2026-07-20T16:47:16,1.087
WYY,0001034760,success,17630.0,data\facts\0001034760.parquet,,,2026-07-20T16:47:16,2026-07-20T16:47:17,1.217
XAEIU,0001023458,success,7479.0,data\facts\0001023458.parquet,,,2026-07-20T16:47:18,2026-07-20T16:47:18,0.956
XAGE,0001842939,success,4087.0,data\facts\0001842939.parquet,,,2026-07-20T16:47:19,2026-07-20T16:47:20,1.029
XAIR,0001641631,success,9283.0,data\facts\0001641631.parquet,,,2026-07-20T16:47:20,2026-07-20T16:47:21,1.129
XAKJ,0001128252,failed,,,HTTPError,404 Client Error: Not Found for url: https://data.sec.gov/api/xbrl/companyfacts/CIK0001128252.json,2026-07-20T16:47:22,2026-07-20T16:47:22,0.791
XBIO,0001534525,success,9359.0,data\facts\0001534525.parquet,,,2026-07-20T16:47:23,2026-07-20T16:47:24,1.166
XBIT,0001626878,success,9392.0,data\facts\0001626878.parquet,,,2026-07-20T16:47:24,2026-07-20T16:47:25,1.153
XBP,0001839530,success,5204.0,data\facts\0001839530.parquet,,,2026-07-20T16:47:26,2026-07-20T16:47:27,0.936
XCBE,0002083493,success,103.0,data\facts\0002083493.parquet,,,2026-07-20T16:47:27,2026-07-20T16:47:28,0.889
XCH,0001979887,success,910.0,data\facts\0001979887.parquet,,,2026-07-20T16:47:28,2026-07-20T16:47:29,0.988
XCRT,0001138586,failed,,,HTTPError,404 Client Error: Not Found for url: https://data.sec.gov/api/xbrl/companyfacts/CIK0001138586.json,2026-07-20T16:47:30,2026-07-20T16:47:30,0.812
XCUR,0001698530,success,11220.0,data\facts\0001698530.parquet,,,2026-07-20T16:47:31,2026-07-20T16:47:32,1.228
XDT,0002038688,failed,,,HTTPError,404 Client Error: Not Found for url: https://data.sec.gov/api/xbrl/companyfacts/CIK0002038688.json,2026-07-20T16:47:32,2026-07-20T16:47:33,0.838
XE,0002088896,success,231.0,data\facts\0002088896.parquet,,,2026-07-20T16:47:34,2026-07-20T16:47:34,0.892
XEL,0000072903,success,28594.0,data\facts\0000072903.parquet,,,2026-07-20T16:47:35,2026-07-20T16:47:36,1.644
XELB,0001083220,success,15338.0,data\facts\0001083220.parquet,,,2026-07-20T16:47:37,2026-07-20T16:47:38,1.377
XENE,0001582313,success,11390.0,data\facts\0001582313.parquet,,,2026-07-20T16:47:39,2026-07-20T16:47:40,1.212
XERI,0001481504,success,10934.0,data\facts\0001481504.parquet,,,2026-07-20T16:47:40,2026-07-20T16:47:41,1.024
XERS,0001867096,success,6803.0,data\facts\0001867096.parquet,,,2026-07-20T16:47:41,2026-07-20T16:47:42,1.025
XFLH,0002088103,success,248.0,data\facts\0002088103.parquet,,,2026-07-20T16:47:43,2026-07-20T16:47:44,0.993
XFLT,0001703079,success,19.0,data\facts\0001703079.parquet,,,2026-07-20T16:47:44,2026-07-20T16:47:45,0.931
XFOR,0001501697,success,9819.0,data\facts\0001501697.parquet,,,2026-07-20T16:47:45,2026-07-20T16:47:46,1.036
XGN,0001274737,success,7662.0,data\facts\0001274737.parquet,,,2026-07-20T16:47:47,2026-07-20T16:47:48,1.07
XHG,0001769256,success,4956.0,data\facts\0001769256.parquet,,,2026-07-20T16:47:48,2026-07-20T16:47:49,1.054
XHLD,0002030954,success,1354.0,data\facts\0002030954.parquet,,,2026-07-20T16:47:50,2026-07-20T16:47:51,0.949
XHR,0001616000,success,15438.0,data\facts\0001616000.parquet,,,2026-07-20T16:47:51,2026-07-20T16:47:52,1.317
XIFR,0001603145,success,15955.0,data\facts\0001603145.parquet,,,2026-07-20T16:47:53,2026-07-20T16:47:54,1.454
XITO,0001651932,success,3923.0,data\facts\0001651932.parquet,,,2026-07-20T16:47:54,2026-07-20T16:47:55,1.16
XLAB,0002109869,success,44.0,data\facts\0002109869.parquet,,,2026-07-20T16:47:56,2026-07-20T16:47:57,0.983
XLO,0001840233,success,4040.0,data\facts\0001840233.parquet,,,2026-07-20T16:47:57,2026-07-20T16:47:58,1.079
XMAX,0001473334,success,19067.0,data\facts\0001473334.parquet,,,2026-07-20T16:47:59,2026-07-20T16:48:00,1.722
XMTR,0001657573,success,7298.0,data\facts\0001657573.parquet,,,2026-07-20T16:48:01,2026-07-20T16:48:02,1.338
XNCR,0001326732,success,15177.0,data\facts\0001326732.parquet,,,2026-07-20T16:48:02,2026-07-20T16:48:04,1.31
XNDU,0002097163,success,304.0,data\facts\0002097163.parquet,,,2026-07-20T16:48:04,2026-07-20T16:48:05,0.997
XNET,0001510593,success,6076.0,data\facts\0001510593.parquet,,,2026-07-20T16:48:05,2026-07-20T16:48:06,1.143
XOM,0002115436,success,5.0,data\facts\0002115436.parquet,,,2026-07-20T16:48:07,2026-07-20T16:48:08,0.851
XOMA,0000791908,success,15440.0,data\facts\0000791908.parquet,,,2026-07-20T16:48:08,2026-07-20T16:48:09,1.537
XONI,0002040753,failed,,,HTTPError,404 Client Error: Not Found for url: https://data.sec.gov/api/xbrl/companyfacts/CIK0002040753.json,2026-07-20T16:48:10,2026-07-20T16:48:11,0.897
XOS,0001819493,success,9154.0,data\facts\0001819493.parquet,,,2026-07-20T16:48:11,2026-07-20T16:48:12,1.16
XP,0001787425,success,3381.0,data\facts\0001787425.parquet,,,2026-07-20T16:48:13,2026-07-20T16:48:14,0.956
XPEL,0001767258,success,8473.0,data\facts\0001767258.parquet,,,2026-07-20T16:48:14,2026-07-20T16:48:15,1.143
XPER,0001788999,success,5693.0,data\facts\0001788999.parquet,,,2026-07-20T16:48:15,2026-07-20T16:48:16,0.93
XPEV,0001810997,success,3533.0,data\facts\0001810997.parquet,,,2026-07-20T16:48:17,2026-07-20T16:48:18,0.96
XPL,0000917225,success,12767.0,data\facts\0000917225.parquet,,,2026-07-20T16:48:18,2026-07-20T16:48:19,1.113
XPO,0001166003,success,23473.0,data\facts\0001166003.parquet,,,2026-07-20T16:48:19,2026-07-20T16:48:21,1.316
XPOF,0001802156,success,7801.0,data\facts\0001802156.parquet,,,2026-07-20T16:48:21,2026-07-20T16:48:22,0.978
XPON,0001894954,success,4183.0,data\facts\0001894954.parquet,,,2026-07-20T16:48:22,2026-07-20T16:48:24,1.143
XPRO,0001575828,success,19399.0,data\facts\0001575828.parquet,,,2026-07-20T16:48:24,2026-07-20T16:48:25,1.289
XRAY,0000818479,success,32220.0,data\facts\0000818479.parquet,,,2026-07-20T16:48:25,2026-07-20T16:48:27,1.555
XRN,0001533615,success,16932.0,data\facts\0001533615.parquet,,,2026-07-20T16:48:27,2026-07-20T16:48:29,1.376
XRP,0002039525,success,114.0,data\facts\0002039525.parquet,,,2026-07-20T16:48:29,2026-07-20T16:48:30,0.819
XRPN,0002044009,success,316.0,data\facts\0002044009.parquet,,,2026-07-20T16:48:30,2026-07-20T16:48:31,0.859
XRPZ,0002059438,success,121.0,data\facts\0002059438.parquet,,,2026-07-20T16:48:32,2026-07-20T16:48:32,0.798
XRTX,0001729214,success,138.0,data\facts\0001729214.parquet,,,2026-07-20T16:48:33,2026-07-20T16:48:34,0.945
XRX,0001770450,success,14906.0,data\facts\0001770450.parquet,,,2026-07-20T16:48:34,2026-07-20T16:48:35,1.219
XSIAX,0001124959,failed,,,ValueError,Company Facts에서 facts 데이터를 찾지 못했습니다.,2026-07-20T16:48:36,2026-07-20T16:48:36,0.705
XSLL,0002088807,success,117.0,data\facts\0002088807.parquet,,,2026-07-20T16:48:37,2026-07-20T16:48:38,1.038
XTGRF,0001288770,success,5423.0,data\facts\0001288770.parquet,,,2026-07-20T16:48:38,2026-07-20T16:48:39,0.917
XTIA,0001529113,success,16386.0,data\facts\0001529113.parquet,,,2026-07-20T16:48:39,2026-07-20T16:48:41,1.348
XTLB,0001023549,success,1999.0,data\facts\0001023549.parquet,,,2026-07-20T16:48:41,2026-07-20T16:48:42,1.036
XTND,0002111860,success,10.0,data\facts\0002111860.parquet,,,2026-07-20T16:48:42,2026-07-20T16:48:43,0.919
XTNT,0001453593,success,17517.0,data\facts\0001453593.parquet,,,2026-07-20T16:48:44,2026-07-20T16:48:45,1.115
XTRAF,0001684505,failed,,,HTTPError,404 Client Error: Not Found for url: https://data.sec.gov/api/xbrl/companyfacts/CIK0001684505.json,2026-07-20T16:48:45,2026-07-20T16:48:46,0.968
XTXXF,0001891512,success,586.0,data\facts\0001891512.parquet,,,2026-07-20T16:48:46,2026-07-20T16:48:48,1.173
XWEL,0001410428,success,18192.0,data\facts\0001410428.parquet,,,2026-07-20T16:48:48,2026-07-20T16:48:49,1.332
XXC,0001875994,success,308.0,data\facts\0001875994.parquet,,,2026-07-20T16:48:50,2026-07-20T16:48:50,0.865
XXI,0002070457,success,197.0,data\facts\0002070457.parquet,,,2026-07-20T16:48:51,2026-07-20T16:48:52,0.976
XXII,0001347858,success,18999.0,data\facts\0001347858.parquet,,,2026-07-20T16:48:52,2026-07-20T16:48:53,1.221
XYF,0001725033,success,6201.0,data\facts\0001725033.parquet,,,2026-07-20T16:48:54,2026-07-20T16:48:55,1.047
XYL,0001524472,success,25863.0,data\facts\0001524472.parquet,,,2026-07-20T16:48:55,2026-07-20T16:48:57,1.521
XYZ,0001512673,success,17539.0,data\facts\0001512673.parquet,,,2026-07-20T16:48:57,2026-07-20T16:48:58,1.274
XZJCF,0001562805,failed,,,HTTPError,404 Client Error: Not Found for url: https://data.sec.gov/api/xbrl/companyfacts/CIK0001562805.json,2026-07-20T16:48:59,2026-07-20T16:48:59,0.747
XZO,0001873951,success,1155.0,data\facts\0001873951.parquet,,,2026-07-20T16:49:00,2026-07-20T16:49:01,1.004
YAAS,0001964946,success,567.0,data\facts\0001964946.parquet,,,2026-07-20T16:49:01,2026-07-20T16:49:02,1.009
YALA,0001794350,success,1990.0,data\facts\0001794350.parquet,,,2026-07-20T16:49:02,2026-07-20T16:49:03,1.042
YAMHF,0001447100,failed,,,HTTPError,404 Client Error: Not Found for url: https://data.sec.gov/api/xbrl/companyfacts/CIK0001447100.json,2026-07-20T16:49:04,2026-07-20T16:49:05,0.879
YARIY,0001279956,failed,,,HTTPError,404 Client Error: Not Found for url: https://data.sec.gov/api/xbrl/companyfacts/CIK0001279956.json,2026-07-20T16:49:05,2026-07-20T16:49:06,0.873
YARRF,0002099818,failed,,,HTTPError,404 Client Error: Not Found for url: https://data.sec.gov/api/xbrl/companyfacts/CIK0002099818.json,2026-07-20T16:49:06,2026-07-20T16:49:07,0.781
YB,0001995520,success,402.0,data\facts\0001995520.parquet,,,2026-07-20T16:49:07,2026-07-20T16:49:08,1.002
YBGJ,0000895464,success,7570.0,data\facts\0000895464.parquet,,,2026-07-20T16:49:09,2026-07-20T16:49:10,1.062
YBZN,0001885514,failed,,,HTTPError,404 Client Error: Not Found for url: https://data.sec.gov/api/xbrl/companyfacts/CIK0001885514.json,2026-07-20T16:49:10,2026-07-20T16:49:11,0.825
YCBD,0001644903,success,11039.0,data\facts\0001644903.parquet,,,2026-07-20T16:49:11,2026-07-20T16:49:12,1.074
YCY,0002075336,success,186.0,data\facts\0002075336.parquet,,,2026-07-20T16:49:13,2026-07-20T16:49:14,0.826
YDDL,0002034723,success,271.0,data\facts\0002034723.parquet,,,2026-07-20T16:49:14,2026-07-20T16:49:15,1.015
YDES,0002011674,success,648.0,data\facts\0002011674.parquet,,,2026-07-20T16:49:15,2026-07-20T16:49:16,0.816
YDKG,0001413745,success,7121.0,data\facts\0001413745.parquet,,,2026-07-20T16:49:16,2026-07-20T16:49:18,1.117
YELP,0001345016,success,20428.0,data\facts\0001345016.parquet,,,2026-07-20T16:49:18,2026-07-20T16:49:19,1.391
YETI,0001670592,success,9758.0,data\facts\0001670592.parquet,,,2026-07-20T16:49:20,2026-07-20T16:49:21,1.094
YEXT,0001614178,success,13412.0,data\facts\0001614178.parquet,,,2026-07-20T16:49:21,2026-07-20T16:49:22,1.127
YGMZF,0001782037,success,3969.0,data\facts\0001782037.parquet,,,2026-07-20T16:49:23,2026-07-20T16:49:24,1.176
YGSHY,0002053843,failed,,,HTTPError,404 Client Error: Not Found for url: https://data.sec.gov/api/xbrl/companyfacts/CIK0002053843.json,2026-07-20T16:49:24,2026-07-20T16:49:25,0.902
YHC,0001843165,success,2195.0,data\facts\0001843165.parquet,,,2026-07-20T16:49:25,2026-07-20T16:49:26,0.883
YHGJ,0001042187,success,17939.0,data\facts\0001042187.parquet,,,2026-07-20T16:49:27,2026-07-20T16:49:28,1.303
YHNA,0002020987,success,618.0,data\facts\0002020987.parquet,,,2026-07-20T16:49:28,2026-07-20T16:49:29,1.053
YI,0001738906,success,4026.0,data\facts\0001738906.parquet,,,2026-07-20T16:49:30,2026-07-20T16:49:31,0.953
YIBO,0001868395,success,1462.0,data\facts\0001868395.parquet,,,2026-07-20T16:49:31,2026-07-20T16:49:32,0.869
YICC,0002130386,success,9.0,data\facts\0002130386.parquet,,,2026-07-20T16:49:32,2026-07-20T16:49:33,1.009
YJ,0001759614,success,3823.0,data\facts\0001759614.parquet,,,2026-07-20T16:49:34,2026-07-20T16:49:35,0.956
YKCLY,0002107946,failed,,,HTTPError,404 Client Error: Not Found for url: https://data.sec.gov/api/xbrl/companyfacts/CIK0002107946.json,2026-07-20T16:49:35,2026-07-20T16:49:36,0.82
YLY,0002053115,failed,,,HTTPError,404 Client Error: Not Found for url: https://data.sec.gov/api/xbrl/companyfacts/CIK0002053115.json,2026-07-20T16:49:36,2026-07-20T16:49:37,1.008
YMAT,0001875016,success,4.0,data\facts\0001875016.parquet,,,2026-07-20T16:49:37,2026-07-20T16:49:38,0.812
YMM,0001838413,success,2984.0,data\facts\0001838413.parquet,,,2026-07-20T16:49:39,2026-07-20T16:49:40,1.1
YMT,0001991605,success,453.0,data\facts\0001991605.parquet,,,2026-07-20T16:49:40,2026-07-20T16:49:41,0.887
YNVYF,0001427728,failed,,,HTTPError,404 Client Error: Not Found for url: https://data.sec.gov/api/xbrl/companyfacts/CIK0001427728.json,2026-07-20T16:49:41,2026-07-20T16:49:42,0.825
YOOV,0002001794,success,635.0,data\facts\0002001794.parquet,,,2026-07-20T16:49:42,2026-07-20T16:49:43,0.982
YORW,0000108985,success,16317.0,data\facts\0000108985.parquet,,,2026-07-20T16:49:44,2026-07-20T16:49:45,1.138
YOU,0001856314,success,6752.0,data\facts\0001856314.parquet,,,2026-07-20T16:49:45,2026-07-20T16:49:46,1.065
YOUL,0002028177,success,1420.0,data\facts\0002028177.parquet,,,2026-07-20T16:49:47,2026-07-20T16:49:48,1.147
YPF,0000904851,success,5390.0,data\facts\0000904851.parquet,,,2026-07-20T16:49:48,2026-07-20T16:49:49,1.094
YQ,0001821468,success,2329.0,data\facts\0001821468.parquet,,,2026-07-20T16:49:50,2026-07-20T16:49:51,0.976
YRD,0001631761,success,5013.0,data\facts\0001631761.parquet,,,2026-07-20T16:49:51,2026-07-20T16:49:52,1.286
YSG,0001819580,success,3386.0,data\facts\0001819580.parquet,,,2026-07-20T16:49:53,2026-07-20T16:49:54,1.135
YSGL,0002071489,success,425.0,data\facts\0002071489.parquet,,,2026-07-20T16:49:54,2026-07-20T16:49:55,0.886
YSS,0002086587,success,280.0,data\facts\0002086587.parquet,,,2026-07-20T16:49:55,2026-07-20T16:49:56,0.979
YSWY,0001859836,success,84.0,data\facts\0001859836.parquet,,,2026-07-20T16:49:57,2026-07-20T16:49:58,0.996
YSXT,0001993463,success,1158.0,data\facts\0001993463.parquet,,,2026-07-20T16:49:58,2026-07-20T16:49:59,0.957
YTFD,0001311673,success,4646.0,data\facts\0001311673.parquet,,,2026-07-20T16:49:59,2026-07-20T16:50:01,1.366
YTRA,0001516899,success,5281.0,data\facts\0001516899.parquet,,,2026-07-20T16:50:01,2026-07-20T16:50:02,1.173
YUM,0001041061,success,23703.0,data\facts\0001041061.parquet,,,2026-07-20T16:50:03,2026-07-20T16:50:04,1.553
YUMC,0001673358,success,15259.0,data\facts\0001673358.parquet,,,2026-07-20T16:50:04,2026-07-20T16:50:06,1.171
YXT,0001872090,success,1385.0,data\facts\0001872090.parquet,,,2026-07-20T16:50:06,2026-07-20T16:50:07,0.88
YYAI,0001674440,success,7655.0,data\facts\0001674440.parquet,,,2026-07-20T16:50:07,2026-07-20T16:50:08,1.046
YYGH,0001985337,success,644.0,data\facts\0001985337.parquet,,,2026-07-20T16:50:09,2026-07-20T16:50:09,0.833
ZABKY,0002138474,failed,,,HTTPError,404 Client Error: Not Found for url: https://data.sec.gov/api/xbrl/companyfacts/CIK0002138474.json,2026-07-20T16:50:10,2026-07-20T16:50:11,0.943
ZARE,0001327978,success,20204.0,data\facts\0001327978.parquet,,,2026-07-20T16:50:11,2026-07-20T16:50:12,1.174
ZBAO,0001966750,success,2090.0,data\facts\0001966750.parquet,,,2026-07-20T16:50:13,2026-07-20T16:50:14,1.082
ZBH,0001136869,success,27224.0,data\facts\0001136869.parquet,,,2026-07-20T16:50:14,2026-07-20T16:50:16,1.579
ZBIO,0001953926,success,1707.0,data\facts\0001953926.parquet,,,2026-07-20T16:50:16,2026-07-20T16:50:17,0.984
ZBRA,0000877212,success,28855.0,data\facts\0000877212.parquet,,,2026-07-20T16:50:17,2026-07-20T16:50:19,1.67
ZCAR,0001854275,success,6354.0,data\facts\0001854275.parquet,,,2026-07-20T16:50:19,2026-07-20T16:50:21,1.308
ZCMD,0001785566,success,4618.0,data\facts\0001785566.parquet,,,2026-07-20T16:50:21,2026-07-20T16:50:22,1.137
ZCRMF,0001425061,failed,,,HTTPError,404 Client Error: Not Found for url: https://data.sec.gov/api/xbrl/companyfacts/CIK0001425061.json,2026-07-20T16:50:23,2026-07-20T16:50:23,0.801
ZCSH,0001720265,success,1814.0,data\facts\0001720265.parquet,,,2026-07-20T16:50:24,2026-07-20T16:50:25,1.184
ZD,0001084048,success,29318.0,data\facts\0001084048.parquet,,,2026-07-20T16:50:25,2026-07-20T16:50:27,1.747
ZDAI,0001966678,success,658.0,data\facts\0001966678.parquet,,,2026-07-20T16:50:27,2026-07-20T16:50:28,0.943
ZDGE,0001667313,success,9968.0,data\facts\0001667313.parquet,,,2026-07-20T16:50:29,2026-07-20T16:50:30,1.397
ZDPY,0001279620,success,11295.0,data\facts\0001279620.parquet,,,2026-07-20T16:50:30,2026-07-20T16:50:32,1.108
ZENA,0001997403,success,938.0,data\facts\0001997403.parquet,,,2026-07-20T16:50:32,2026-07-20T16:50:33,0.918
ZENVF,0001836934,success,1900.0,data\facts\0001836934.parquet,,,2026-07-20T16:50:33,2026-07-20T16:50:34,0.956
ZEO,0001865506,success,4167.0,data\facts\0001865506.parquet,,,2026-07-20T16:50:34,2026-07-20T16:50:36,1.123
ZEOX,0001557376,success,10065.0,data\facts\0001557376.parquet,,,2026-07-20T16:50:36,2026-07-20T16:50:37,1.357
ZEPP,0001720446,success,4873.0,data\facts\0001720446.parquet,,,2026-07-20T16:50:38,2026-07-20T16:50:39,0.93
ZETA,0001851003,success,6878.0,data\facts\0001851003.parquet,,,2026-07-20T16:50:39,2026-07-20T16:50:40,0.996
ZG,0001617640,success,15210.0,data\facts\0001617640.parquet,,,2026-07-20T16:50:40,2026-07-20T16:50:41,1.129
ZGJLY,0002087840,failed,,,HTTPError,404 Client Error: Not Found for url: https://data.sec.gov/api/xbrl/companyfacts/CIK0002087840.json,2026-07-20T16:50:42,2026-07-20T16:50:43,0.862
ZGN,0001877787,success,3416.0,data\facts\0001877787.parquet,,,2026-07-20T16:50:43,2026-07-20T16:50:44,0.774
ZH,0001835724,success,2397.0,data\facts\0001835724.parquet,,,2026-07-20T16:50:44,2026-07-20T16:50:45,0.767
ZHDM,0001950209,failed,,,HTTPError,404 Client Error: Not Found for url: https://data.sec.gov/api/xbrl/companyfacts/CIK0001950209.json,2026-07-20T16:50:45,2026-07-20T16:50:45,0.48
ZHJD,0001794276,success,3294.0,data\facts\0001794276.parquet,,,2026-07-20T16:50:46,2026-07-20T16:50:46,0.598
ZICX,0001465311,success,642.0,data\facts\0001465311.parquet,,,2026-07-20T16:50:47,2026-07-20T16:50:47,0.55
ZIM,0001654126,success,2745.0,data\facts\0001654126.parquet,,,2026-07-20T16:50:47,2026-07-20T16:50:48,0.735
ZION,0000109380,success,42368.0,data\facts\0000109380.parquet,,,2026-07-20T16:50:48,2026-07-20T16:50:50,1.285
ZIP,0001617553,success,7128.0,data\facts\0001617553.parquet,,,2026-07-20T16:50:50,2026-07-20T16:50:51,0.681
ZIVO,0001101026,success,9742.0,data\facts\0001101026.parquet,,,2026-07-20T16:50:51,2026-07-20T16:50:52,1.143
ZJGIY,0002093654,failed,,,HTTPError,404 Client Error: Not Found for url: https://data.sec.gov/api/xbrl/companyfacts/CIK0002093654.json,2026-07-20T16:50:52,2026-07-20T16:50:53,0.934
ZJK,0001941506,success,1066.0,data\facts\0001941506.parquet,,,2026-07-20T16:50:54,2026-07-20T16:50:55,0.943
ZJYL,0001837821,success,2004.0,data\facts\0001837821.parquet,,,2026-07-20T16:50:55,2026-07-20T16:50:56,0.896
ZKH,0001862044,success,1427.0,data\facts\0001862044.parquet,,,2026-07-20T16:50:56,2026-07-20T16:50:57,1.07
ZKIN,0001687451,success,4149.0,data\facts\0001687451.parquet,,,2026-07-20T16:50:58,2026-07-20T16:50:59,0.883
ZKP,0002087447,success,100.0,data\facts\0002087447.parquet,,,2026-07-20T16:50:59,2026-07-20T16:51:00,0.864
ZLAB,0001704292,success,8188.0,data\facts\0001704292.parquet,,,2026-07-20T16:51:00,2026-07-20T16:51:01,1.119
ZLDPF,0002068427,failed,,,HTTPError,404 Client Error: Not Found for url: https://data.sec.gov/api/xbrl/companyfacts/CIK0002068427.json,2026-07-20T16:51:02,2026-07-20T16:51:02,0.888
ZLME,0001489300,success,3818.0,data\facts\0001489300.parquet,,,2026-07-20T16:51:03,2026-07-20T16:51:04,1.016
ZM,0001585521,success,10717.0,data\facts\0001585521.parquet,,,2026-07-20T16:51:04,2026-07-20T16:51:05,1.07
ZNB,0001747661,success,3439.0,data\facts\0001747661.parquet,,,2026-07-20T16:51:06,2026-07-20T16:51:07,1.037
ZNKUF,0001705455,failed,,,HTTPError,404 Client Error: Not Found for url: https://data.sec.gov/api/xbrl/companyfacts/CIK0001705455.json,2026-07-20T16:51:07,2026-07-20T16:51:08,0.876
ZNOG,0001131312,success,12125.0,data\facts\0001131312.parquet,,,2026-07-20T16:51:08,2026-07-20T16:51:09,1.084
ZNTL,0001725160,success,7637.0,data\facts\0001725160.parquet,,,2026-07-20T16:51:10,2026-07-20T16:51:11,1.045
ZOMDF,0001684144,success,10495.0,data\facts\0001684144.parquet,,,2026-07-20T16:51:11,2026-07-20T16:51:13,1.467
ZONE,0001956741,success,2344.0,data\facts\0001956741.parquet,,,2026-07-20T16:51:13,2026-07-20T16:51:14,1.123
ZOOZ,0001992818,success,1054.0,data\facts\0001992818.parquet,,,2026-07-20T16:51:14,2026-07-20T16:51:15,0.9
ZPHYF,0001613979,failed,,,HTTPError,404 Client Error: Not Found for url: https://data.sec.gov/api/xbrl/companyfacts/CIK0001613979.json,2026-07-20T16:51:16,2026-07-20T16:51:17,0.873
ZPTA,0001843714,success,3170.0,data\facts\0001843714.parquet,,,2026-07-20T16:51:17,2026-07-20T16:51:18,1.192
ZRCN,0001901297,success,4426.0,data\facts\0001901297.parquet,,,2026-07-20T16:51:18,2026-07-20T16:51:20,1.248
ZS,0001713683,success,12839.0,data\facts\0001713683.parquet,,,2026-07-20T16:51:20,2026-07-20T16:51:21,1.138
ZSHLY,0002088776,failed,,,HTTPError,404 Client Error: Not Found for url: https://data.sec.gov/api/xbrl/companyfacts/CIK0002088776.json,2026-07-20T16:51:22,2026-07-20T16:51:22,0.952
ZSICY,0002076398,failed,,,HTTPError,404 Client Error: Not Found for url: https://data.sec.gov/api/xbrl/companyfacts/CIK0002076398.json,2026-07-20T16:51:23,2026-07-20T16:51:24,0.796
ZSPC,0001637147,success,1352.0,data\facts\0001637147.parquet,,,2026-07-20T16:51:24,2026-07-20T16:51:25,0.974
ZSQR,0001759186,success,6146.0,data\facts\0001759186.parquet,,,2026-07-20T16:51:25,2026-07-20T16:51:26,1.181
ZSTK,0001790169,success,5657.0,data\facts\0001790169.parquet,,,2026-07-20T16:51:27,2026-07-20T16:51:28,1.055
ZTEK,0001904501,success,1279.0,data\facts\0001904501.parquet,,,2026-07-20T16:51:28,2026-07-20T16:51:29,0.986
ZTG,0002011458,success,306.0,data\facts\0002011458.parquet,,,2026-07-20T16:51:30,2026-07-20T16:51:30,0.876
ZTO,0001677250,success,5618.0,data\facts\0001677250.parquet,,,2026-07-20T16:51:31,2026-07-20T16:51:32,1.289
ZTR,0000836412,failed,,,ValueError,Company Facts에서 facts 데이터를 찾지 못했습니다.,2026-07-20T16:51:32,2026-07-20T16:51:33,0.859
ZTS,0001555280,success,23305.0,data\facts\0001555280.parquet,,,2026-07-20T16:51:34,2026-07-20T16:51:35,1.441
ZUMZ,0001318008,success,18654.0,data\facts\0001318008.parquet,,,2026-07-20T16:51:35,2026-07-20T16:51:37,1.333
ZURA,0001855644,success,2900.0,data\facts\0001855644.parquet,,,2026-07-20T16:51:37,2026-07-20T16:51:38,0.895
ZVIA,0001854139,success,5567.0,data\facts\0001854139.parquet,,,2026-07-20T16:51:38,2026-07-20T16:51:39,1.082
ZVRA,0001434647,success,12579.0,data\facts\0001434647.parquet,,,2026-07-20T16:51:40,2026-07-20T16:51:41,1.055
ZVSA,0001859007,success,3012.0,data\facts\0001859007.parquet,,,2026-07-20T16:51:41,2026-07-20T16:51:42,1.151
ZWS,0001439288,success,25143.0,data\facts\0001439288.parquet,,,2026-07-20T16:51:43,2026-07-20T16:51:44,1.322
ZYBT,0001975641,success,1475.0,data\facts\0001975641.parquet,,,2026-07-20T16:51:44,2026-07-20T16:51:45,1.083
ZYME,0001937653,success,5105.0,data\facts\0001937653.parquet,,,2026-07-20T16:51:46,2026-07-20T16:51:47,0.915
