ticker,company_name,cik,exchange,target_end_date,revenue,operating_income,net_income,assets,liabilities,revenue_tag,operating_income_tag,net_income_tag,assets_tag,liabilities_tag,liabilities_calculated,liabilities_method,revenue_end_date,operating_income_end_date,net_income_end_date,assets_end_date,liabilities_end_date,revenue_fiscal_year,revenue_filed_date,data_age_days,is_stale,financial_warning,warning_count,warning_messages,operating_margin,net_margin,liability_to_assets,period_consistent,period_issues,response_seconds
A,"AGILENT TECHNOLOGIES, INC.",0001090872,NYSE,2025-10-31,6948000000,1479000000.0,1303000000.0,12727000000,5986000000.0,RevenueFromContractWithCustomerExcludingAssessedTax,OperatingIncomeLoss,NetIncomeLoss,Assets,Liabilities,False,,2025-10-31,2025-10-31,2025-10-31,2025-10-31,2025-10-31,2025,2025-12-22,258,False,False,0,,0.21286701208981001,0.18753598157743234,0.470338650113931,True,,1.231
AA,Alcoa Corp,0001675149,NYSE,2025-12-31,12831000000,,1157000000.0,16129000000,9935000000.0,RevenueFromContractWithCustomerExcludingAssessedTax,,NetIncomeLoss,Assets,Liabilities,False,,2025-12-31,,2025-12-31,2025-12-31,2025-12-31,2025,2026-02-26,197,False,False,0,,,0.09017223910840932,0.6159712319424638,False,{'operating_income': '값 없음'},1.019
AAL,American Airlines Group Inc.,0000006201,Nasdaq,2025-12-31,54633000000,1467000000.0,111000000.0,61774000000,65501000000.0,RevenueFromContractWithCustomerExcludingAssessedTax,OperatingIncomeLoss,NetIncomeLoss,Assets,CALCULATED:LiabilitiesAndStockholdersEquity-StockholdersEquity,True,LiabilitiesAndEquity - Equity,2025-12-31,2025-12-31,2025-12-31,2025-12-31,2025-12-31,2025,2026-02-18,197,False,True,1,liabilities_exceed_assets,0.026851902696172644,0.002031739058810609,1.0603328261080713,True,,0.948
AAME,ATLANTIC AMERICAN CORP,0000008177,Nasdaq,2024-12-31,188227000,-4958000.0,-4268000.0,393428000,293815000.0,Revenues,OperatingIncomeLoss,NetIncomeLoss,Assets,Liabilities,False,,2024-12-31,2024-12-31,2024-12-31,2024-12-31,2024-12-31,2024,2025-03-25,562,False,False,0,,-0.02634053562985119,-0.02267474910613249,0.7468075480138678,True,,0.93
AAMI,Acadian Asset Management Inc.,0001748824,NYSE,2025-12-31,563700000,132100000.0,80000000.0,677000000,593000000.0,RevenueFromContractWithCustomerExcludingAssessedTax,OperatingIncomeLoss,NetIncomeLoss,Assets,Liabilities,False,,2025-12-31,2025-12-31,2025-12-31,2025-12-31,2025-12-31,2025,2026-02-27,197,False,False,0,,0.23434450949086394,0.14191946070604933,0.8759231905465288,True,,0.781
AAOI,"APPLIED OPTOELECTRONICS, INC.",0001158114,Nasdaq,2025-12-31,455715000,-54602000.0,-38228000.0,1168423000,434505000.0,RevenueFromContractWithCustomerExcludingAssessedTax,OperatingIncomeLoss,NetIncomeLoss,Assets,Liabilities,False,,2025-12-31,2025-12-31,2025-12-31,2025-12-31,2025-12-31,2025,2026-02-26,197,False,False,0,,-0.1198161131408885,-0.08388576193454242,0.37187302886026724,True,,0.845
AAON,"AAON, INC.",0000824142,Nasdaq,2017-12-31,405232000,74235000.0,53830000.0,296780000,57855000.0,SalesRevenueGoodsNet,OperatingIncomeLoss,NetIncomeLoss,Assets,CALCULATED:LiabilitiesAndStockholdersEquity-StockholdersEquityIncludingPortionAttributableToNoncontrollingInterest,True,LiabilitiesAndEquity - Equity,2017-12-31,2017-12-31,2017-12-31,2017-12-31,2017-12-31,2017,2018-02-27,3119,True,False,0,,0.18319135704978876,0.13283748568721127,0.19494238156209986,True,,0.91
AAP,ADVANCE AUTO PARTS INC,0001158449,NYSE,2026-01-03,8601000000,-43000000.0,44000000.0,11826000000,9628000000.0,RevenueFromContractWithCustomerExcludingAssessedTax,OperatingIncomeLoss,NetIncomeLoss,Assets,Liabilities,False,,2026-01-03,2026-01-03,2026-01-03,2026-01-03,2026-01-03,2026,2026-02-13,194,False,False,0,,-0.004999418672247413,0.005115684222764795,0.8141383392524945,True,,1.135
AAPL,Apple Inc.,0000320193,Nasdaq,2025-09-27,416161000000,133050000000.0,112010000000.0,359241000000,285508000000.0,RevenueFromContractWithCustomerExcludingAssessedTax,OperatingIncomeLoss,NetIncomeLoss,Assets,Liabilities,False,,2025-09-27,2025-09-27,2025-09-27,2025-09-27,2025-09-27,2025,2025-10-31,292,False,False,0,,0.31970799762591884,0.2691506412181824,0.7947533828265705,True,,1.064
AAT,"American Assets Trust, Inc.",0001500217,NYSE,2025-12-31,39914000,145932000.0,71370000.0,2921276000,1830071000.0,RevenueFromContractWithCustomerExcludingAssessedTax,OperatingIncomeLoss,ProfitLoss,Assets,Liabilities,False,,2025-12-31,2025-12-31,2025-12-31,2025-12-31,2025-12-31,2025,2026-02-06,197,False,True,2,operating_income_exceeds_revenue|net_income_exceeds_revenue,3.6561607456030467,1.7880944029663777,0.6264628881351848,True,,0.844
ABAT,AMERICAN BATTERY TECHNOLOGY Co,0001576873,Nasdaq,2025-06-30,4290224,-42023329.0,-46762625.0,84457791,13858768.0,RevenueFromContractWithCustomerExcludingAssessedTax,OperatingIncomeLoss,NetIncomeLoss,Assets,Liabilities,False,,2025-06-30,2025-06-30,2025-06-30,2025-06-30,2025-06-30,2025,2025-09-18,381,False,False,0,,-9.795136337869538,-10.899809660288135,0.16409105466658488,True,,0.746
ABBV,AbbVie Inc.,0001551152,NYSE,2025-12-31,61160000000,15075000000.0,4226000000.0,133960000000,137230000000.0,RevenueFromContractWithCustomerExcludingAssessedTax,OperatingIncomeLoss,NetIncomeLoss,Assets,CALCULATED:LiabilitiesAndStockholdersEquity-StockholdersEquity,True,LiabilitiesAndEquity - Equity,2025-12-31,2025-12-31,2025-12-31,2025-12-31,2025-12-31,2025,2026-02-20,197,False,True,1,liabilities_exceed_assets,0.24648463047743624,0.06909744931327665,1.0244102717229024,True,,0.879
ABCL,AbCellera Biologics Inc.,0001703057,Nasdaq,2025-12-31,75128000,-217103000.0,-146412000.0,1356950000,390046000.0,RevenueFromContractWithCustomerExcludingAssessedTax,OperatingIncomeLoss,NetIncomeLoss,Assets,Liabilities,False,,2025-12-31,2025-12-31,2025-12-31,2025-12-31,2025-12-31,2025,2026-02-24,197,False,False,0,,-2.889774784368012,-1.9488339899904163,0.2874431629757913,True,,0.984
ABEO,ABEONA THERAPEUTICS INC.,0000318306,Nasdaq,2025-12-31,5820000,-89448000.0,71183000.0,219570000,60354000.0,RevenueFromContractWithCustomerExcludingAssessedTax,OperatingIncomeLoss,NetIncomeLoss,Assets,Liabilities,False,,2025-12-31,2025-12-31,2025-12-31,2025-12-31,2025-12-31,2025,2026-03-17,197,False,True,1,net_income_exceeds_revenue,-15.369072164948454,12.230756013745705,0.27487361661429155,True,,0.996
ABG,ASBURY AUTOMOTIVE GROUP INC,0001144980,NYSE,2025-12-31,17999000000,860600000.0,492000000.0,11618200000,7726300000.0,Revenues,OperatingIncomeLoss,NetIncomeLoss,Assets,CALCULATED:LiabilitiesAndStockholdersEquity-StockholdersEquity,True,LiabilitiesAndEquity - Equity,2025-12-31,2025-12-31,2025-12-31,2025-12-31,2025-12-31,2025,2026-02-20,197,False,False,0,,0.047813767431523976,0.02733485193621868,0.6650169561549982,True,,1.093
ABM,ABM INDUSTRIES INC /DE/,0000771497,NYSE,2025-10-31,8745900000,311700000.0,162400000.0,5269500000,3483800000.0,RevenueFromContractWithCustomerExcludingAssessedTax,OperatingIncomeLoss,NetIncomeLoss,Assets,Liabilities,False,,2025-10-31,2025-10-31,2025-10-31,2025-10-31,2025-10-31,2025,2025-12-19,258,False,False,0,,0.03563955682091037,0.018568700762643067,0.6611253439605276,True,,0.92
ABNB,"Airbnb, Inc.",0001559720,Nasdaq,2025-12-31,12241000000,2544000000.0,2511000000.0,22208000000,14009000000.0,RevenueFromContractWithCustomerExcludingAssessedTax,OperatingIncomeLoss,NetIncomeLoss,Assets,Liabilities,False,,2025-12-31,2025-12-31,2025-12-31,2025-12-31,2025-12-31,2025,2026-02-12,197,False,False,0,,0.20782615799362797,0.20513029981210684,0.6308087175792507,True,,0.759
ABSI,Absci Corp,0001672688,Nasdaq,2024-12-31,4534000,-108888000.0,-103106000.0,213608000,34475000.0,Revenues,OperatingIncomeLoss,NetIncomeLoss,Assets,Liabilities,False,,2024-12-31,2024-12-31,2024-12-31,2024-12-31,2024-12-31,2024,2025-03-18,562,False,False,0,,-24.015880017644463,-22.740626378473753,0.16139376802366953,True,,0.73
ABT,ABBOTT LABORATORIES,0000001800,NYSE,2025-12-31,44328000000,8053000000.0,6524000000.0,86713000000,34583000000.0,RevenueFromContractWithCustomerExcludingAssessedTax,OperatingIncomeLoss,NetIncomeLoss,Assets,CALCULATED:LiabilitiesAndStockholdersEquity-StockholdersEquity,True,LiabilitiesAndEquity - Equity,2025-12-31,2025-12-31,2025-12-31,2025-12-31,2025-12-31,2025,2026-02-20,197,False,False,0,,0.18166847139505504,0.14717560007218913,0.3988213993288204,True,,0.97
ABTC,American Bitcoin Corp.,0001755953,Nasdaq,2025-12-31,185164000,-227988000.0,-153171000.0,1246512000,580693000.0,Revenues,OperatingIncomeLoss,NetIncomeLoss,Assets,Liabilities,False,,2025-12-31,2025-12-31,2025-12-31,2025-12-31,2025-12-31,2025,2026-03-27,197,False,False,0,,-1.2312760579810331,-0.8272180337430602,0.46585431989423287,True,,0.799
ABUS,Arbutus Biopharma Corp,0001447028,Nasdaq,2025-12-31,14083000,-38160000.0,-33501000.0,94618000,18042000.0,Revenues,OperatingIncomeLoss,NetIncomeLoss,Assets,Liabilities,False,,2025-12-31,2025-12-31,2025-12-31,2025-12-31,2025-12-31,2025,2026-03-23,197,False,False,0,,-2.709649932542782,-2.3788255343321736,0.19068253397873555,True,,0.832
ABVC,"ABVC BIOPHARMA, INC.",0001173313,Nasdaq,2024-12-31,509589,-4705242.0,-4902878.0,7539907,6815948.0,Revenues,OperatingIncomeLoss,NetIncomeLoss,Assets,Liabilities,False,,2024-12-31,2024-12-31,2024-12-31,2024-12-31,2024-12-31,2025,2026-03-03,562,False,False,0,,-9.233405744629495,-9.621239861927945,0.9039830332124786,True,,0.941
ABX,"Abacus Global Management, Inc.",0001814287,NYSE,2025-12-31,235237636,88757367.0,36525269.0,902240258,478699328.0,RevenueFromContractWithCustomerExcludingAssessedTax,OperatingIncomeLoss,NetIncomeLoss,Assets,Liabilities,False,,2025-12-31,2025-12-31,2025-12-31,2025-12-31,2025-12-31,2025,2026-03-13,197,False,False,0,,0.3773093817351574,0.15526966526733843,0.530567466653655,True,,0.864
ABXL,"Abacus Global Management, Inc.",0001814287,NYSE,2025-12-31,235237636,88757367.0,36525269.0,902240258,478699328.0,RevenueFromContractWithCustomerExcludingAssessedTax,OperatingIncomeLoss,NetIncomeLoss,Assets,Liabilities,False,,2025-12-31,2025-12-31,2025-12-31,2025-12-31,2025-12-31,2025,2026-03-13,197,False,False,0,,0.3773093817351574,0.15526966526733843,0.530567466653655,True,,0.749
ACA,"Arcosa, Inc.",0001739445,NYSE,2025-12-31,2883400000,341900000.0,208400000.0,4985200000,2343800000.0,Revenues,OperatingIncomeLoss,NetIncomeLoss,Assets,Liabilities,False,,2025-12-31,2025-12-31,2025-12-31,2025-12-31,2025-12-31,2025,2026-02-27,197,False,False,0,,0.11857529305680793,0.07227578553097039,0.47015164888068683,True,,0.809
ACAD,ACADIA PHARMACEUTICALS INC,0001070494,Nasdaq,2025-12-31,1071505000,104811000.0,391000000.0,1564195000,336805000.0,RevenueFromContractWithCustomerExcludingAssessedTax,OperatingIncomeLoss,NetIncomeLoss,Assets,Liabilities,False,,2025-12-31,2025-12-31,2025-12-31,2025-12-31,2025-12-31,2025,2026-02-26,197,False,False,0,,0.09781662241426778,0.36490730327903276,0.2153216191075921,True,,0.901
ACCO,ACCO BRANDS Corp,0000712034,NYSE,2025-12-31,1524700000,92300000.0,41300000.0,2253000000,1588400000.0,RevenueFromContractWithCustomerExcludingAssessedTax,OperatingIncomeLoss,NetIncomeLoss,Assets,Liabilities,False,,2025-12-31,2025-12-31,2025-12-31,2025-12-31,2025-12-31,2025,2026-03-09,197,False,False,0,,0.06053649898340657,0.027087295861480946,0.7050155348424323,True,,0.923
ACCS,ACCESS Newswire Inc.,0000843006,NYSE,2025-12-31,22619000,-1871000.0,4291000.0,41992000,11647000.0,Revenues,OperatingIncomeLoss,NetIncomeLoss,Assets,Liabilities,False,,2025-12-31,2025-12-31,2025-12-31,2025-12-31,2025-12-31,2025,2026-03-19,197,False,False,0,,-0.082718068880145,0.18970776780582696,0.2773623547342351,True,,0.873
ACDC,ProFrac Holding Corp.,0001881487,Nasdaq,2025-12-31,1941800000,-225800000.0,-369000000.0,2573100000,1692400000.0,RevenueFromContractWithCustomerExcludingAssessedTax,OperatingIncomeLoss,NetIncomeLoss,Assets,Liabilities,False,,2025-12-31,2025-12-31,2025-12-31,2025-12-31,2025-12-31,2025,2026-03-13,197,False,False,0,,-0.11628386033577093,-0.19002986919353176,0.6577280323345381,True,,0.784
ACEL,"Accel Entertainment, Inc.",0001698991,NYSE,2018-12-31,0,24869000.0,10803000.0,335174000,16002472.0,Revenues,OperatingIncomeLoss,NetIncomeLoss,Assets,Liabilities,False,,2018-12-31,2018-12-31,2018-12-31,2018-12-31,2018-12-31,2018,2019-02-13,2754,True,True,3,revenue_non_positive|operating_income_exceeds_revenue|net_income_exceeds_revenue,,,0.04774377487513948,True,,0.861
ACFN,"ACORN ENERGY, INC.",0000880984,Nasdaq,2025-12-31,11478000,1989000.0,2510000.0,13334000,5018000.0,RevenueFromContractWithCustomerExcludingAssessedTax,OperatingIncomeLoss,NetIncomeLoss,Assets,Liabilities,False,,2025-12-31,2025-12-31,2025-12-31,2025-12-31,2025-12-31,2025,2026-03-05,197,False,False,0,,0.17328802927339257,0.21867921240634255,0.37633118344082794,True,,0.982
ACGL,ARCH CAPITAL GROUP LTD.,0000947484,Nasdaq,2025-12-31,19929000000,,4399000000.0,79241000000,55035000000.0,Revenues,,NetIncomeLoss,Assets,Liabilities,False,,2025-12-31,,2025-12-31,2025-12-31,2025-12-31,2025,2026-02-26,197,False,False,0,,,0.22073360429524813,0.6945268232354463,False,{'operating_income': '값 없음'},0.956
ACGLN,ARCH CAPITAL GROUP LTD.,0000947484,Nasdaq,2025-12-31,19929000000,,4399000000.0,79241000000,55035000000.0,Revenues,,NetIncomeLoss,Assets,Liabilities,False,,2025-12-31,,2025-12-31,2025-12-31,2025-12-31,2025,2026-02-26,197,False,False,0,,,0.22073360429524813,0.6945268232354463,False,{'operating_income': '값 없음'},0.945
ACGLO,ARCH CAPITAL GROUP LTD.,0000947484,Nasdaq,2025-12-31,19929000000,,4399000000.0,79241000000,55035000000.0,Revenues,,NetIncomeLoss,Assets,Liabilities,False,,2025-12-31,,2025-12-31,2025-12-31,2025-12-31,2025,2026-02-26,197,False,False,0,,,0.22073360429524813,0.6945268232354463,False,{'operating_income': '값 없음'},1.105
ACH,ACCENDRA HEALTH INC/VA/,0000075252,NYSE,2025-12-31,2762032000,27460000.0,-1100642000.0,2451761000,2912739000.0,RevenueFromContractWithCustomerExcludingAssessedTax,OperatingIncomeLoss,NetIncomeLoss,Assets,Liabilities,False,,2025-12-31,2025-12-31,2025-12-31,2025-12-31,2025-12-31,2025,2026-02-20,197,False,True,1,liabilities_exceed_assets,0.009941955777485561,-0.398489952324955,1.188019142159452,True,,0.951
ACHC,"Acadia Healthcare Company, Inc.",0001520697,Nasdaq,2025-12-31,3312769000,,-1102772000.0,5527448000,3386896000.0,RevenueFromContractWithCustomerExcludingAssessedTax,,NetIncomeLoss,Assets,Liabilities,False,,2025-12-31,,2025-12-31,2025-12-31,2025-12-31,2025,2026-02-27,197,False,False,0,,,-0.3328852690906006,0.612741359122691,False,{'operating_income': '값 없음'},0.879
ACHR,Archer Aviation Inc.,0001824502,NYSE,2025-12-31,300000,-729300000.0,-618200000.0,2465900000,263100000.0,Revenues,OperatingIncomeLoss,NetIncomeLoss,Assets,Liabilities,False,,2025-12-31,2025-12-31,2025-12-31,2025-12-31,2025-12-31,2025,2026-03-02,197,False,False,0,,-2431.0,-2060.6666666666665,0.10669532422239345,True,,0.748
ACHV,"ACHIEVE LIFE SCIENCES, INC.",0000949858,Nasdaq,2019-12-31,0,,-16395000.0,21078000,3028000.0,RevenueFromContractWithCustomerExcludingAssessedTax,,NetIncomeLoss,Assets,Liabilities,False,,2019-12-31,,2019-12-31,2019-12-31,2019-12-31,2019,2020-03-13,2389,True,True,1,revenue_non_positive,,,0.1436568934434007,False,{'operating_income': '값 없음'},0.788
ACI,"Albertsons Companies, Inc.",0001646972,NYSE,2026-02-28,83172500000,727600000.0,217400000.0,26765900000,24929700000.0,RevenueFromContractWithCustomerExcludingAssessedTax,OperatingIncomeLoss,NetIncomeLoss,Assets,CALCULATED:LiabilitiesAndStockholdersEquity-StockholdersEquity,True,LiabilitiesAndEquity - Equity,2026-02-28,2026-02-28,2026-02-28,2026-02-28,2026-02-28,2025,2026-04-27,138,False,False,0,,0.008748083801737354,0.002613844720310199,0.9313977859888889,True,,1.181
ACIC,AMERICAN COASTAL INSURANCE Corp,0001401521,Nasdaq,2025-12-31,335439000,140277000.0,106837000.0,1072732000,755167000.0,Revenues,OperatingIncomeLoss,NetIncomeLoss,Assets,Liabilities,False,,2025-12-31,2025-12-31,2025-12-31,2025-12-31,2025-12-31,2025,2026-03-09,197,False,False,0,,0.41818929820325007,0.3184990415545002,0.7039661350644896,True,,1.221
ACIW,"ACI WORLDWIDE, INC.",0000935036,Nasdaq,2025-12-31,1759782000,329914000.0,226658000.0,3104907000,1585829000.0,RevenueFromContractWithCustomerExcludingAssessedTax,OperatingIncomeLoss,NetIncomeLoss,Assets,Liabilities,False,,2025-12-31,2025-12-31,2025-12-31,2025-12-31,2025-12-31,2025,2026-02-26,197,False,False,0,,0.18747435761929604,0.12879890804656485,0.5107492752600964,True,,1.025
ACLS,AXCELIS TECHNOLOGIES INC,0001113232,Nasdaq,2025-12-31,839048000,119315000.0,120238000.0,1361351000,326674000.0,RevenueFromContractWithCustomerExcludingAssessedTax,OperatingIncomeLoss,NetIncomeLoss,Assets,Liabilities,False,,2025-12-31,2025-12-31,2025-12-31,2025-12-31,2025-12-31,2025,2026-02-26,197,False,False,0,,0.14220282987385705,0.14330288612808803,0.23996309548382452,True,,1.029
ACM,AECOM,0000868857,NYSE,2025-09-30,16139622000,1026522000.0,561774000.0,12200249000,9504065000.0,RevenueFromContractWithCustomerExcludingAssessedTax,OperatingIncomeLoss,NetIncomeLoss,Assets,Liabilities,False,,2025-09-30,2025-09-30,2025-09-30,2025-09-30,2025-09-30,2025,2025-11-19,289,False,False,0,,0.06360260481936937,0.0348071348882892,0.7790058219303557,True,,1.239
ACMR,"ACM Research, Inc.",0001680062,Nasdaq,2025-12-31,901309000,109429000.0,94078000.0,2872185000,941676000.0,RevenueFromContractWithCustomerExcludingAssessedTax,OperatingIncomeLoss,NetIncomeLoss,Assets,Liabilities,False,,2025-12-31,2025-12-31,2025-12-31,2025-12-31,2025-12-31,2025,2026-03-02,197,False,False,0,,0.12141119194416121,0.10437929722215133,0.327860496451308,True,,1.04
ACN,Accenture plc,0001467373,NYSE,2025-08-31,69672977000,10225664000.0,7678433000.0,65394897000,34199451000.0,Revenues,OperatingIncomeLoss,NetIncomeLoss,Assets,CALCULATED:LiabilitiesAndStockholdersEquity-StockholdersEquity,True,LiabilitiesAndEquity - Equity,2025-08-31,2025-08-31,2025-08-31,2025-08-31,2025-08-31,2025,2025-10-10,319,False,False,0,,0.14676657206710142,0.11020675921455172,0.5229681912336371,True,,1.004
ACNB,ACNB CORP,0000715579,Nasdaq,2025-12-31,191821000,,37051000.0,3228126000,2808152000.0,Revenues,,NetIncomeLoss,Assets,Liabilities,False,,2025-12-31,,2025-12-31,2025-12-31,2025-12-31,2025,2026-03-12,197,False,False,0,,,0.19315403422982885,0.8699016085493565,False,{'operating_income': '값 없음'},1.691
ACNT,ASCENT INDUSTRIES CO.,0000095953,Nasdaq,2025-12-31,74942000,-7027000.0,867000.0,111937000,24945000.0,RevenueFromContractWithCustomerExcludingAssessedTax,OperatingIncomeLoss,NetIncomeLoss,Assets,Liabilities,False,,2025-12-31,2025-12-31,2025-12-31,2025-12-31,2025-12-31,2025,2026-03-03,197,False,False,0,,-0.09376584558725415,0.011568946652077607,0.22284856660442928,True,,1.392
ACOG,Alpha Cognition Inc.,0001655923,Nasdaq,2025-12-31,10220275,-22660689.0,-20669875.0,79730235,17200060.0,Revenues,OperatingIncomeLoss,NetIncomeLoss,Assets,Liabilities,False,,2025-12-31,2025-12-31,2025-12-31,2025-12-31,2025-12-31,2025,2026-03-31,197,False,False,0,,-2.217228890612043,-2.0224382416324413,0.21572819896993908,True,,1.082
ACON,"Aclarion, Inc.",0001635077,Nasdaq,2025-12-31,75730,-7052391.0,-7233629.0,13672404,837287.0,Revenues,OperatingIncomeLoss,NetIncomeLoss,Assets,Liabilities,False,,2025-12-31,2025-12-31,2025-12-31,2025-12-31,2025-12-31,2025,2026-03-18,197,False,False,0,,-93.1254588670276,-95.51867159646112,0.06123919392668619,True,,1.067
ACONW,"Aclarion, Inc.",0001635077,Nasdaq,2025-12-31,75730,-7052391.0,-7233629.0,13672404,837287.0,Revenues,OperatingIncomeLoss,NetIncomeLoss,Assets,Liabilities,False,,2025-12-31,2025-12-31,2025-12-31,2025-12-31,2025-12-31,2025,2026-03-18,197,False,False,0,,-93.1254588670276,-95.51867159646112,0.06123919392668619,True,,1.278
ACR,ACRES Commercial Realty Corp.,0001332551,NYSE,2025-12-31,79946000,,27976000.0,2162364000,1611772000.0,Revenues,,NetIncomeLoss,Assets,Liabilities,False,,2025-12-31,,2025-12-31,2025-12-31,2025-12-31,2025,2026-03-10,197,False,False,0,,,0.3499362069396843,0.7453749692466208,False,{'operating_income': '값 없음'},1.345
ACRE,Ares Commercial Real Estate Corp,0001529377,NYSE,2025-12-31,54833000,,-902000.0,1618142000,1108574000.0,Revenues,,NetIncomeLoss,Assets,Liabilities,False,,2025-12-31,,2025-12-31,2025-12-31,2025-12-31,2025,2026-02-10,197,False,False,0,,,-0.016449948024000145,0.6850906780739886,False,{'operating_income': '값 없음'},1.219
ACRS,"Aclaris Therapeutics, Inc.",0001557746,Nasdaq,2025-12-31,7826000,-76375000.0,-64923000.0,160460000,57378000.0,RevenueFromContractWithCustomerExcludingAssessedTax,OperatingIncomeLoss,NetIncomeLoss,Assets,Liabilities,False,,2025-12-31,2025-12-31,2025-12-31,2025-12-31,2025-12-31,2025,2026-02-26,197,False,False,0,,-9.759136212624584,-8.29580884232047,0.3575844447214259,True,,1.162
ACT,"Enact Holdings, Inc.",0001823529,Nasdaq,2025-12-31,1235827000,,674244000.0,6893466000,1538285000.0,Revenues,,NetIncomeLoss,Assets,Liabilities,False,,2025-12-31,,2025-12-31,2025-12-31,2025-12-31,2025,2026-02-27,197,False,False,0,,,0.5455812180831136,0.22315116952778183,False,{'operating_income': '값 없음'},1.337
ACTG,ACACIA RESEARCH CORP,0000934549,Nasdaq,2025-12-31,285232000,6409000.0,21682000.0,770956000,186924000.0,RevenueFromContractWithCustomerExcludingAssessedTax,OperatingIncomeLoss,NetIncomeLoss,Assets,Liabilities,False,,2025-12-31,2025-12-31,2025-12-31,2025-12-31,2025-12-31,2025,2026-03-12,197,False,False,0,,0.02246942839513098,0.07601531384977843,0.24245741650625977,True,,1.399
ACVA,ACV Auctions Inc.,0001637873,NYSE,2025-12-31,759606000,-63191000.0,-66141000.0,1085611000,655928000.0,Revenues,OperatingIncomeLoss,NetIncomeLoss,Assets,Liabilities,False,,2025-12-31,2025-12-31,2025-12-31,2025-12-31,2025-12-31,2025,2026-02-23,197,False,False,0,,-0.08318917965366256,-0.08707277193703052,0.6042016891870108,True,,1.174
AD,"ARRAY DIGITAL INFRASTRUCTURE, INC.",0000821130,NYSE,2025-12-31,162961000,-92532000.0,48756000.0,4678088000,2110462000.0,Revenues,OperatingIncomeLoss,NetIncomeLoss,Assets,CALCULATED:LiabilitiesAndStockholdersEquity-StockholdersEquity,True,LiabilitiesAndEquity - Equity,2025-12-31,2025-12-31,2025-12-31,2025-12-31,2025-12-31,2025,2026-02-20,197,False,False,0,,-0.5678168396119316,0.29918814931179855,0.4511377297733604,True,,1.536
ADBE,ADOBE INC.,0000796343,Nasdaq,2025-11-28,23769000000,8706000000.0,7130000000.0,29496000000,17873000000.0,Revenues,OperatingIncomeLoss,NetIncomeLoss,Assets,Liabilities,False,,2025-11-28,2025-11-28,2025-11-28,2025-11-28,2025-11-28,2025,2026-01-15,230,False,False,0,,0.36627540073204595,0.2999705498758888,0.6059465690263086,True,,1.545
ADC,AGREE REALTY CORP,0000917251,NYSE,2025-12-31,718398000,340395000.0,204349000.0,9797612000,3526459000.0,Revenues,OperatingIncomeLoss,NetIncomeLoss,Assets,Liabilities,False,,2025-12-31,2025-12-31,2025-12-31,2025-12-31,2025-12-31,2025,2026-02-10,197,False,False,0,,0.47382509416785684,0.28445095893919525,0.35993046060611505,True,,1.449
ADCT,ADC Therapeutics SA,0001771910,NYSE,2025-12-31,81357000,-121499000.0,-142623000.0,323150000,508984000.0,Revenues,OperatingIncomeLoss,NetIncomeLoss,Assets,Liabilities,False,,2025-12-31,2025-12-31,2025-12-31,2025-12-31,2025-12-31,2025,2026-03-10,197,False,True,1,liabilities_exceed_assets,-1.4934056073847364,-1.7530513662008187,1.5750704007426892,True,,1.134
ADEA,Adeia Inc.,0001803696,Nasdaq,2025-12-31,443386000,175003000.0,111075000.0,1039303000,558762000.0,RevenueFromContractWithCustomerExcludingAssessedTax,OperatingIncomeLoss,NetIncomeLoss,Assets,Liabilities,False,,2025-12-31,2025-12-31,2025-12-31,2025-12-31,2025-12-31,2025,2026-02-26,197,False,False,0,,0.3946967202392498,0.2505153523115299,0.5376314703219369,True,,1.254
ADGM,"Adagio Medical Holdings, Inc.",0002006986,Nasdaq,2025-12-31,0,-21890000.0,-25084000.0,43253000,30851000.0,RevenueFromContractWithCustomerExcludingAssessedTax,OperatingIncomeLoss,NetIncomeLoss,Assets,Liabilities,False,,2025-12-31,2025-12-31,2025-12-31,2025-12-31,2025-12-31,2025,2026-03-27,197,False,True,1,revenue_non_positive,,,0.713268443807366,True,,1.265
ADI,ANALOG DEVICES INC,0000006281,Nasdaq,2025-11-01,11019707000,2932496000.0,2267342000.0,47992712000,14176957000.0,RevenueFromContractWithCustomerExcludingAssessedTax,OperatingIncomeLoss,NetIncomeLoss,Assets,CALCULATED:LiabilitiesAndStockholdersEquity-StockholdersEquity,True,LiabilitiesAndEquity - Equity,2025-11-01,2025-11-01,2025-11-01,2025-11-01,2025-11-01,2025,2025-11-25,257,False,False,0,,0.26611379050277834,0.20575338346110292,0.29539812211487443,True,,1.482
ADM,Archer-Daniels-Midland Co,0000007084,NYSE,2025-12-31,24956000000,,1078000000.0,52389000000,29649000000.0,RevenueFromContractWithCustomerExcludingAssessedTax,,NetIncomeLoss,Assets,CALCULATED:LiabilitiesAndStockholdersEquity-StockholdersEquityIncludingPortionAttributableToNoncontrollingInterest,True,LiabilitiesAndEquity - Equity,2025-12-31,,2025-12-31,2025-12-31,2025-12-31,2025,2026-02-17,197,False,False,0,,,0.04319602500400705,0.565939414762641,False,{'operating_income': '값 없음'},1.522
ADMA,"ADMA BIOLOGICS, INC.",0001368514,Nasdaq,2025-12-31,510173000,191443000.0,146930000.0,624242000,146922000.0,RevenueFromContractWithCustomerExcludingAssessedTax,OperatingIncomeLoss,NetIncomeLoss,Assets,Liabilities,False,,2025-12-31,2025-12-31,2025-12-31,2025-12-31,2025-12-31,2025,2026-02-25,197,False,False,0,,0.37525114029946705,0.28800034498101623,0.23536064539072987,True,,1.201
ADNT,Adient plc,0001670541,NYSE,2025-09-30,14535000000,,-281000000.0,8954000000,7188000000.0,RevenueFromContractWithCustomerExcludingAssessedTax,,NetIncomeLoss,Assets,CALCULATED:LiabilitiesAndStockholdersEquity-StockholdersEquity,True,LiabilitiesAndEquity - Equity,2025-09-30,,2025-09-30,2025-09-30,2025-09-30,2025,2025-11-18,289,False,False,0,,,-0.01933264533883729,0.802769711860621,False,{'operating_income': '값 없음'},1.329
ADP,AUTOMATIC DATA PROCESSING INC,0000008670,Nasdaq,2025-06-30,20560900000,,4079700000.0,53369300000,47181300000.0,RevenueFromContractWithCustomerExcludingAssessedTax,,NetIncomeLoss,Assets,Liabilities,False,,2025-06-30,,2025-06-30,2025-06-30,2025-06-30,2025,2025-08-06,381,False,False,0,,,0.19842030261321245,0.8840531916288953,False,{'operating_income': '값 없음'},1.549
ADPT,Adaptive Biotechnologies Corp,0001478320,Nasdaq,2025-12-31,276976000,-57123000.0,-59499000.0,512736000,287735000.0,RevenueFromContractWithCustomerExcludingAssessedTax,OperatingIncomeLoss,NetIncomeLoss,Assets,Liabilities,False,,2025-12-31,2025-12-31,2025-12-31,2025-12-31,2025-12-31,2025,2026-02-26,197,False,False,0,,-0.2062380856103056,-0.21481644619028364,0.5611757317605941,True,,1.284
ADSK,"Autodesk, Inc.",0000769397,Nasdaq,2026-01-31,7206000000,1578000000.0,1124000000.0,12467000000,9422000000.0,RevenueFromContractWithCustomerExcludingAssessedTax,OperatingIncomeLoss,NetIncomeLoss,Assets,CALCULATED:LiabilitiesAndStockholdersEquity-StockholdersEquity,True,LiabilitiesAndEquity - Equity,2026-01-31,2026-01-31,2026-01-31,2026-01-31,2026-01-31,2026,2026-03-03,166,False,False,0,,0.2189841798501249,0.1559811268387455,0.7557551937113981,True,,1.355
ADT,ADT Inc.,0001703056,NYSE,2025-12-31,5128607000,1308901000.0,595951000.0,15818511000,12039901000.0,RevenueFromContractWithCustomerExcludingAssessedTax,OperatingIncomeLoss,NetIncomeLoss,Assets,Liabilities,False,,2025-12-31,2025-12-31,2025-12-31,2025-12-31,2025-12-31,2025,2026-03-02,197,False,False,0,,0.2552156950220596,0.11620133888207851,0.7611273273445269,True,,1.108
ADTN,"ADTRAN Holdings, Inc.",0000926282,Nasdaq,2025-12-31,1083807000,-15596000.0,-45656000.0,1204493000,685335000.0,RevenueFromContractWithCustomerExcludingAssessedTax,OperatingIncomeLoss,NetIncomeLoss,Assets,Liabilities,False,,2025-12-31,2025-12-31,2025-12-31,2025-12-31,2025-12-31,2025,2026-02-26,197,False,False,0,,-0.014390015934571376,-0.042125581399640344,0.5689821360522643,True,,1.473
ADUS,Addus HomeCare Corp,0001468328,Nasdaq,2025-12-31,1422530000,138615000.0,95910000.0,1437308000,352005000.0,RevenueFromContractWithCustomerExcludingAssessedTax,OperatingIncomeLoss,NetIncomeLoss,Assets,Liabilities,False,,2025-12-31,2025-12-31,2025-12-31,2025-12-31,2025-12-31,2025,2026-02-24,197,False,False,0,,0.0974425846906568,0.06742212818007354,0.2449057543685835,True,,1.401
ADV,Advantage Solutions Inc.,0001776661,Nasdaq,2025-12-31,3542642000,-126466000.0,-227735000.0,2793415000,2239457000.0,RevenueFromContractWithCustomerExcludingAssessedTax,OperatingIncomeLoss,NetIncomeLoss,Assets,Liabilities,False,,2025-12-31,2025-12-31,2025-12-31,2025-12-31,2025-12-31,2025,2026-03-03,197,False,False,0,,-0.0356982161900638,-0.06428394401692296,0.8016914779937818,True,,1.179
AEBI,Aebi Schmidt Holding AG,0002048519,Nasdaq,2025-12-31,1526625000,73066000.0,9739000.0,2008279000,1193328000.0,RevenueFromContractWithCustomerExcludingAssessedTax,OperatingIncomeLoss,NetIncomeLoss,Assets,Liabilities,False,,2025-12-31,2025-12-31,2025-12-31,2025-12-31,2025-12-31,2025,2026-03-19,197,False,False,0,,0.047861131581102105,0.006379431753050028,0.5942042913360146,True,,0.949
AEE,AMEREN CORP,0001002910,NYSE,2025-12-31,8799000000,2026000000.0,1461000000.0,48476000000,35075000000.0,Revenues,OperatingIncomeLoss,ProfitLoss,Assets,CALCULATED:LiabilitiesAndStockholdersEquity-StockholdersEquity,True,LiabilitiesAndEquity - Equity,2025-12-31,2025-12-31,2025-12-31,2025-12-31,2025-12-31,2025,2026-02-18,197,False,False,0,,0.2302534378906694,0.1660415956358677,0.7235539235910554,True,,0.877
AEHR,AEHR TEST SYSTEMS,0001040470,Nasdaq,2025-05-30,58968000,-5677000.0,-3910000.0,148508000,25637000.0,RevenueFromContractWithCustomerExcludingAssessedTax,OperatingIncomeLoss,NetIncomeLoss,Assets,Liabilities,False,,2025-05-30,2025-05-30,2025-05-30,2025-05-30,2025-05-30,2025,2025-07-28,412,False,False,0,,-0.09627255460588793,-0.06630714964048297,0.17263043068386888,True,,1.283
AEI,Alset Inc.,0001750106,Nasdaq,2025-12-31,4470875,-15150583.0,-47414942.0,136587114,6923965.0,RevenueFromContractWithCustomerExcludingAssessedTax,OperatingIncomeLoss,NetIncomeLoss,Assets,Liabilities,False,,2025-12-31,2025-12-31,2025-12-31,2025-12-31,2025-12-31,2025,2026-03-31,197,False,False,0,,-3.3887288282495036,-10.60529359465429,0.050692666366755505,True,,1.388
AEIS,ADVANCED ENERGY INDUSTRIES INC,0000927003,Nasdaq,2025-12-31,1798800000,168000000.0,148400000.0,2545800000,1175200000.0,RevenueFromContractWithCustomerExcludingAssessedTax,OperatingIncomeLoss,ProfitLoss,Assets,Liabilities,False,,2025-12-31,2025-12-31,2025-12-31,2025-12-31,2025-12-31,2025,2026-02-13,197,False,False,0,,0.0933955970647098,0.08249944407382699,0.4616230654411187,True,,1.507
AEMD,AETHLON MEDICAL INC,0000882291,Nasdaq,2024-03-31,0,-12636568.0,-12208174.0,8245982,2479650.0,RevenueFromContractWithCustomerExcludingAssessedTax,OperatingIncomeLoss,NetIncomeLoss,Assets,Liabilities,False,,2024-03-31,2024-03-31,2024-03-31,2024-03-31,2024-03-31,2024,2024-06-27,837,True,True,1,revenue_non_positive,,,0.30071009129052184,True,,1.275
AENT,ALLIANCE ENTERTAINMENT HOLDING CORP,0001823584,Nasdaq,2025-06-30,1063457000,30136000.0,15078000.0,361228000,258006000.0,RevenueFromContractWithCustomerExcludingAssessedTax,OperatingIncomeLoss,NetIncomeLoss,Assets,Liabilities,False,,2025-06-30,2025-06-30,2025-06-30,2025-06-30,2025-06-30,2025,2025-09-10,381,False,False,0,,0.028337770121405943,0.01417828835580564,0.7142469576001861,True,,1.217
AENTW,ALLIANCE ENTERTAINMENT HOLDING CORP,0001823584,Nasdaq,2025-06-30,1063457000,30136000.0,15078000.0,361228000,258006000.0,RevenueFromContractWithCustomerExcludingAssessedTax,OperatingIncomeLoss,NetIncomeLoss,Assets,Liabilities,False,,2025-06-30,2025-06-30,2025-06-30,2025-06-30,2025-06-30,2025,2025-09-10,381,False,False,0,,0.028337770121405943,0.01417828835580564,0.7142469576001861,True,,1.205
AEO,AMERICAN EAGLE OUTFITTERS INC,0000919012,NYSE,2026-01-31,5547236000,226222000.0,191983000.0,4009680000,2316527000.0,RevenueFromContractWithCustomerExcludingAssessedTax,OperatingIncomeLoss,NetIncomeLoss,Assets,CALCULATED:LiabilitiesAndStockholdersEquity-StockholdersEquity,True,LiabilitiesAndEquity - Equity,2026-01-31,2026-01-31,2026-01-31,2026-01-31,2026-01-31,2025,2026-03-30,166,False,False,0,,0.040781030408657576,0.0346087673212389,0.5777336346042578,True,,1.437
AEP,AMERICAN ELECTRIC POWER CO INC,0000004904,Nasdaq,2025-12-31,21702000000,5319000000.0,3696000000.0,114460000000,82204000000.0,RevenueFromContractWithCustomerExcludingAssessedTax,OperatingIncomeLoss,ProfitLoss,Assets,Liabilities,False,,2025-12-31,2025-12-31,2025-12-31,2025-12-31,2025-12-31,2025,2026-02-12,197,False,False,0,,0.24509261819187173,0.1703068841581421,0.718189760615062,True,,1.517
AERT,"Aeries Technology, Inc.",0001853044,Nasdaq,2026-03-31,70014000,4518000.0,2831000.0,41894000,44479000.0,Revenues,OperatingIncomeLoss,NetIncomeLoss,Assets,Liabilities,False,,2026-03-31,2026-03-31,2026-03-31,2026-03-31,2026-03-31,2026,2026-06-08,107,False,True,1,liabilities_exceed_assets,0.06452995115262662,0.04043477018881938,1.0617033465412709,True,,1.211
AERTW,"Aeries Technology, Inc.",0001853044,Nasdaq,2026-03-31,70014000,4518000.0,2831000.0,41894000,44479000.0,Revenues,OperatingIncomeLoss,NetIncomeLoss,Assets,Liabilities,False,,2026-03-31,2026-03-31,2026-03-31,2026-03-31,2026-03-31,2026,2026-06-08,107,False,True,1,liabilities_exceed_assets,0.06452995115262662,0.04043477018881938,1.0617033465412709,True,,1.32
AES,AES CORP,0000874761,NYSE,2025-12-31,12233000000,,910000000.0,51768000000,47705000000.0,Revenues,,NetIncomeLoss,Assets,CALCULATED:LiabilitiesAndStockholdersEquity-StockholdersEquity,True,LiabilitiesAndEquity - Equity,2025-12-31,,2025-12-31,2025-12-31,2025-12-31,2025,2026-03-02,197,False,False,0,,,0.07438894792773645,0.9215152217586153,False,{'operating_income': '값 없음'},1.569
AESI,Atlas Energy Solutions Inc.,0001984060,NYSE,2025-12-31,1095310000,-10910000.0,-50304000.0,2228428000,1019504000.0,RevenueFromContractWithCustomerExcludingAssessedTax,OperatingIncomeLoss,NetIncomeLoss,Assets,Liabilities,False,,2025-12-31,2025-12-31,2025-12-31,2025-12-31,2025-12-31,2025,2026-02-24,197,False,False,0,,-0.009960650409473117,-0.04592672394116734,0.4574991877682384,True,,0.97
AEVA,"Aeva Technologies, Inc.",0001789029,Nasdaq,2025-12-31,18079000,-127597000.0,-145428000.0,179701000,166486000.0,RevenueFromContractWithCustomerExcludingAssessedTax,OperatingIncomeLoss,NetIncomeLoss,Assets,Liabilities,False,,2025-12-31,2025-12-31,2025-12-31,2025-12-31,2025-12-31,2025,2026-03-20,197,False,False,0,,-7.057746556778583,-8.044028983903978,0.9264611771776451,True,,1.119
AEYE,AUDIOEYE INC,0001362190,Nasdaq,2025-12-31,40311000,-1830000.0,-3077000.0,32230000,27426000.0,Revenues,OperatingIncomeLoss,NetIncomeLoss,Assets,Liabilities,False,,2025-12-31,2025-12-31,2025-12-31,2025-12-31,2025-12-31,2025,2026-03-12,197,False,False,0,,-0.045397038029322025,-0.07633152241323708,0.8509463233012721,True,,1.276
AFCG,Advanced Flower Capital Inc.,0001822523,Nasdaq,2025-12-31,24563601,,-20673426.0,275594747,100026760.0,RevenueFromContractWithCustomerExcludingAssessedTax,,ProfitLoss,Assets,Liabilities,False,,2025-12-31,,2025-12-31,2025-12-31,2025-12-31,2025,2026-03-04,197,False,False,0,,,-0.8416284729588305,0.36294871759656583,False,{'operating_income': '값 없음'},1.916
AFG,AMERICAN FINANCIAL GROUP INC,0001042046,NYSE,2025-12-31,8174000000,1073000000.0,842000000.0,32642000000,27822000000.0,Revenues,OperatingIncomeLoss,NetIncomeLoss,Assets,Liabilities,False,,2025-12-31,2025-12-31,2025-12-31,2025-12-31,2025-12-31,2025,2026-02-25,197,False,False,0,,0.13126988010765842,0.10300954245167604,0.85233747932112,True,,2.181
AFGB,AMERICAN FINANCIAL GROUP INC,0001042046,NYSE,2025-12-31,8174000000,1073000000.0,842000000.0,32642000000,27822000000.0,Revenues,OperatingIncomeLoss,NetIncomeLoss,Assets,Liabilities,False,,2025-12-31,2025-12-31,2025-12-31,2025-12-31,2025-12-31,2025,2026-02-25,197,False,False,0,,0.13126988010765842,0.10300954245167604,0.85233747932112,True,,1.883
AFGC,AMERICAN FINANCIAL GROUP INC,0001042046,NYSE,2025-12-31,8174000000,1073000000.0,842000000.0,32642000000,27822000000.0,Revenues,OperatingIncomeLoss,NetIncomeLoss,Assets,Liabilities,False,,2025-12-31,2025-12-31,2025-12-31,2025-12-31,2025-12-31,2025,2026-02-25,197,False,False,0,,0.13126988010765842,0.10300954245167604,0.85233747932112,True,,1.553
AFGD,AMERICAN FINANCIAL GROUP INC,0001042046,NYSE,2025-12-31,8174000000,1073000000.0,842000000.0,32642000000,27822000000.0,Revenues,OperatingIncomeLoss,NetIncomeLoss,Assets,Liabilities,False,,2025-12-31,2025-12-31,2025-12-31,2025-12-31,2025-12-31,2025,2026-02-25,197,False,False,0,,0.13126988010765842,0.10300954245167604,0.85233747932112,True,,1.471
AFGE,AMERICAN FINANCIAL GROUP INC,0001042046,NYSE,2025-12-31,8174000000,1073000000.0,842000000.0,32642000000,27822000000.0,Revenues,OperatingIncomeLoss,NetIncomeLoss,Assets,Liabilities,False,,2025-12-31,2025-12-31,2025-12-31,2025-12-31,2025-12-31,2025,2026-02-25,197,False,False,0,,0.13126988010765842,0.10300954245167604,0.85233747932112,True,,1.593
AFL,AFLAC INC,0000004977,NYSE,2025-12-31,17164000000,,3646000000.0,116470000000,86980000000.0,Revenues,,NetIncomeLoss,Assets,Liabilities,False,,2025-12-31,,2025-12-31,2025-12-31,2025-12-31,2025,2026-02-25,197,False,False,0,,,0.21242134700536006,0.7468017515239976,False,{'operating_income': '값 없음'},1.588
AFRM,"Affirm Holdings, Inc.",0001820953,Nasdaq,2025-06-30,1113966000,-87273000.0,52186000.0,11154929000,8085919000.0,RevenueFromContractWithCustomerExcludingAssessedTax,OperatingIncomeLoss,NetIncomeLoss,Assets,Liabilities,False,,2025-06-30,2025-06-30,2025-06-30,2025-06-30,2025-06-30,2025,2025-08-28,381,False,False,0,,-0.07834440189377413,0.046847031237937244,0.7248740892927243,True,,1.142
AGCO,AGCO CORP /DE,0000880266,NYSE,2025-12-31,10082000000,595700000.0,726500000.0,11927800000,7355100000.0,RevenueFromContractWithCustomerExcludingAssessedTax,OperatingIncomeLoss,NetIncomeLoss,Assets,Liabilities,False,,2025-12-31,2025-12-31,2025-12-31,2025-12-31,2025-12-31,2025,2026-02-13,197,False,False,0,,0.05908549890894664,0.07205911525490974,0.6166350877781318,True,,1.704
AGEN,AGENUS INC,0001098972,Nasdaq,2025-12-31,114196000,-20169000.0,-3083000.0,226798000,497909000.0,RevenueFromContractWithCustomerExcludingAssessedTax,OperatingIncomeLoss,ProfitLoss,Assets,CALCULATED:LiabilitiesAndStockholdersEquity-StockholdersEquity,True,LiabilitiesAndEquity - Equity,2025-12-31,2025-12-31,2025-12-31,2025-12-31,2025-12-31,2025,2026-03-16,197,False,True,1,liabilities_exceed_assets,-0.17661739465480403,-0.02699744299274931,2.195385320858209,True,,1.444
AGIG,"ABUNDIA GLOBAL IMPACT GROUP, INC.",0001156041,NYSE,2025-12-31,410632,-28747387.0,-29452289.0,31855429,12841012.0,RevenueFromContractWithCustomerExcludingAssessedTax,OperatingIncomeLoss,NetIncomeLoss,Assets,Liabilities,False,,2025-12-31,2025-12-31,2025-12-31,2025-12-31,2025-12-31,2025,2026-05-13,197,False,False,0,,-70.0076637962945,-71.72429084922753,0.40310278037693353,True,,1.466
AGIO,"AGIOS PHARMACEUTICALS, INC.",0001439222,Nasdaq,2025-12-31,54028000,-472132000.0,-412781000.0,1297225000,104111000.0,RevenueFromContractWithCustomerExcludingAssessedTax,OperatingIncomeLoss,NetIncomeLoss,Assets,Liabilities,False,,2025-12-31,2025-12-31,2025-12-31,2025-12-31,2025-12-31,2025,2026-02-12,197,False,False,0,,-8.738654031243058,-7.640131043162804,0.08025670180577772,True,,1.299
AGL,"agilon health, inc.",0001831097,NYSE,2025-12-31,5932576000,-463236000.0,-391347000.0,1271290000,1144556000.0,RevenueFromContractWithCustomerExcludingAssessedTax,OperatingIncomeLoss,NetIncomeLoss,Assets,Liabilities,False,,2025-12-31,2025-12-31,2025-12-31,2025-12-31,2025-12-31,2025,2026-02-25,197,False,False,0,,-0.07808344975268754,-0.06596577945229863,0.9003107080209866,True,,1.212
AGNT,"AGNT, Inc.",0001495932,Nasdaq,2025-12-31,4772311000,-21466000.0,-22714000.0,442480000,199701000.0,RevenueFromContractWithCustomerExcludingAssessedTax,OperatingIncomeLoss,NetIncomeLoss,Assets,Liabilities,False,,2025-12-31,2025-12-31,2025-12-31,2025-12-31,2025-12-31,2025,2026-02-24,197,False,False,0,,-0.0044980304091665445,-0.0047595389319765626,0.4513220936539505,True,,1.42
AGO,ASSURED GUARANTY LTD,0001273813,NYSE,2025-12-31,0,,503000000.0,12176000000,6387000000.0,RevenueFromContractWithCustomerExcludingAssessedTax,,NetIncomeLoss,Assets,Liabilities,False,,2025-12-31,,2025-12-31,2025-12-31,2025-12-31,2025,2026-02-27,197,False,True,2,revenue_non_positive|net_income_exceeds_revenue,,,0.5245565045992115,False,{'operating_income': '값 없음'},1.649
AGPU,Axe Compute Inc.,0001446159,Nasdaq,2017-12-31,654836,,,3624254,932340.0,SalesRevenueGoodsNet,,,Assets,Liabilities,False,,2017-12-31,,,2017-12-31,2017-12-31,2017,2018-04-02,3119,True,False,0,,,,0.2572501816925635,False,"{'operating_income': '값 없음', 'net_income': '값 없음'}",1.375
AGX,ARGAN INC,0000100591,NYSE,2026-01-31,944606000,134701000.0,137774000.0,1186354000,724092000.0,RevenueFromContractWithCustomerExcludingAssessedTax,OperatingIncomeLoss,NetIncomeLoss,Assets,Liabilities,False,,2026-01-31,2026-01-31,2026-01-31,2026-01-31,2026-01-31,2026,2026-03-26,166,False,False,0,,0.1426001952136658,0.14585340342957806,0.6103507047643452,True,,1.381
AGYS,AGILYSYS INC,0000078749,Nasdaq,2026-03-31,319312000,43015000.0,38791000.0,481528000,154737000.0,RevenueFromContractWithCustomerExcludingAssessedTax,OperatingIncomeLoss,NetIncomeLoss,Assets,CALCULATED:LiabilitiesAndStockholdersEquity-StockholdersEquity,True,LiabilitiesAndEquity - Equity,2026-03-31,2026-03-31,2026-03-31,2026-03-31,2026-03-31,2026,2026-05-21,107,False,False,0,,0.13471150473518065,0.12148306358671143,0.3213457992058613,True,,1.471
AHCO,AdaptHealth Corp.,0001725255,Nasdaq,2025-12-31,3244857000,90873000.0,-70794000.0,4316577000,2790253000.0,RevenueFromContractWithCustomerExcludingAssessedTax,OperatingIncomeLoss,NetIncomeLoss,Assets,Liabilities,False,,2025-12-31,2025-12-31,2025-12-31,2025-12-31,2025-12-31,2025,2026-02-24,197,False,False,0,,0.028005240292561427,-0.021817294259808676,0.646404083606061,True,,1.278
AHR,"American Healthcare REIT, Inc.",0001632970,NYSE,2025-12-31,2094506000,415160000.0,69806000.0,5426226000,2065611000.0,RevenueFromContractWithCustomerExcludingAssessedTax,OperatingIncomeLoss,NetIncomeLoss,Assets,Liabilities,False,,2025-12-31,2025-12-31,2025-12-31,2025-12-31,2025-12-31,2025,2026-02-27,197,False,False,0,,0.19821380315931297,0.03332814515690096,0.3806717597092344,True,,1.617
AHRT,"AH Realty Trust, Inc.",0001569187,NYSE,2025-12-31,285201000,80860000.0,5604000.0,2596510000,1767318000.0,Revenues,OperatingIncomeLoss,NetIncomeLoss,Assets,Liabilities,False,,2025-12-31,2025-12-31,2025-12-31,2025-12-31,2025-12-31,2025,2026-02-27,197,False,False,0,,0.28351934249879907,0.01964929996739142,0.6806513358315586,True,,1.484
AHT,ASHFORD HOSPITALITY TRUST INC,0001232582,NYSE,2025-12-31,1104388000,116415000.0,-179839000.0,2833632000,3206874000.0,RevenueFromContractWithCustomerExcludingAssessedTax,OperatingIncomeLoss,NetIncomeLoss,Assets,Liabilities,False,,2025-12-31,2025-12-31,2025-12-31,2025-12-31,2025-12-31,2025,2026-03-23,197,False,True,1,liabilities_exceed_assets,0.10541132283219304,-0.16284041478176148,1.131718585899651,True,,1.645
AI,"C3.ai, Inc.",0001577526,NYSE,2026-04-30,250268000,-498498000.0,-470369000.0,816273000,162522000.0,RevenueFromContractWithCustomerExcludingAssessedTax,OperatingIncomeLoss,NetIncomeLoss,Assets,Liabilities,False,,2026-04-30,2026-04-30,2026-04-30,2026-04-30,2026-04-30,2026,2026-06-24,77,False,False,0,,-1.991856729585884,-1.8794612175747598,0.19910250614684058,True,,1.166
AIDX,"20/20 Biolabs, Inc.",0001139685,Nasdaq,2025-12-31,2045133,-3330871.0,-3738821.0,4137357,4156582.0,Revenues,OperatingIncomeLoss,NetIncomeLoss,Assets,Liabilities,False,,2025-12-31,2025-12-31,2025-12-31,2025-12-31,2025-12-31,2025,2026-03-31,197,False,True,1,liabilities_exceed_assets,-1.628681851009201,-1.8281554304781156,1.0046466862782206,True,,1.086
AIFA,"All In FutureTech Alliance, Inc.",0001708341,Nasdaq,2023-12-31,7655039,-6599616.0,-3435461.0,112016687,18608646.0,Revenues,OperatingIncomeLoss,NetIncomeLoss,Assets,Liabilities,False,,2023-12-31,2023-12-31,2023-12-31,2023-12-31,2023-12-31,2023,2024-03-28,928,True,False,0,,-0.8621270250876579,-0.4487842583166461,0.166123874026019,True,,1.333
AIFC,AI Financial Corp,0000862861,Nasdaq,2025-12-27,24840000,-22851000.0,-344507000.0,1219455000,60253000.0,RevenueFromContractWithCustomerExcludingAssessedTax,OperatingIncomeLoss,NetIncomeLoss,Assets,Liabilities,False,,2025-12-27,2025-12-27,2025-12-27,2025-12-27,2025-12-27,2025,2026-04-13,201,False,False,0,,-0.9199275362318841,-13.86904186795491,0.04940977731855624,True,,1.529
AIFF,"FIREFLY NEUROSCIENCE, INC.",0000803578,Nasdaq,2025-12-31,1142000,-8856000.0,-19882000.0,10477000,2840000.0,Revenues,OperatingIncomeLoss,NetIncomeLoss,Assets,Liabilities,False,,2025-12-31,2025-12-31,2025-12-31,2025-12-31,2025-12-31,2025,2026-03-31,197,False,False,0,,-7.754816112084063,-17.409807355516637,0.2710699627756037,True,,1.349
AIG,"AMERICAN INTERNATIONAL GROUP, INC.",0000005272,NYSE,2025-12-31,26775000000,,3096000000.0,161254000000,120092000000.0,Revenues,,NetIncomeLoss,Assets,Liabilities,False,,2025-12-31,,2025-12-31,2025-12-31,2025-12-31,2025,2026-02-12,197,False,False,0,,,0.11563025210084034,0.7447381150235033,False,{'operating_income': '값 없음'},1.609
AIHS,Senmiao Technology Ltd,0001711012,Nasdaq,2026-03-31,1546127,-2888197.0,-5270200.0,5257677,7777200.0,Revenues,OperatingIncomeLoss,NetIncomeLoss,Assets,Liabilities,False,,2026-03-31,2026-03-31,2026-03-31,2026-03-31,2026-03-31,2026,2026-06-30,107,False,True,1,liabilities_exceed_assets,-1.8680205442373103,-3.4086462496289114,1.4792084032548976,True,,1.352
AII,"American Integrity Insurance Group, Inc.",0002007587,NYSE,2025-12-31,276485000,,99621000.0,1225074000,888052000.0,Revenues,,NetIncomeLoss,Assets,Liabilities,False,,2025-12-31,,2025-12-31,2025-12-31,2025-12-31,2025,2026-02-27,197,False,False,0,,,0.36031249434869883,0.7248966184899851,False,{'operating_income': '값 없음'},1.08
AIM,AIM ImmunoTech Inc.,0000946644,NYSE,2025-12-31,88000,-11664000.0,-13958000.0,5782000,15565000.0,RevenueFromContractWithCustomerExcludingAssessedTax,OperatingIncomeLoss,NetIncomeLoss,Assets,Liabilities,False,,2025-12-31,2025-12-31,2025-12-31,2025-12-31,2025-12-31,2025,2026-03-27,197,False,True,1,liabilities_exceed_assets,-132.54545454545453,-158.61363636363637,2.6919750951227948,True,,2.027
AIMD,"Ainos, Inc.",0001014763,Nasdaq,2025-12-31,124157,-13990408.0,-14771012.0,20871108,13308526.0,Revenues,OperatingIncomeLoss,NetIncomeLoss,Assets,Liabilities,False,,2025-12-31,2025-12-31,2025-12-31,2025-12-31,2025-12-31,2025,2026-03-30,197,False,False,0,,-112.68319949741054,-118.97043259743711,0.6376530656637874,True,,1.398
AIMDW,"Ainos, Inc.",0001014763,Nasdaq,2025-12-31,124157,-13990408.0,-14771012.0,20871108,13308526.0,Revenues,OperatingIncomeLoss,NetIncomeLoss,Assets,Liabilities,False,,2025-12-31,2025-12-31,2025-12-31,2025-12-31,2025-12-31,2025,2026-03-30,197,False,False,0,,-112.68319949741054,-118.97043259743711,0.6376530656637874,True,,1.3
AIN,ALBANY INTERNATIONAL CORP /DE/,0000819793,NYSE,2025-12-31,1182813000,-36103000.0,-57342000.0,1718709000,986607000.0,RevenueFromContractWithCustomerExcludingAssessedTax,OperatingIncomeLoss,NetIncomeLoss,Assets,Liabilities,False,,2025-12-31,2025-12-31,2025-12-31,2025-12-31,2025-12-31,2025,2026-02-27,197,False,False,0,,-0.030522998986314828,-0.04847934542484738,0.5740395843624488,True,,1.543
AIOT,"Powerfleet, Inc.",0001774170,Nasdaq,2026-03-31,443777000,19576000.0,-20552000.0,955565000,473950000.0,RevenueFromContractWithCustomerExcludingAssessedTax,OperatingIncomeLoss,NetIncomeLoss,Assets,Liabilities,False,,2026-03-31,2026-03-31,2026-03-31,2026-03-31,2026-03-31,2026,2026-06-15,107,False,False,0,,0.04411224556477691,-0.04631154836776129,0.4959892838268459,True,,1.272
AIP,"Arteris, Inc.",0001667011,Nasdaq,2025-12-31,70579000,-33137000.0,-34746000.0,115031000,129663000.0,RevenueFromContractWithCustomerExcludingAssessedTax,OperatingIncomeLoss,NetIncomeLoss,Assets,Liabilities,False,,2025-12-31,2025-12-31,2025-12-31,2025-12-31,2025-12-31,2025,2026-02-12,197,False,True,1,liabilities_exceed_assets,-0.46950225987900085,-0.4922994091727001,1.1272004937799376,True,,1.18
AIR,AAR CORP,0000001750,NYSE,2018-05-31,1748300000,,15600000.0,1524700000,588400000.0,SalesRevenueNet,,NetIncomeLoss,Assets,CALCULATED:LiabilitiesAndStockholdersEquity-StockholdersEquityIncludingPortionAttributableToNoncontrollingInterest,True,LiabilitiesAndEquity - Equity,2018-05-31,,2018-05-31,2018-05-31,2018-05-31,2018,2018-07-11,2968,True,False,0,,,0.008922953726477148,0.3859119826851184,False,{'operating_income': '값 없음'},1.499
AIRE,reAlpha Tech Corp.,0001859199,Nasdaq,2025-12-31,4518498,-16006958.0,-17593968.0,21717331,9195718.0,Revenues,OperatingIncomeLoss,NetIncomeLoss,Assets,Liabilities,False,,2025-12-31,2025-12-31,2025-12-31,2025-12-31,2025-12-31,2025,2026-03-12,197,False,False,0,,-3.54253957841743,-3.8937646979151035,0.4234276302184647,True,,1.027
AIRG,AIRGAIN INC,0001272842,Nasdaq,2025-12-31,51779000,-8483000.0,-6426000.0,45337000,17048000.0,RevenueFromContractWithCustomerExcludingAssessedTax,OperatingIncomeLoss,NetIncomeLoss,Assets,Liabilities,False,,2025-12-31,2025-12-31,2025-12-31,2025-12-31,2025-12-31,2025,2026-02-26,197,False,False,0,,-0.16383089669557158,-0.12410436663512235,0.3760284094668814,True,,1.385
AIRI,AIR INDUSTRIES GROUP,0001009891,NYSE,2025-12-31,47921000,-338000.0,-1305000.0,58329000,39128000.0,Revenues,OperatingIncomeLoss,NetIncomeLoss,Assets,Liabilities,False,,2025-12-31,2025-12-31,2025-12-31,2025-12-31,2025-12-31,2025,2026-03-27,197,False,False,0,,-0.007053275182070491,-0.027232319859769205,0.670815546297725,True,,1.403
AIRO,"AIRO Group Holdings, Inc.",0001927958,Nasdaq,2025-12-31,90907000,-28765000.0,-4104000.0,774139000,34947000.0,RevenueFromContractWithCustomerExcludingAssessedTax,OperatingIncomeLoss,NetIncomeLoss,Assets,Liabilities,False,,2025-12-31,2025-12-31,2025-12-31,2025-12-31,2025-12-31,2025,2026-03-31,197,False,False,0,,-0.3164222777123874,-0.045145038335881724,0.04514305570446651,True,,1.278
AIRS,"Airsculpt Technologies, Inc.",0001870940,Nasdaq,2025-12-31,151818000,-11560000.0,-11667000.0,187304000,99592000.0,RevenueFromContractWithCustomerExcludingAssessedTax,OperatingIncomeLoss,NetIncomeLoss,Assets,Liabilities,False,,2025-12-31,2025-12-31,2025-12-31,2025-12-31,2025-12-31,2025,2026-04-06,197,False,False,0,,-0.07614380376503445,-0.07684859502825751,0.5317131508136506,True,,1.284
AIRT,AIR T INC,0000353184,Nasdaq,2026-03-31,327090000,-11197000.0,77983000.0,409123000,317902000.0,RevenueFromContractWithCustomerExcludingAssessedTax,OperatingIncomeLoss,NetIncomeLoss,Assets,Liabilities,False,,2026-03-31,2026-03-31,2026-03-31,2026-03-31,2026-03-31,2026,2026-06-29,107,False,False,0,,-0.034232168516310495,0.23841450365342873,0.7770328238695943,True,,1.385
AIRTP,AIR T INC,0000353184,Nasdaq,2026-03-31,327090000,-11197000.0,77983000.0,409123000,317902000.0,RevenueFromContractWithCustomerExcludingAssessedTax,OperatingIncomeLoss,NetIncomeLoss,Assets,Liabilities,False,,2026-03-31,2026-03-31,2026-03-31,2026-03-31,2026-03-31,2026,2026-06-29,107,False,False,0,,-0.034232168516310495,0.23841450365342873,0.7770328238695943,True,,1.409
AISP,"Airship AI Holdings, Inc.",0001842566,Nasdaq,2025-12-31,15321349,-7215786.0,29321363.0,19475330,26624972.0,Revenues,OperatingIncomeLoss,NetIncomeLoss,Assets,Liabilities,False,,2025-12-31,2025-12-31,2025-12-31,2025-12-31,2025-12-31,2025,2026-02-17,197,False,True,2,net_income_exceeds_revenue|liabilities_exceed_assets,-0.4709628375412635,1.9137585730864821,1.3671127523898183,True,,1.221
AISPW,"Airship AI Holdings, Inc.",0001842566,Nasdaq,2025-12-31,15321349,-7215786.0,29321363.0,19475330,26624972.0,Revenues,OperatingIncomeLoss,NetIncomeLoss,Assets,Liabilities,False,,2025-12-31,2025-12-31,2025-12-31,2025-12-31,2025-12-31,2025,2026-02-17,197,False,True,2,net_income_exceeds_revenue|liabilities_exceed_assets,-0.4709628375412635,1.9137585730864821,1.3671127523898183,True,,1.373
AIT,APPLIED INDUSTRIAL TECHNOLOGIES INC,0000109563,NYSE,2025-06-30,4563424000,498529000.0,392988000.0,3175544000,1331024000.0,RevenueFromContractWithCustomerExcludingAssessedTax,OperatingIncomeLoss,NetIncomeLoss,Assets,Liabilities,False,,2025-06-30,2025-06-30,2025-06-30,2025-06-30,2025-06-30,2025,2025-08-15,381,False,False,0,,0.10924450587979552,0.08611691571942472,0.4191483411976027,True,,1.558
AIV,APARTMENT INVESTMENT & MANAGEMENT CO,0000922864,NYSE,2025-12-31,138486000,,547161000.0,1675733000,1122848000.0,Revenues,,NetIncomeLoss,Assets,Liabilities,False,,2025-12-31,,2025-12-31,2025-12-31,2025-12-31,2025,2026-03-02,197,False,True,1,net_income_exceeds_revenue,,3.951020319743512,0.6700637870114153,False,{'operating_income': '값 없음'},1.676
AIXC,"AIxCrypto Holdings, Inc.",0001460702,Nasdaq,2022-12-31,4983556,-14760720.0,-18640543.0,19083491,10316901.0,RevenueFromContractWithCustomerExcludingAssessedTax,OperatingIncomeLoss,NetIncomeLoss,Assets,Liabilities,False,,2022-12-31,2022-12-31,2022-12-31,2022-12-31,2022-12-31,2022,2023-05-02,1293,True,False,0,,-2.961885047544364,-3.740410060607325,0.540619166587497,True,,1.785
AIZ,"ASSURANT, INC.",0001267238,NYSE,2025-12-31,12814300000,,872700000.0,36289600000,30418000000.0,Revenues,,NetIncomeLoss,Assets,Liabilities,False,,2025-12-31,,2025-12-31,2025-12-31,2025-12-31,2025,2026-02-19,197,False,False,0,,,0.06810360300601671,0.8382015784136502,False,{'operating_income': '값 없음'},1.563
AIZN,"ASSURANT, INC.",0001267238,NYSE,2025-12-31,12814300000,,872700000.0,36289600000,30418000000.0,Revenues,,NetIncomeLoss,Assets,Liabilities,False,,2025-12-31,,2025-12-31,2025-12-31,2025-12-31,2025,2026-02-19,197,False,False,0,,,0.06810360300601671,0.8382015784136502,False,{'operating_income': '값 없음'},1.532
AJG,Arthur J. Gallagher & Co.,0000354190,NYSE,2025-12-31,13942000000,,1494000000.0,70665000000,47318000000.0,RevenueFromContractWithCustomerExcludingAssessedTax,,NetIncomeLoss,Assets,Liabilities,False,,2025-12-31,,2025-12-31,2025-12-31,2025-12-31,2025,2026-02-17,197,False,False,0,,,0.10715822694018075,0.6696101323144413,False,{'operating_income': '값 없음'},1.377
AKA,A.K.A. BRANDS HOLDING CORP.,0001865107,NYSE,2025-12-31,600208000,-18049000.0,-31434000.0,397382000,299611000.0,RevenueFromContractWithCustomerExcludingAssessedTax,OperatingIncomeLoss,NetIncomeLoss,Assets,Liabilities,False,,2025-12-31,2025-12-31,2025-12-31,2025-12-31,2025-12-31,2025,2026-03-05,197,False,False,0,,-0.03007124196945059,-0.05237184442726522,0.7539621824843601,True,,1.16
AKAM,AKAMAI TECHNOLOGIES INC,0001086222,Nasdaq,2017-12-31,2502996000,314289000.0,222766000.0,4648916000,1286447000.0,Revenues,OperatingIncomeLoss,NetIncomeLoss,Assets,Liabilities,False,,2017-12-31,2017-12-31,2017-12-31,2017-12-31,2017-12-31,2017,2018-03-01,3119,True,False,0,,0.12556512275688814,0.08899974270833833,0.2767197772556011,True,,1.43
AKBA,"Akebia Therapeutics, Inc.",0001517022,Nasdaq,2025-12-31,236196000,23499000.0,-5345000.0,376565000,343955000.0,RevenueFromContractWithCustomerExcludingAssessedTax,OperatingIncomeLoss,NetIncomeLoss,Assets,Liabilities,False,,2025-12-31,2025-12-31,2025-12-31,2025-12-31,2025-12-31,2025,2026-02-26,197,False,False,0,,0.09948940710257582,-0.02262951108401497,0.9134014048039515,True,,1.381
AKR,ACADIA REALTY TRUST,0000899629,NYSE,2025-12-31,410757000,49426000.0,16896000.0,4837152000,2207721000.0,Revenues,OperatingIncomeLoss,NetIncomeLoss,Assets,Liabilities,False,,2025-12-31,2025-12-31,2025-12-31,2025-12-31,2025-12-31,2025,2026-02-13,197,False,False,0,,0.1203290509960877,0.04113380904038154,0.45640926727132,True,,1.538
ALAB,"Astera Labs, Inc.",0001736297,Nasdaq,2025-12-31,852525000,173423000.0,219134000.0,1531823000,168189000.0,RevenueFromContractWithCustomerExcludingAssessedTax,OperatingIncomeLoss,NetIncomeLoss,Assets,Liabilities,False,,2025-12-31,2025-12-31,2025-12-31,2025-12-31,2025-12-31,2025,2026-02-20,197,False,False,0,,0.20342277352570307,0.2570411424884901,0.10979662793938987,True,,1.212
ALB,ALBEMARLE CORP,0000915913,NYSE,2025-12-31,5142733000,-367084000.0,-510628000.0,16374211000,6840846000.0,Revenues,OperatingIncomeLoss,NetIncomeLoss,Assets,CALCULATED:LiabilitiesAndStockholdersEquity-StockholdersEquity,True,LiabilitiesAndEquity - Equity,2025-12-31,2025-12-31,2025-12-31,2025-12-31,2025-12-31,2025,2026-02-11,197,False,False,0,,-0.0713791674582367,-0.09929117455640804,0.41778171784887835,True,,1.588
ALBT,Avalon GloboCare Corp.,0001630212,Nasdaq,2024-12-31,1333403,-4841250.0,-7903394.0,20985178,13882555.0,Revenues,OperatingIncomeLoss,NetIncomeLoss,Assets,Liabilities,False,,2024-12-31,2024-12-31,2024-12-31,2024-12-31,2024-12-31,2024,2025-03-31,562,False,False,0,,-3.630747793427793,-5.927235801929349,0.6615409695357362,True,,1.224
ALCO,"ALICO, INC.",0000003545,Nasdaq,2025-09-30,44066000,-203901000.0,-147334000.0,201527000,93533000.0,RevenueFromContractWithCustomerExcludingAssessedTax,OperatingIncomeLoss,NetIncomeLoss,Assets,Liabilities,False,,2025-09-30,2025-09-30,2025-09-30,2025-09-30,2025-09-30,2025,2025-11-24,289,False,False,0,,-4.627172877048064,-3.343484772840739,0.46412143286011304,True,,1.569
ALEC,"Alector, Inc.",0001653087,Nasdaq,2025-12-31,21045000,-156007000.0,-142929000.0,293237000,262588000.0,RevenueFromContractWithCustomerExcludingAssessedTax,OperatingIncomeLoss,NetIncomeLoss,Assets,Liabilities,False,,2025-12-31,2025-12-31,2025-12-31,2025-12-31,2025-12-31,2025,2026-02-25,197,False,False,0,,-7.413019719648372,-6.791589451176051,0.8954804475560724,True,,1.385
ALG,ALAMO GROUP INC,0000897077,NYSE,2025-12-31,1603715000,151613000.0,103801000.0,1606616000,457913000.0,RevenueFromContractWithCustomerExcludingAssessedTax,OperatingIncomeLoss,NetIncomeLoss,Assets,Liabilities,False,,2025-12-31,2025-12-31,2025-12-31,2025-12-31,2025-12-31,2025,2026-03-02,197,False,False,0,,0.09453861814599228,0.06472534084921573,0.285017079376777,True,,1.379
ALGM,"ALLEGRO MICROSYSTEMS, INC.",0000866291,Nasdaq,2026-03-27,890096000,18487000.0,-14897000.0,1416175000,459730000.0,RevenueFromContractWithCustomerExcludingAssessedTax,OperatingIncomeLoss,NetIncomeLoss,Assets,Liabilities,False,,2026-03-27,2026-03-27,2026-03-27,2026-03-27,2026-03-27,2026,2026-05-21,111,False,False,0,,0.020769669788427314,-0.016736396972910787,0.32462795911522235,True,,1.25
ALGN,ALIGN TECHNOLOGY INC,0001097149,Nasdaq,2025-12-31,4034964000,545755000.0,410351000.0,6233693000,2184546000.0,RevenueFromContractWithCustomerExcludingAssessedTax,OperatingIncomeLoss,NetIncomeLoss,Assets,Liabilities,False,,2025-12-31,2025-12-31,2025-12-31,2025-12-31,2025-12-31,2025,2026-02-27,197,False,False,0,,0.13525647316803818,0.10169880078236138,0.3504417044599405,True,,1.489
ALGS,"Aligos Therapeutics, Inc.",0001799448,Nasdaq,2025-12-31,2186000,-87985000.0,-24193000.0,88533000,34988000.0,RevenueFromContractWithCustomerExcludingAssessedTax,OperatingIncomeLoss,NetIncomeLoss,Assets,Liabilities,False,,2025-12-31,2025-12-31,2025-12-31,2025-12-31,2025-12-31,2025,2026-03-05,197,False,False,0,,-40.249313815187556,-11.067246111619395,0.3951972710740628,True,,1.311
ALGT,Allegiant Travel CO,0001362468,Nasdaq,2025-12-31,2324348000,37167000.0,-44697000.0,4209401000,3156724000.0,RevenueFromContractWithCustomerExcludingAssessedTax,OperatingIncomeLoss,NetIncomeLoss,Assets,Liabilities,False,,2025-12-31,2025-12-31,2025-12-31,2025-12-31,2025-12-31,2025,2026-02-26,197,False,False,0,,0.015990290610528198,-0.0192299087744176,0.7499223761290502,True,,1.333
ALH,Alliance Laundry Holdings Inc.,0001317685,NYSE,2025-12-31,1709237000,317366000.0,101755000.0,2885888000,2493770000.0,RevenueFromContractWithCustomerExcludingAssessedTax,OperatingIncomeLoss,NetIncomeLoss,Assets,Liabilities,False,,2025-12-31,2025-12-31,2025-12-31,2025-12-31,2025-12-31,2025,2026-03-13,197,False,False,0,,0.18567700090742242,0.059532411245485556,0.8641257041160294,True,,1.046
ALHC,"Alignment Healthcare, Inc.",0001832466,Nasdaq,2025-12-31,3948719000,14752000.0,-724000.0,1065786000,886509000.0,Revenues,OperatingIncomeLoss,NetIncomeLoss,Assets,Liabilities,False,,2025-12-31,2025-12-31,2025-12-31,2025-12-31,2025-12-31,2025,2026-02-27,197,False,False,0,,0.0037358951092746786,-0.00018335060053652842,0.8317889332380046,True,,1.282
ALIT,"Alight, Inc. / Delaware",0001809104,NYSE,2025-12-31,2262000000,-3090000000.0,-3097000000.0,4568000000,3522000000.0,RevenueFromContractWithCustomerExcludingAssessedTax,OperatingIncomeLoss,NetIncomeLoss,Assets,Liabilities,False,,2025-12-31,2025-12-31,2025-12-31,2025-12-31,2025-12-31,2025,2026-02-24,197,False,False,0,,-1.3660477453580901,-1.3691423519009727,0.771015761821366,True,,1.266
ALK,"ALASKA AIR GROUP, INC.",0000766421,NYSE,2025-12-31,14239000000,303000000.0,100000000.0,20361000000,16243000000.0,RevenueFromContractWithCustomerExcludingAssessedTax,OperatingIncomeLoss,NetIncomeLoss,Assets,CALCULATED:LiabilitiesAndStockholdersEquity-StockholdersEquity,True,LiabilitiesAndEquity - Equity,2025-12-31,2025-12-31,2025-12-31,2025-12-31,2025-12-31,2025,2026-02-12,197,False,False,0,,0.021279584240466325,0.007022965095863473,0.7977506016403909,True,,1.548
ALKS,Alkermes plc.,0001520262,Nasdaq,2025-12-31,1475899000,253956000.0,241664000.0,2486993000,667698000.0,RevenueFromContractWithCustomerExcludingAssessedTax,OperatingIncomeLoss,NetIncomeLoss,Assets,Liabilities,False,,2025-12-31,2025-12-31,2025-12-31,2025-12-31,2025-12-31,2025,2026-02-25,197,False,False,0,,0.1720686849167863,0.16374020173467155,0.2684760270736588,True,,1.309
ALKT,"ALKAMI TECHNOLOGY, INC.",0001529274,Nasdaq,2025-12-31,443639000,-53636000.0,-47652000.0,847227000,485178000.0,RevenueFromContractWithCustomerExcludingAssessedTax,OperatingIncomeLoss,NetIncomeLoss,Assets,Liabilities,False,,2025-12-31,2025-12-31,2025-12-31,2025-12-31,2025-12-31,2025,2026-02-26,197,False,False,0,,-0.12090010120841495,-0.10741165677499048,0.572665885294024,True,,1.46
ALL,ALLSTATE CORP,0000899051,NYSE,2025-12-31,67685000000,,10282000000.0,119758000000,89169000000.0,Revenues,,NetIncomeLoss,Assets,Liabilities,False,,2025-12-31,,2025-12-31,2025-12-31,2025-12-31,2025,2026-02-20,197,False,False,0,,,0.15190958114796485,0.7445765627348486,False,{'operating_income': '값 없음'},1.55
ALLE,Allegion plc,0001579241,NYSE,2025-12-31,4067300000,859500000.0,643800000.0,5223700000,3156100000.0,RevenueFromContractWithCustomerExcludingAssessedTax,OperatingIncomeLoss,NetIncomeLoss,Assets,Liabilities,False,,2025-12-31,2025-12-31,2025-12-31,2025-12-31,2025-12-31,2025,2026-02-17,197,False,False,0,,0.21131954859489097,0.158286824183119,0.6041886019488102,True,,1.411
ALLO,"Allogene Therapeutics, Inc.",0001737287,Nasdaq,2025-12-31,0,-209315000.0,-190886000.0,415905000,123363000.0,RevenueFromContractWithCustomerExcludingAssessedTax,OperatingIncomeLoss,NetIncomeLoss,Assets,Liabilities,False,,2025-12-31,2025-12-31,2025-12-31,2025-12-31,2025-12-31,2025,2026-03-12,197,False,True,1,revenue_non_positive,,,0.29661340931222274,True,,1.146
ALLY,Ally Financial Inc.,0000040729,NYSE,2025-12-31,1244000000,,852000000.0,196002000000,180504000000.0,RevenueFromContractWithCustomerExcludingAssessedTax,,NetIncomeLoss,Assets,Liabilities,False,,2025-12-31,,2025-12-31,2025-12-31,2025-12-31,2025,2026-02-25,197,False,False,0,,,0.684887459807074,0.9209293782716503,False,{'operating_income': '값 없음'},1.705
ALMS,ALUMIS INC.,0001847367,Nasdaq,2025-12-31,24050000,-453804000.0,-243325000.0,411940000,110643000.0,RevenueFromContractWithCustomerExcludingAssessedTax,OperatingIncomeLoss,NetIncomeLoss,Assets,Liabilities,False,,2025-12-31,2025-12-31,2025-12-31,2025-12-31,2025-12-31,2025,2026-03-19,197,False,False,0,,-18.86918918918919,-10.117463617463617,0.2685900859348449,True,,1.266
ALMU,"Aeluma, Inc.",0001828805,Nasdaq,2025-06-30,4665000,-2142000.0,-3022000.0,19406000,1508000.0,Revenues,OperatingIncomeLoss,NetIncomeLoss,Assets,Liabilities,False,,2025-06-30,2025-06-30,2025-06-30,2025-06-30,2025-06-30,2025,2025-09-09,381,False,False,0,,-0.4591639871382637,-0.6478027867095392,0.07770792538390188,True,,1.189
ALNT,ALLIENT INC,0000046129,Nasdaq,2025-12-31,554478000,43985000.0,22034000.0,577595000,276140000.0,RevenueFromContractWithCustomerExcludingAssessedTax,OperatingIncomeLoss,ProfitLoss,Assets,Liabilities,False,,2025-12-31,2025-12-31,2025-12-31,2025-12-31,2025-12-31,2025,2026-03-05,197,False,False,0,,0.07932686238227667,0.039738276360829466,0.47808585600637127,True,,1.425
ALNY,"ALNYLAM PHARMACEUTICALS, INC.",0001178670,Nasdaq,2025-12-31,3713937000,501578000.0,313747000.0,4966331000,4177155000.0,RevenueFromContractWithCustomerExcludingAssessedTax,OperatingIncomeLoss,NetIncomeLoss,Assets,Liabilities,False,,2025-12-31,2025-12-31,2025-12-31,2025-12-31,2025-12-31,2025,2026-02-12,197,False,False,0,,0.13505291015975768,0.08447827736442487,0.8410947639212932,True,,1.445
ALOT,"AstroNova, Inc.",0000008146,Nasdaq,2026-01-31,150515000,1206000.0,-2376000.0,137566000,60704000.0,RevenueFromContractWithCustomerExcludingAssessedTax,OperatingIncomeLoss,NetIncomeLoss,Assets,Liabilities,False,,2026-01-31,2026-01-31,2026-01-31,2026-01-31,2026-01-31,2026,2026-04-15,166,False,False,0,,0.008012490449456865,-0.015785802079526956,0.4412718258872105,True,,1.464
ALOY,REALLOYS INC.,0001567900,Nasdaq,2018-12-31,692803,-1106741.0,-1151882.0,209888,1356355.0,Revenues,OperatingIncomeLoss,NetIncomeLoss,Assets,CALCULATED:LiabilitiesAndStockholdersEquity-StockholdersEquity,True,LiabilitiesAndEquity - Equity,2018-12-31,2018-12-31,2018-12-31,2018-12-31,2018-12-31,2018,2019-04-19,2754,True,True,1,liabilities_exceed_assets,-1.5974829785667788,-1.6626400289837082,6.462279882604055,True,,1.36
ALRM,"Alarm.com Holdings, Inc.",0001459200,Nasdaq,2025-12-31,1011187000,133638000.0,131628000.0,2136591000,1245581000.0,RevenueFromContractWithCustomerExcludingAssessedTax,OperatingIncomeLoss,ProfitLoss,Assets,Liabilities,False,,2025-12-31,2025-12-31,2025-12-31,2025-12-31,2025-12-31,2025,2026-02-19,197,False,False,0,,0.1321595313230886,0.1301717684266115,0.5829758713764123,True,,1.532
ALSN,Allison Transmission Holdings Inc,0001411207,NYSE,2025-12-31,3010000000,880000000.0,623000000.0,6082000000,4215000000.0,RevenueFromContractWithCustomerExcludingAssessedTax,OperatingIncomeLoss,NetIncomeLoss,Assets,Liabilities,False,,2025-12-31,2025-12-31,2025-12-31,2025-12-31,2025-12-31,2025,2026-02-24,197,False,False,0,,0.292358803986711,0.2069767441860465,0.693028609010194,True,,1.507
ALT,"Altimmune, Inc.",0001326190,Nasdaq,2025-12-31,41000,-94489000.0,-88093000.0,279929000,55037000.0,Revenues,OperatingIncomeLoss,NetIncomeLoss,Assets,Liabilities,False,,2025-12-31,2025-12-31,2025-12-31,2025-12-31,2025-12-31,2025,2026-03-06,197,False,False,0,,-2304.609756097561,-2148.609756097561,0.1966105691085954,True,,1.6
ALTG,ALTA EQUIPMENT GROUP INC.,0001759824,NYSE,2025-12-31,1835900000,23200000.0,-80300000.0,1336300000,1345100000.0,RevenueFromContractWithCustomerExcludingAssessedTax,OperatingIncomeLoss,NetIncomeLoss,Assets,Liabilities,False,,2025-12-31,2025-12-31,2025-12-31,2025-12-31,2025-12-31,2025,2026-02-26,197,False,True,1,liabilities_exceed_assets,0.012636853859142655,-0.04373876572798083,1.0065853476015865,True,,1.068
ALTI,"AlTi Global, Inc.",0001838615,Nasdaq,2025-12-31,254956000,-73943000.0,-119699000.0,1176448000,301659000.0,RevenueFromContractWithCustomerExcludingAssessedTax,OperatingIncomeLoss,NetIncomeLoss,Assets,Liabilities,False,,2025-12-31,2025-12-31,2025-12-31,2025-12-31,2025-12-31,2025,2026-03-31,197,False,False,0,,-0.2900225921335446,-0.46948885297855314,0.2564150731694049,True,,1.286
ALTO,"Alto Ingredients, Inc.",0000778164,Nasdaq,2025-12-31,917927000,7362000.0,13338000.0,388786000,143545000.0,Revenues,OperatingIncomeLoss,NetIncomeLoss,Assets,Liabilities,False,,2025-12-31,2025-12-31,2025-12-31,2025-12-31,2025-12-31,2025,2026-03-13,197,False,False,0,,0.008020245618660308,0.014530567245543491,0.36921339760176547,True,,1.298
ALV,AUTOLIV INC,0001034670,NYSE,2025-12-31,10815000000,1088000000.0,735000000.0,8644000000,6072000000.0,RevenueFromContractWithCustomerExcludingAssessedTax,OperatingIncomeLoss,NetIncomeLoss,Assets,CALCULATED:LiabilitiesAndStockholdersEquity-StockholdersEquity,True,LiabilitiesAndEquity - Equity,2025-12-31,2025-12-31,2025-12-31,2025-12-31,2025-12-31,2025,2026-02-19,197,False,False,0,,0.10060101710587148,0.06796116504854369,0.7024525682554373,True,,1.454
ALX,ALEXANDERS INC,0000003499,NYSE,2025-12-31,213183000,,28224000.0,1110708000,1001552000.0,Revenues,,NetIncomeLoss,Assets,Liabilities,False,,2025-12-31,,2025-12-31,2025-12-31,2025-12-31,2025,2026-02-09,197,False,False,0,,,0.13239329590070503,0.9017239454474083,False,{'operating_income': '값 없음'},1.381
ALXO,ALX ONCOLOGY HOLDINGS INC,0001810182,Nasdaq,2022-12-31,0,-127436000.0,-123482000.0,306489000,43025000.0,RevenueFromContractWithCustomerExcludingAssessedTax,OperatingIncomeLoss,NetIncomeLoss,Assets,Liabilities,False,,2022-12-31,2022-12-31,2022-12-31,2022-12-31,2022-12-31,2022,2023-03-09,1293,True,True,1,revenue_non_positive,,,0.1403802420315248,True,,1.214
AM,Antero Midstream Corp,0001623925,NYSE,2025-12-31,1188426000,644669000.0,413163000.0,5884116000,3912075000.0,Revenues,OperatingIncomeLoss,ProfitLoss,Assets,Liabilities,False,,2025-12-31,2025-12-31,2025-12-31,2025-12-31,2025-12-31,2025,2026-02-11,197,False,False,0,,0.5424561562941235,0.347655638634631,0.6648534801149399,True,,1.271
AMAT,APPLIED MATERIALS INC /DE,0000006951,Nasdaq,2025-10-26,28368000000,8289000000.0,6998000000.0,36299000000,15884000000.0,RevenueFromContractWithCustomerExcludingAssessedTax,OperatingIncomeLoss,NetIncomeLoss,Assets,Liabilities,False,,2025-10-26,2025-10-26,2025-10-26,2025-10-26,2025-10-26,2025,2025-12-12,263,False,False,0,,0.2921954314720812,0.24668640721940213,0.437587812336428,True,,1.705
AMBA,AMBARELLA INC,0001280263,Nasdaq,2026-01-31,390702000,-82527000.0,-75865000.0,798600000,203811000.0,RevenueFromContractWithCustomerExcludingAssessedTax,OperatingIncomeLoss,NetIncomeLoss,Assets,Liabilities,False,,2026-01-31,2026-01-31,2026-01-31,2026-01-31,2026-01-31,2026,2026-03-23,166,False,False,0,,-0.21122748283858286,-0.19417612400243664,0.25521036814425246,True,,1.423
AMBO,Ambow Education Holding Ltd.,0001494558,NYSE,2025-12-31,9469000,112000.0,1359000.0,20796000,12546000.0,Revenues,OperatingIncomeLoss,NetIncomeLoss,Assets,Liabilities,False,,2025-12-31,2025-12-31,2025-12-31,2025-12-31,2025-12-31,2025,2026-02-13,197,False,False,0,,0.011828070545992185,0.14352096314288731,0.6032890940565493,True,,1.248
AMBQ,"Ambiq Micro, Inc.",0001500412,NYSE,2025-12-31,72514000,-39543000.0,-36461000.0,184680000,22221000.0,RevenueFromContractWithCustomerExcludingAssessedTax,OperatingIncomeLoss,NetIncomeLoss,Assets,Liabilities,False,,2025-12-31,2025-12-31,2025-12-31,2025-12-31,2025-12-31,2025,2026-03-05,197,False,False,0,,-0.5453153873734727,-0.5028132498552004,0.12032163742690058,True,,1.178
AMC,"AMC ENTERTAINMENT HOLDINGS, INC.",0001411579,NYSE,2025-12-31,4848900000,-17400000.0,-632400000.0,8017800000,9912600000.0,RevenueFromContractWithCustomerExcludingAssessedTax,OperatingIncomeLoss,NetIncomeLoss,Assets,Liabilities,False,,2025-12-31,2025-12-31,2025-12-31,2025-12-31,2025-12-31,2025,2026-02-23,197,False,True,1,liabilities_exceed_assets,-0.0035884427395904226,-0.13042133267338984,1.236324178702387,True,,1.371
AMCI,AMC Robotics Corp,0001937891,Nasdaq,2025-12-31,5980847,-505166.0,-24817342.0,11172586,746384.0,RevenueFromContractWithCustomerExcludingAssessedTax,OperatingIncomeLoss,NetIncomeLoss,Assets,Liabilities,False,,2025-12-31,2025-12-31,2025-12-31,2025-12-31,2025-12-31,2025,2026-04-20,197,False,False,0,,-0.08446395635935847,-4.149469464776478,0.06680494560525199,True,,1.193
AMCR,Amcor plc,0001748790,NYSE,2025-06-30,15009000000,1009000000.0,511000000.0,37066000000,25326000000.0,RevenueFromContractWithCustomerExcludingAssessedTax,OperatingIncomeLoss,NetIncomeLoss,Assets,Liabilities,False,,2025-06-30,2025-06-30,2025-06-30,2025-06-30,2025-06-30,2025,2025-08-15,381,False,False,0,,0.06722633086814578,0.034046238923312676,0.6832676846705876,True,,1.494
AMCX,AMC Global Media Inc.,0001514991,Nasdaq,2025-12-31,2311801000,133322000.0,89400000.0,3936881000,2923132000.0,RevenueFromContractWithCustomerExcludingAssessedTax,OperatingIncomeLoss,NetIncomeLoss,Assets,Liabilities,False,,2025-12-31,2025-12-31,2025-12-31,2025-12-31,2025-12-31,2025,2026-02-11,197,False,False,0,,0.057670188740293823,0.03867114859799784,0.7424994557874622,True,,1.623
AMD,ADVANCED MICRO DEVICES INC,0000002488,Nasdaq,2025-12-27,34639000000,3694000000.0,4335000000.0,76926000000,13927000000.0,RevenueFromContractWithCustomerExcludingAssessedTax,OperatingIncomeLoss,NetIncomeLoss,Assets,CALCULATED:LiabilitiesAndStockholdersEquity-StockholdersEquity,True,LiabilitiesAndEquity - Equity,2025-12-27,2025-12-27,2025-12-27,2025-12-27,2025-12-27,2025,2026-02-04,201,False,False,0,,0.10664280146655504,0.12514795461762754,0.1810441203234277,True,,1.531
AME,AMETEK INC/,0001037868,NYSE,2025-12-31,7401116000,1910317000.0,1480142000.0,16067543000,5438757000.0,RevenueFromContractWithCustomerExcludingAssessedTax,OperatingIncomeLoss,NetIncomeLoss,Assets,Liabilities,False,,2025-12-31,2025-12-31,2025-12-31,2025-12-31,2025-12-31,2025,2026-02-17,197,False,False,0,,0.2581120198629504,0.19998902868162044,0.33849338383597294,True,,1.642
AMG,"AFFILIATED MANAGERS GROUP, INC.",0001004434,NYSE,2025-12-31,2074400000,,716600000.0,9207400000,4785300000.0,RevenueFromContractWithCustomerExcludingAssessedTax,,NetIncomeLoss,Assets,Liabilities,False,,2025-12-31,,2025-12-31,2025-12-31,2025-12-31,2025,2026-02-17,197,False,False,0,,,0.34544928654068646,0.519723266068597,False,{'operating_income': '값 없음'},1.716
AMGN,AMGEN INC,0000318154,Nasdaq,2025-12-31,36751000000,9080000000.0,7711000000.0,90586000000,81928000000.0,RevenueFromContractWithCustomerExcludingAssessedTax,OperatingIncomeLoss,NetIncomeLoss,Assets,CALCULATED:LiabilitiesAndStockholdersEquity-StockholdersEquity,True,LiabilitiesAndEquity - Equity,2025-12-31,2025-12-31,2025-12-31,2025-12-31,2025-12-31,2025,2026-02-13,197,False,False,0,,0.24706810699028597,0.20981741993415146,0.9044223169143135,True,,1.393
AMH,American Homes 4 Rent,0001562401,NYSE,2020-12-31,1182836000,,154829000.0,9593625000,3121195000.0,Revenues,,ProfitLoss,Assets,Liabilities,False,,2020-12-31,,2020-12-31,2020-12-31,2020-12-31,2020,2021-02-26,2023,True,False,0,,,0.13089642182010017,0.3253405256094542,False,{'operating_income': '값 없음'},1.629
AMIX,"Autonomix Medical, Inc.",0001617867,Nasdaq,2026-03-31,0,-17034000.0,-16715000.0,7600000,1705000.0,Revenues,OperatingIncomeLoss,NetIncomeLoss,Assets,Liabilities,False,,2026-03-31,2026-03-31,2026-03-31,2026-03-31,2026-03-31,2026,2026-05-27,107,False,True,1,revenue_non_positive,,,0.2243421052631579,True,,1.196
AMJB,JPMORGAN CHASE & CO,0000019617,NYSE,2025-12-31,182447000000,,57048000000.0,4424900000000,4062462000000.0,Revenues,,NetIncomeLoss,Assets,Liabilities,False,,2025-12-31,,2025-12-31,2025-12-31,2025-12-31,2025,2026-02-13,197,False,False,0,,,0.31268258727192005,0.9180912562995774,False,{'operating_income': '값 없음'},1.85
AMKR,"AMKOR TECHNOLOGY, INC.",0001047127,Nasdaq,2025-12-31,6707981000,467385000.0,373895000.0,8136309000,3630022000.0,RevenueFromContractWithCustomerExcludingAssessedTax,OperatingIncomeLoss,NetIncomeLoss,Assets,Liabilities,False,,2025-12-31,2025-12-31,2025-12-31,2025-12-31,2025-12-31,2025,2026-02-20,197,False,False,0,,0.06967595763911674,0.05573882812130804,0.44615095124828713,True,,1.46
AMLX,"Amylyx Pharmaceuticals, Inc.",0001658551,Nasdaq,2025-12-31,0,-153291000.0,-144735000.0,332645000,27386000.0,RevenueFromContractWithCustomerExcludingAssessedTax,OperatingIncomeLoss,NetIncomeLoss,Assets,Liabilities,False,,2025-12-31,2025-12-31,2025-12-31,2025-12-31,2025-12-31,2025,2026-03-03,197,False,True,1,revenue_non_positive,,,0.08232800733514709,True,,1.61
AMN,AMN HEALTHCARE SERVICES INC,0001142750,NYSE,2025-12-31,2730429000,-55472000.0,-95702000.0,2094107000,1452001000.0,RevenueFromContractWithCustomerExcludingAssessedTax,OperatingIncomeLoss,NetIncomeLoss,Assets,Liabilities,False,,2025-12-31,2025-12-31,2025-12-31,2025-12-31,2025-12-31,2025,2026-02-20,197,False,False,0,,-0.020316221370341437,-0.03505016977185636,0.6933747893493504,True,,1.494
AMOD,"ALPHA MODUS HOLDINGS, INC.",0001862463,Nasdaq,2025-12-31,7138,-5244188.0,-8021235.0,815827,8595481.0,RevenueFromContractWithCustomerExcludingAssessedTax,OperatingIncomeLoss,NetIncomeLoss,Assets,Liabilities,False,,2025-12-31,2025-12-31,2025-12-31,2025-12-31,2025-12-31,2025,2026-03-31,197,False,True,1,liabilities_exceed_assets,-734.6859064163631,-1123.7370411880079,10.53591141259115,True,,1.344
AMODW,"ALPHA MODUS HOLDINGS, INC.",0001862463,Nasdaq,2025-12-31,7138,-5244188.0,-8021235.0,815827,8595481.0,RevenueFromContractWithCustomerExcludingAssessedTax,OperatingIncomeLoss,NetIncomeLoss,Assets,Liabilities,False,,2025-12-31,2025-12-31,2025-12-31,2025-12-31,2025-12-31,2025,2026-03-31,197,False,True,1,liabilities_exceed_assets,-734.6859064163631,-1123.7370411880079,10.53591141259115,True,,1.381
AMP,AMERIPRISE FINANCIAL INC,0000820027,NYSE,2025-12-31,18911000000,,3563000000.0,190904000000,184355000000.0,Revenues,,NetIncomeLoss,Assets,Liabilities,False,,2025-12-31,,2025-12-31,2025-12-31,2025-12-31,2025,2026-03-12,197,False,False,0,,,0.1884088625667601,0.9656947994803671,False,{'operating_income': '값 없음'},1.686
AMPG,"AmpliTech Group, Inc.",0001518461,Nasdaq,2025-12-31,25195930,-7319904.0,-7007155.0,51479179,18616618.0,RevenueFromContractWithCustomerExcludingAssessedTax,OperatingIncomeLoss,NetIncomeLoss,Assets,Liabilities,False,,2025-12-31,2025-12-31,2025-12-31,2025-12-31,2025-12-31,2025,2026-03-26,197,False,False,0,,-0.29051930212538296,-0.2781066227759801,0.361633933594784,True,,1.211
AMPGR,"AmpliTech Group, Inc.",0001518461,Nasdaq,2025-12-31,25195930,-7319904.0,-7007155.0,51479179,18616618.0,RevenueFromContractWithCustomerExcludingAssessedTax,OperatingIncomeLoss,NetIncomeLoss,Assets,Liabilities,False,,2025-12-31,2025-12-31,2025-12-31,2025-12-31,2025-12-31,2025,2026-03-26,197,False,False,0,,-0.29051930212538296,-0.2781066227759801,0.361633933594784,True,,1.299
AMPGZ,"AmpliTech Group, Inc.",0001518461,Nasdaq,2025-12-31,25195930,-7319904.0,-7007155.0,51479179,18616618.0,RevenueFromContractWithCustomerExcludingAssessedTax,OperatingIncomeLoss,NetIncomeLoss,Assets,Liabilities,False,,2025-12-31,2025-12-31,2025-12-31,2025-12-31,2025-12-31,2025,2026-03-26,197,False,False,0,,-0.29051930212538296,-0.2781066227759801,0.361633933594784,True,,1.314
AMPH,"Amphastar Pharmaceuticals, Inc.",0001297184,Nasdaq,2025-12-31,719887000,140403000.0,98094000.0,1629299000,840494000.0,Revenues,OperatingIncomeLoss,NetIncomeLoss,Assets,Liabilities,False,,2025-12-31,2025-12-31,2025-12-31,2025-12-31,2025-12-31,2025,2026-02-26,197,False,False,0,,0.19503477629127905,0.13626305239572323,0.5158623432531414,True,,1.56
AMPL,"Amplitude, Inc.",0001866692,Nasdaq,2025-12-31,343214000,,-88541000.0,420684000,175338000.0,RevenueFromContractWithCustomerExcludingAssessedTax,,NetIncomeLoss,Assets,Liabilities,False,,2025-12-31,,2025-12-31,2025-12-31,2025-12-31,2025,2026-02-19,197,False,False,0,,,-0.2579760732371057,0.41679265196679693,False,{'operating_income': '값 없음'},1.224
AMPX,"Amprius Technologies, Inc.",0001899287,NYSE,2025-12-31,71911000,-46646000.0,-44024000.0,156891000,53076000.0,RevenueFromContractWithCustomerExcludingAssessedTax,OperatingIncomeLoss,NetIncomeLoss,Assets,Liabilities,False,,2025-12-31,2025-12-31,2025-12-31,2025-12-31,2025-12-31,2025,2026-03-06,197,False,False,0,,-0.6486629305669508,-0.6122011931415221,0.3382985639711647,True,,1.128
AMPY,Amplify Energy Corp.,0001533924,NYSE,2025-12-31,263361000,76940000.0,43968000.0,600900000,142177000.0,RevenueFromContractWithCustomerExcludingAssessedTax,OperatingIncomeLoss,NetIncomeLoss,Assets,Liabilities,False,,2025-12-31,2025-12-31,2025-12-31,2025-12-31,2025-12-31,2025,2026-03-09,197,False,False,0,,0.2921465213148492,0.16694954833859227,0.23660675653186886,True,,1.427
AMR,"Alpha Metallurgical Resources, Inc.",0001704715,NYSE,2025-12-31,2122605000,-61366000.0,-61687000.0,2280626000,735131000.0,RevenueFromContractWithCustomerExcludingAssessedTax,OperatingIncomeLoss,NetIncomeLoss,Assets,Liabilities,False,,2025-12-31,2025-12-31,2025-12-31,2025-12-31,2025-12-31,2025,2026-02-27,197,False,False,0,,-0.02891070170851383,-0.029061930976323903,0.32233737579068206,True,,1.365
AMRC,"Ameresco, Inc.",0001488139,NYSE,2024-12-31,1769928000,108745000.0,56757000.0,4158508000,3145283000.0,RevenueFromContractWithCustomerExcludingAssessedTax,OperatingIncomeLoss,NetIncomeLoss,Assets,CALCULATED:LiabilitiesAndStockholdersEquity-StockholdersEquity,True,LiabilitiesAndEquity - Equity,2024-12-31,2024-12-31,2024-12-31,2024-12-31,2024-12-31,2024,2025-02-28,562,False,False,0,,0.06144035237591586,0.032067406131774855,0.7563489116769765,True,,1.599
AMRN,AMARIN CORP PLC\UK,0000897448,Nasdaq,2025-12-31,213646000,-50170000.0,-38798000.0,670775000,211494000.0,RevenueFromContractWithCustomerExcludingAssessedTax,OperatingIncomeLoss,NetIncomeLoss,Assets,Liabilities,False,,2025-12-31,2025-12-31,2025-12-31,2025-12-31,2025-12-31,2025,2026-03-02,197,False,False,0,,-0.23482770564391564,-0.18159946827930315,0.31529797622153477,True,,1.415
AMRX,"Amneal Pharmaceuticals, Inc.",0001723128,Nasdaq,2025-12-31,3018760000,394096000.0,72057000.0,3678280000,3749074000.0,RevenueFromContractWithCustomerExcludingAssessedTax,OperatingIncomeLoss,NetIncomeLoss,Assets,CALCULATED:LiabilitiesAndStockholdersEquity-StockholdersEquity,True,LiabilitiesAndEquity - Equity,2025-12-31,2025-12-31,2025-12-31,2025-12-31,2025-12-31,2025,2026-02-27,197,False,True,1,liabilities_exceed_assets,0.13054896712557473,0.0238697345930117,1.0192464956447036,True,,1.5
AMRZ,Amrize Ltd,0002035989,NYSE,2025-12-31,11815000000,1906000000.0,1185000000.0,24249000000,10995000000.0,RevenueFromContractWithCustomerExcludingAssessedTax,OperatingIncomeLoss,NetIncomeLoss,Assets,Liabilities,False,,2025-12-31,2025-12-31,2025-12-31,2025-12-31,2025-12-31,2025,2026-02-18,197,False,False,0,,0.16132035548032161,0.10029623360135421,0.45342075961895334,True,,1.22
AMS,AMERICAN SHARED HOSPITAL SERVICES,0000744825,NYSE,2025-12-31,28082000,-3588000.0,-1553000.0,55479000,27788000.0,RevenueFromContractWithCustomerExcludingAssessedTax,OperatingIncomeLoss,NetIncomeLoss,Assets,Liabilities,False,,2025-12-31,2025-12-31,2025-12-31,2025-12-31,2025-12-31,2025,2026-03-31,197,False,False,0,,-0.12776867744462644,-0.05530232889395342,0.5008742046540132,True,,1.461
AMSC,AMERICAN SUPERCONDUCTOR CORP /DE/,0000880807,Nasdaq,2018-03-31,48403000,-32157000.0,-32776000.0,88175000,35946000.0,SalesRevenueNet,OperatingIncomeLoss,NetIncomeLoss,Assets,Liabilities,False,,2018-03-31,2018-03-31,2018-03-31,2018-03-31,2018-03-31,2017,2018-06-06,3029,True,False,0,,-0.6643596471293102,-0.6771481106542983,0.40766657215764107,True,,1.397
AMSF,AMERISAFE INC,0001018979,Nasdaq,2025-12-31,317252000,,47145000.0,1130544000,878946000.0,Revenues,,NetIncomeLoss,Assets,Liabilities,False,,2025-12-31,,2025-12-31,2025-12-31,2025-12-31,2025,2026-02-27,197,False,False,0,,,0.1486042641181143,0.7774540398250753,False,{'operating_income': '값 없음'},1.473
AMST,Amesite Inc.,0001807166,Nasdaq,2025-06-30,110459,-3603613.0,-3617086.0,3097099,358596.0,Revenues,OperatingIncomeLoss,NetIncomeLoss,Assets,CALCULATED:LiabilitiesAndStockholdersEquity-StockholdersEquity,True,LiabilitiesAndEquity - Equity,2025-06-30,2025-06-30,2025-06-30,2025-06-30,2025-06-30,2025,2025-09-29,381,False,False,0,,-32.623987180763905,-32.74596003947166,0.11578448089647764,True,,0.801
AMT,AMERICAN TOWER CORP /MA/,0001053507,NYSE,2025-12-31,935900000,4845800000.0,2628500000.0,63190400000,52835100000.0,RevenueFromContractWithCustomerExcludingAssessedTax,OperatingIncomeLoss,ProfitLoss,Assets,Liabilities,False,,2025-12-31,2025-12-31,2025-12-31,2025-12-31,2025-12-31,2025,2026-02-24,197,False,True,2,operating_income_exceeds_revenue|net_income_exceeds_revenue,5.177689924137194,2.8085265519820495,0.8361254241150554,True,,1.121
AMTM,"Amentum Holdings, Inc.",0002011286,NYSE,2025-10-03,14393000000,480000000.0,66000000.0,11460000000,6840000000.0,RevenueFromContractWithCustomerExcludingAssessedTax,OperatingIncomeLoss,NetIncomeLoss,Assets,Liabilities,False,,2025-10-03,2025-10-03,2025-10-03,2025-10-03,2025-10-03,2025,2025-11-25,286,False,False,0,,0.03334954491766831,0.004585562426179393,0.5968586387434555,True,,1.331
AMTX,"AEMETIS, INC",0000738214,Nasdaq,2023-12-31,77194000,-37401000.0,-46420000.0,243406000,460383000.0,Revenues,OperatingIncomeLoss,NetIncomeLoss,Assets,CALCULATED:LiabilitiesAndStockholdersEquity-StockholdersEquity,True,LiabilitiesAndEquity - Equity,2023-12-31,2023-12-31,2023-12-31,2023-12-31,2023-12-31,2023,2024-03-29,928,True,True,1,liabilities_exceed_assets,-0.48450656786796903,-0.6013420732181257,1.8914200964643435,True,,1.522
AMWL,American Well Corp,0001393584,NYSE,2025-12-31,249325000,-105274000.0,-95700000.0,323787000,75999000.0,RevenueFromContractWithCustomerExcludingAssessedTax,OperatingIncomeLoss,NetIncomeLoss,Assets,Liabilities,False,,2025-12-31,2025-12-31,2025-12-31,2025-12-31,2025-12-31,2025,2026-02-12,197,False,False,0,,-0.4222360373007119,-0.38383635816705103,0.23471912090355695,True,,1.247
AMZE,"AMAZE HOLDINGS, INC.",0001880343,NYSE,2025-12-31,1967148,-54393433.0,-55165253.0,34213786,24444799.0,Revenues,OperatingIncomeLoss,NetIncomeLoss,Assets,Liabilities,False,,2025-12-31,2025-12-31,2025-12-31,2025-12-31,2025-12-31,2025,2026-04-01,197,False,False,0,,-27.650910353466035,-28.04326517374392,0.7144722013518177,True,,1.296
AMZN,AMAZON COM INC,0001018724,Nasdaq,2025-12-31,716924000000,79975000000.0,77670000000.0,818042000000,406977000000.0,RevenueFromContractWithCustomerExcludingAssessedTax,OperatingIncomeLoss,NetIncomeLoss,Assets,CALCULATED:LiabilitiesAndStockholdersEquity-StockholdersEquity,True,LiabilitiesAndEquity - Equity,2025-12-31,2025-12-31,2025-12-31,2025-12-31,2025-12-31,2025,2026-02-06,197,False,False,0,,0.11155296795755199,0.10833784334183261,0.49750135078638996,True,,1.53
AN,"AUTONATION, INC.",0000350698,NYSE,2025-12-31,27631400000,1239900000.0,649100000.0,14392200000,12051100000.0,Revenues,OperatingIncomeLoss,NetIncomeLoss,Assets,CALCULATED:LiabilitiesAndStockholdersEquity-StockholdersEquity,True,LiabilitiesAndEquity - Equity,2025-12-31,2025-12-31,2025-12-31,2025-12-31,2025-12-31,2025,2026-02-12,197,False,False,0,,0.04487286203377317,0.023491390229955774,0.8373355011742472,True,,1.436
ANAB,"ANAPTYSBIO, INC",0001370053,Nasdaq,2025-12-31,234603000,47896000.0,-13232000.0,364395000,327185000.0,RevenueFromContractWithCustomerExcludingAssessedTax,OperatingIncomeLoss,NetIncomeLoss,Assets,CALCULATED:LiabilitiesAndStockholdersEquity-StockholdersEquity,True,LiabilitiesAndEquity - Equity,2025-12-31,2025-12-31,2025-12-31,2025-12-31,2025-12-31,2025,2026-03-03,197,False,False,0,,0.2041576620929826,-0.056401665792850046,0.8978855362998943,True,,1.228
ANDE,"Andersons, Inc.",0000821026,Nasdaq,2025-12-31,1531075000,,95713000.0,3712832000,2422597000.0,RevenueFromContractWithCustomerExcludingAssessedTax,,NetIncomeLoss,Assets,Liabilities,False,,2025-12-31,,2025-12-31,2025-12-31,2025-12-31,2025,2026-02-18,197,False,False,0,,,0.06251359339026501,0.652493029579577,False,{'operating_income': '값 없음'},1.494
ANDG,Andersen Group Inc.,0002065708,NYSE,2025-12-31,838692000,-135293000.0,-2324000.0,565140000,593517000.0,RevenueFromContractWithCustomerExcludingAssessedTax,OperatingIncomeLoss,NetIncomeLoss,Assets,Liabilities,False,,2025-12-31,2025-12-31,2025-12-31,2025-12-31,2025-12-31,2025,2026-03-27,197,False,True,1,liabilities_exceed_assets,-0.16131428462415284,-0.002770981480686593,1.0502123367661111,True,,1.267
ANET,"Arista Networks, Inc.",0001596532,NYSE,2025-12-31,9005700000,3856100000.0,3511400000.0,19448600000,7078100000.0,RevenueFromContractWithCustomerExcludingAssessedTax,OperatingIncomeLoss,NetIncomeLoss,Assets,Liabilities,False,,2025-12-31,2025-12-31,2025-12-31,2025-12-31,2025-12-31,2025,2026-02-17,197,False,False,0,,0.42818437211987964,0.3899086134337142,0.3639387925094865,True,,1.444
ANF,ABERCROMBIE & FITCH CO /DE/,0001018840,NYSE,2026-01-31,5266292000,699143000.0,506921000.0,3541874000,2137979000.0,Revenues,OperatingIncomeLoss,NetIncomeLoss,Assets,CALCULATED:LiabilitiesAndStockholdersEquity-StockholdersEquity,True,LiabilitiesAndEquity - Equity,2026-01-31,2026-01-31,2026-01-31,2026-01-31,2026-01-31,2025,2026-03-26,166,False,False,0,,0.13275811519756214,0.09625767048238115,0.6036293216528877,True,,1.456
ANGI,Angi Inc.,0001705110,Nasdaq,2025-12-31,1030535000,65406000.0,43832000.0,1680368000,753002000.0,RevenueFromContractWithCustomerExcludingAssessedTax,OperatingIncomeLoss,ProfitLoss,Assets,CALCULATED:LiabilitiesAndStockholdersEquity-StockholdersEquityIncludingPortionAttributableToNoncontrollingInterest,True,LiabilitiesAndEquity - Equity,2025-12-31,2025-12-31,2025-12-31,2025-12-31,2025-12-31,2025,2026-02-20,197,False,False,0,,0.06346800448310828,0.04253324729388133,0.44811731715909847,True,,1.311
ANGO,ANGIODYNAMICS INC,0001275187,Nasdaq,2026-05-31,320174000,-39927000.0,-36742000.0,267163000,96338000.0,RevenueFromContractWithCustomerExcludingAssessedTax,OperatingIncomeLoss,NetIncomeLoss,Assets,Liabilities,False,,2026-05-31,2026-05-31,2026-05-31,2026-05-31,2026-05-31,2026,2026-07-14,46,False,False,0,,-0.12470406716347986,-0.11475635123401651,0.3605963400620595,True,,1.414
ANGX,"Angel Studios, Inc.",0001865200,NYSE,2025-12-31,321558306,-164108478.0,-170478642.0,241411563,267191887.0,RevenueFromContractWithCustomerExcludingAssessedTax,OperatingIncomeLoss,NetIncomeLoss,Assets,Liabilities,False,,2025-12-31,2025-12-31,2025-12-31,2025-12-31,2025-12-31,2025,2026-03-12,197,False,True,1,liabilities_exceed_assets,-0.5103537210449168,-0.5301640132411942,1.1067899303564013,True,,1.221
ANIK,"Anika Therapeutics, Inc.",0000898437,Nasdaq,2025-12-31,112819000,-11051000.0,-10880000.0,190270000,46805000.0,RevenueFromContractWithCustomerExcludingAssessedTax,OperatingIncomeLoss,NetIncomeLoss,Assets,CALCULATED:LiabilitiesAndStockholdersEquity-StockholdersEquity,True,LiabilitiesAndEquity - Equity,2025-12-31,2025-12-31,2025-12-31,2025-12-31,2025-12-31,2025,2026-03-03,197,False,False,0,,-0.09795335892004006,-0.09643765677767042,0.24599253692121723,True,,1.598
ANIP,ANI PHARMACEUTICALS INC,0001023024,Nasdaq,2025-12-31,883366000,111093000.0,78337000.0,1440377000,899653000.0,RevenueFromContractWithCustomerExcludingAssessedTax,OperatingIncomeLoss,NetIncomeLoss,Assets,Liabilities,False,,2025-12-31,2025-12-31,2025-12-31,2025-12-31,2025-12-31,2025,2026-02-27,197,False,False,0,,0.1257610095928528,0.08868011673530564,0.6245955052045402,True,,1.442
ANIX,Anixa Biosciences Inc,0000715446,Nasdaq,2024-10-31,210000,-13831000.0,-12554000.0,21591000,2703000.0,Revenues,OperatingIncomeLoss,NetIncomeLoss,Assets,Liabilities,False,,2024-10-31,2024-10-31,2024-10-31,2024-10-31,2024-10-31,2024,2025-01-10,623,False,False,0,,-65.86190476190477,-59.78095238095238,0.1251910518271502,True,,1.438
ANNA,"AleAnna, Inc.",0001845123,Nasdaq,2025-12-31,25035737,2902565.0,2882068.0,101296320,42616258.0,Revenues,OperatingIncomeLoss,ProfitLoss,Assets,Liabilities,False,,2025-12-31,2025-12-31,2025-12-31,2025-12-31,2025-12-31,2025,2026-03-31,197,False,False,0,,0.11593687056226865,0.115118160891369,0.42070884707361533,True,,1.185
ANNAW,"AleAnna, Inc.",0001845123,Nasdaq,2025-12-31,25035737,2902565.0,2882068.0,101296320,42616258.0,Revenues,OperatingIncomeLoss,ProfitLoss,Assets,Liabilities,False,,2025-12-31,2025-12-31,2025-12-31,2025-12-31,2025-12-31,2025,2026-03-31,197,False,False,0,,0.11593687056226865,0.115118160891369,0.42070884707361533,True,,1.293
ANVS,"Annovis Bio, Inc.",0001477845,NYSE,2025-12-31,0,-29695258.0,-28854197.0,21081625,4230375.0,RevenueFromContractWithCustomerExcludingAssessedTax,OperatingIncomeLoss,NetIncomeLoss,Assets,Liabilities,False,,2025-12-31,2025-12-31,2025-12-31,2025-12-31,2025-12-31,2025,2026-03-13,197,False,True,1,revenue_non_positive,,,0.2006664571635251,True,,1.19
ANY,Sphere 3D Corp.,0001591956,Nasdaq,2025-12-31,11181000,-21999000.0,-21482000.0,25120000,1820000.0,Revenues,OperatingIncomeLoss,NetIncomeLoss,Assets,CALCULATED:LiabilitiesAndStockholdersEquity-StockholdersEquity,True,LiabilitiesAndEquity - Equity,2025-12-31,2025-12-31,2025-12-31,2025-12-31,2025-12-31,2025,2026-03-27,197,False,False,0,,-1.9675342098202306,-1.9212950541096503,0.07245222929936306,True,,1.299
AON,Aon plc,0000315293,NYSE,2025-12-31,17181000000,4344000000.0,3695000000.0,50784000000,41236000000.0,RevenueFromContractWithCustomerExcludingAssessedTax,OperatingIncomeLoss,NetIncomeLoss,Assets,Liabilities,False,,2025-12-31,2025-12-31,2025-12-31,2025-12-31,2025-12-31,2025,2026-02-13,197,False,False,0,,0.2528374367033351,0.21506315115534602,0.8119880277252678,True,,1.524
AORT,"ARTIVION, INC.",0000784199,NYSE,2025-12-31,441330000,33745000.0,9768000.0,884796000,436564000.0,RevenueFromContractWithCustomerExcludingAssessedTax,OperatingIncomeLoss,NetIncomeLoss,Assets,Liabilities,False,,2025-12-31,2025-12-31,2025-12-31,2025-12-31,2025-12-31,2025,2026-02-18,197,False,False,0,,0.07646205787052772,0.02213309768200666,0.4934063897214725,True,,1.441
AOS,SMITH A O CORP,0000091142,NYSE,2025-12-31,3830200000,728600000.0,546200000.0,3142800000,1284800000.0,RevenueFromContractWithCustomerExcludingAssessedTax,OperatingIncomeLoss,NetIncomeLoss,Assets,Liabilities,False,,2025-12-31,2025-12-31,2025-12-31,2025-12-31,2025-12-31,2025,2026-02-10,197,False,False,0,,0.1902250535220093,0.14260351939846483,0.40880743286241567,True,,1.511
AOSL,ALPHA & OMEGA SEMICONDUCTOR Ltd,0001387467,Nasdaq,2025-06-30,696162000,-28436000.0,-96976000.0,1034303000,211971000.0,RevenueFromContractWithCustomerExcludingAssessedTax,OperatingIncomeLoss,NetIncomeLoss,Assets,Liabilities,False,,2025-06-30,2025-06-30,2025-06-30,2025-06-30,2025-06-30,2025,2025-08-28,381,False,False,0,,-0.04084681439090327,-0.13930090984569685,0.20494091189912433,True,,1.467
AOUT,"American Outdoor Brands, Inc.",0001808997,Nasdaq,2026-04-30,190536000,-9000000.0,-9208000.0,226620000,60727000.0,RevenueFromContractWithCustomerExcludingAssessedTax,OperatingIncomeLoss,NetIncomeLoss,Assets,Liabilities,False,,2026-04-30,2026-04-30,2026-04-30,2026-04-30,2026-04-30,2026,2026-06-25,77,False,False,0,,-0.04723516815719864,-0.048326825376831674,0.26796840525990645,True,,1.248
AP,AMPCO PITTSBURGH CORP,0000006176,NYSE,2025-12-31,416280000,-54479000.0,-66067000.0,495355000,447392000.0,RevenueFromContractWithCustomerExcludingAssessedTax,OperatingIncomeLoss,NetIncomeLoss,Assets,Liabilities,False,,2025-12-31,2025-12-31,2025-12-31,2025-12-31,2025-12-31,2025,2026-03-16,197,False,False,0,,-0.13087104833285287,-0.1587080810992601,0.9031744910215905,True,,1.457
APAM,Artisan Partners Asset Management Inc.,0001517302,NYSE,2025-12-31,1196688000,399631000.0,290320000.0,1577292000,794873000.0,RevenueFromContractWithCustomerExcludingAssessedTax,OperatingIncomeLoss,NetIncomeLoss,Assets,Liabilities,False,,2025-12-31,2025-12-31,2025-12-31,2025-12-31,2025-12-31,2025,2026-02-20,197,False,False,0,,0.3339475285120265,0.2426029173853168,0.5039479056509512,True,,1.464
APD,"Air Products & Chemicals, Inc.",0000002969,NYSE,2025-09-30,12037300000,-877000000.0,-394500000.0,41059500000,23709700000.0,Revenues,OperatingIncomeLoss,NetIncomeLoss,Assets,Liabilities,False,,2025-09-30,2025-09-30,2025-09-30,2025-09-30,2025-09-30,2025,2025-11-20,289,False,False,0,,-0.07285686989607304,-0.03277313018700207,0.5774473629732462,True,,1.66
APEI,AMERICAN PUBLIC EDUCATION INC,0001201792,Nasdaq,2025-12-31,648862000,47935000.0,31557000.0,521418000,226636000.0,RevenueFromContractWithCustomerExcludingAssessedTax,OperatingIncomeLoss,NetIncomeLoss,Assets,Liabilities,False,,2025-12-31,2025-12-31,2025-12-31,2025-12-31,2025-12-31,2025,2026-03-12,197,False,False,0,,0.07387549278583119,0.04863437834239021,0.4346531957086253,True,,1.522
APG,APi Group Corp,0001796209,NYSE,2025-12-31,7911000000,554000000.0,302000000.0,8936000000,5528000000.0,RevenueFromContractWithCustomerExcludingAssessedTax,OperatingIncomeLoss,NetIncomeLoss,Assets,Liabilities,False,,2025-12-31,2025-12-31,2025-12-31,2025-12-31,2025-12-31,2025,2026-02-25,197,False,False,0,,0.07002907344204272,0.03817469346479586,0.6186213070725156,True,,1.245
APH,AMPHENOL CORP /DE/,0000820313,NYSE,2025-12-31,23094700000,5868600000.0,4270300000.0,36236900000,22727200000.0,RevenueFromContractWithCustomerExcludingAssessedTax,OperatingIncomeLoss,NetIncomeLoss,Assets,Liabilities,False,,2025-12-31,2025-12-31,2025-12-31,2025-12-31,2025-12-31,2025,2026-02-11,197,False,False,0,,0.2541102504037723,0.1849038956990132,0.6271838926618999,True,,1.354
APLD,Applied Digital Corp.,0001144879,Nasdaq,2025-05-31,144193000,-16845000.0,-231065000.0,1870090000,1236365000.0,RevenueFromContractWithCustomerExcludingAssessedTax,OperatingIncomeLoss,ProfitLoss,Assets,Liabilities,False,,2025-05-31,2025-05-31,2025-05-31,2025-05-31,2025-05-31,2025,2025-07-30,411,False,False,0,,-0.1168225919427434,-1.6024703002226184,0.6611259351154223,True,,1.138
APLE,"Apple Hospitality REIT, Inc.",0001418121,NYSE,2025-12-31,1412386000,257804000.0,175364000.0,4902178000,1753583000.0,RevenueFromContractWithCustomerExcludingAssessedTax,OperatingIncomeLoss,NetIncomeLoss,Assets,Liabilities,False,,2025-12-31,2025-12-31,2025-12-31,2025-12-31,2025-12-31,2025,2026-02-23,197,False,False,0,,0.18253083788709318,0.12416152524876344,0.35771508092933385,True,,1.237
APO,"Apollo Global Management, Inc.",0001858681,NYSE,2025-12-31,32049000000,,3492000000.0,460949000000,418434000000.0,Revenues,,NetIncomeLoss,Assets,Liabilities,False,,2025-12-31,,2025-12-31,2025-12-31,2025-12-31,2025,2026-02-25,197,False,False,0,,,0.10895815782083684,0.9077663689475408,False,{'operating_income': '값 없음'},1.23
APOG,"APOGEE ENTERPRISES, INC.",0000006845,Nasdaq,2026-02-28,1404733000,84474000.0,54131000.0,1122345000,610551000.0,RevenueFromContractWithCustomerExcludingAssessedTax,OperatingIncomeLoss,NetIncomeLoss,Assets,CALCULATED:LiabilitiesAndStockholdersEquity-StockholdersEquity,True,LiabilitiesAndEquity - Equity,2026-02-28,2026-02-28,2026-02-28,2026-02-28,2026-02-28,2026,2026-04-24,138,False,False,0,,0.060135271257954356,0.03853472510434367,0.5439958301591756,True,,1.614
APOS,"Apollo Global Management, Inc.",0001858681,NYSE,2025-12-31,32049000000,,3492000000.0,460949000000,418434000000.0,Revenues,,NetIncomeLoss,Assets,Liabilities,False,,2025-12-31,,2025-12-31,2025-12-31,2025-12-31,2025,2026-02-25,197,False,False,0,,,0.10895815782083684,0.9077663689475408,False,{'operating_income': '값 없음'},1.179
APP,AppLovin Corp,0001751008,Nasdaq,2025-12-31,5480717000,4151914000.0,3333751000.0,7259610000,5124939000.0,RevenueFromContractWithCustomerExcludingAssessedTax,OperatingIncomeLoss,NetIncomeLoss,Assets,Liabilities,False,,2025-12-31,2025-12-31,2025-12-31,2025-12-31,2025-12-31,2025,2026-02-19,197,False,False,0,,0.757549422821868,0.6082691370490394,0.7059523858719683,True,,1.194
APPF,APPFOLIO INC,0001433195,Nasdaq,2025-12-31,950822000,152917000.0,140923000.0,688967000,146388000.0,RevenueFromContractWithCustomerExcludingAssessedTax,OperatingIncomeLoss,NetIncomeLoss,Assets,Liabilities,False,,2025-12-31,2025-12-31,2025-12-31,2025-12-31,2025-12-31,2025,2026-02-05,197,False,False,0,,0.16082610625332608,0.14821175782638601,0.2124746177973691,True,,1.31
APPN,APPIAN CORP,0001441683,Nasdaq,2025-12-31,726937000,609000.0,1233000.0,691395000,738388000.0,RevenueFromContractWithCustomerExcludingAssessedTax,OperatingIncomeLoss,NetIncomeLoss,Assets,Liabilities,False,,2025-12-31,2025-12-31,2025-12-31,2025-12-31,2025-12-31,2025,2026-02-19,197,False,True,1,liabilities_exceed_assets,0.0008377617317594235,0.0016961579889316406,1.0679683827623863,True,,1.376
APPS,"Digital Turbine, Inc.",0000317788,Nasdaq,2026-03-31,565251000,34042000.0,-37732000.0,841654000,649493000.0,RevenueFromContractWithCustomerExcludingAssessedTax,OperatingIncomeLoss,NetIncomeLoss,Assets,Liabilities,False,,2026-03-31,2026-03-31,2026-03-31,2026-03-31,2026-03-31,2026,2026-05-26,107,False,False,0,,0.06022457280040194,-0.06675264616957777,0.7716864649844235,True,,1.422
APT,ALPHA PRO TECH LTD,0000884269,NYSE,2017-12-31,44025000,2926000.0,2633000.0,34124000,2801000.0,SalesRevenueGoodsNet,OperatingIncomeLoss,NetIncomeLoss,Assets,Liabilities,False,,2017-12-31,2017-12-31,2017-12-31,2017-12-31,2017-12-31,2017,2018-03-12,3119,True,False,0,,0.06646223736513344,0.05980692788188529,0.0820829914429727,True,,1.669
APTV,Aptiv PLC,0001521332,NYSE,2025-12-31,20398000000,1184000000.0,165000000.0,23413000000,13914000000.0,RevenueFromContractWithCustomerExcludingAssessedTax,OperatingIncomeLoss,NetIncomeLoss,Assets,Liabilities,False,,2025-12-31,2025-12-31,2025-12-31,2025-12-31,2025-12-31,2025,2026-02-06,197,False,False,0,,0.05804490636336896,0.008089028336111383,0.5942852261564089,True,,1.68
APVO,Aptevo Therapeutics Inc.,0001671584,Nasdaq,2022-12-31,3114000,-28641000.0,8027000.0,34215000,16241000.0,RevenueFromContractWithCustomerExcludingAssessedTax,OperatingIncomeLoss,NetIncomeLoss,Assets,Liabilities,False,,2022-12-31,2022-12-31,2022-12-31,2022-12-31,2022-12-31,2023,2024-03-05,1293,True,True,1,net_income_exceeds_revenue,-9.197495183044316,2.577713551701991,0.47467485021189537,True,,1.052
APYX,Apyx Medical Corp,0000719135,Nasdaq,2025-12-31,52844000,-6446000.0,-11211000.0,66840000,52009000.0,RevenueFromContractWithCustomerExcludingAssessedTax,OperatingIncomeLoss,NetIncomeLoss,Assets,Liabilities,False,,2025-12-31,2025-12-31,2025-12-31,2025-12-31,2025-12-31,2025,2026-03-10,197,False,False,0,,-0.12198168193172357,-0.21215275149496632,0.7781119090365051,True,,1.349
AQB,AQUABOUNTY TECHNOLOGIES INC,0001603978,Nasdaq,2023-12-31,2472659,-13671645.0,-27557901.0,187551428,22534710.0,Revenues,OperatingIncomeLoss,NetIncomeLoss,Assets,Liabilities,False,,2023-12-31,2023-12-31,2023-12-31,2023-12-31,2023-12-31,2023,2024-04-01,928,True,False,0,,-5.529126741697905,-11.145047093028193,0.12015216434395797,True,,1.334
AQMS,"Aqua Metals, Inc.",0001621832,Nasdaq,2024-12-31,0,-23847000.0,-24555000.0,26365000,10121000.0,RevenueFromContractWithCustomerExcludingAssessedTax,OperatingIncomeLoss,NetIncomeLoss,Assets,Liabilities,False,,2024-12-31,2024-12-31,2024-12-31,2024-12-31,2024-12-31,2024,2025-03-31,562,False,True,1,revenue_non_positive,,,0.383880144130476,True,,1.414
AQST,"Aquestive Therapeutics, Inc.",0001398733,Nasdaq,2025-12-31,44545000,-71051000.0,-83784000.0,160425000,194087000.0,RevenueFromContractWithCustomerExcludingAssessedTax,OperatingIncomeLoss,NetIncomeLoss,Assets,Liabilities,False,,2025-12-31,2025-12-31,2025-12-31,2025-12-31,2025-12-31,2025,2026-03-04,197,False,True,1,liabilities_exceed_assets,-1.5950387248849478,-1.8808844988214166,1.2098301386940937,True,,1.31
AR,ANTERO RESOURCES Corp,0001433270,NYSE,2025-12-31,5275823000,883646000.0,674567000.0,13245407000,5529758000.0,Revenues,OperatingIncomeLoss,ProfitLoss,Assets,Liabilities,False,,2025-12-31,2025-12-31,2025-12-31,2025-12-31,2025-12-31,2025,2026-02-11,197,False,False,0,,0.16748969781586684,0.12786005140809312,0.4174849440262576,True,,1.351
ARAI,Arrive AI Inc.,0001818274,Nasdaq,2025-12-31,113250,,-12826384.0,10931065,8455465.0,RevenueFromContractWithCustomerExcludingAssessedTax,,NetIncomeLoss,Assets,Liabilities,False,,2025-12-31,,2025-12-31,2025-12-31,2025-12-31,2025,2026-04-15,197,False,False,0,,,-113.25725386313466,0.7735261843196432,False,{'operating_income': '값 없음'},1.087
ARAY,ACCURAY INC,0001138723,Nasdaq,2025-06-30,458505000,7839000.0,-1591000.0,470239000,389070000.0,RevenueFromContractWithCustomerExcludingAssessedTax,OperatingIncomeLoss,NetIncomeLoss,Assets,Liabilities,False,,2025-06-30,2025-06-30,2025-06-30,2025-06-30,2025-06-30,2025,2026-02-17,381,False,False,0,,0.01709686917263716,-0.0034699730646339734,0.8273877751526352,True,,1.52
ARCB,ARCBEST CORP /DE/,0000894405,Nasdaq,2025-12-31,4010158000,90309000.0,60098000.0,2452662000,1156941000.0,RevenueFromContractWithCustomerExcludingAssessedTax,OperatingIncomeLoss,NetIncomeLoss,Assets,CALCULATED:LiabilitiesAndStockholdersEquity-StockholdersEquity,True,LiabilitiesAndEquity - Equity,2025-12-31,2025-12-31,2025-12-31,2025-12-31,2025-12-31,2025,2026-02-25,197,False,False,0,,0.02252006030685075,0.014986441930716944,0.47170829082849575,True,,1.326
ARCT,Arcturus Therapeutics Holdings Inc.,0001768224,Nasdaq,2025-12-31,82031000,-76260000.0,-65783000.0,271148000,57163000.0,RevenueFromContractWithCustomerExcludingAssessedTax,OperatingIncomeLoss,NetIncomeLoss,Assets,Liabilities,False,,2025-12-31,2025-12-31,2025-12-31,2025-12-31,2025-12-31,2025,2026-03-03,197,False,False,0,,-0.9296485475003352,-0.8019285392107862,0.21081844601472258,True,,1.09
ARDT,"Ardent Health, Inc.",0001756655,NYSE,2025-12-31,6324339000,,135811000.0,5290208000,3605244000.0,Revenues,,NetIncomeLoss,Assets,Liabilities,False,,2025-12-31,,2025-12-31,2025-12-31,2025-12-31,2025,2026-03-16,197,False,False,0,,,0.021474339057409794,0.6814938089390814,False,{'operating_income': '값 없음'},1.15
ARDX,"ARDELYX, INC.",0001437402,Nasdaq,2025-12-31,407320000,-40977000.0,-61599000.0,501604000,334655000.0,RevenueFromContractWithCustomerExcludingAssessedTax,OperatingIncomeLoss,NetIncomeLoss,Assets,Liabilities,False,,2025-12-31,2025-12-31,2025-12-31,2025-12-31,2025-12-31,2025,2026-02-19,197,False,False,0,,-0.10060149268388491,-0.15122999116174016,0.6671697195397166,True,,1.453
AREC,American Resources Corp,0001590715,Nasdaq,2025-12-31,0,-11308535.0,55385211.0,168907706,75718780.0,Revenues,OperatingIncomeLoss,NetIncomeLoss,Assets,Liabilities,False,,2025-12-31,2025-12-31,2025-12-31,2025-12-31,2025-12-31,2025,2026-05-20,197,False,True,2,revenue_non_positive|net_income_exceeds_revenue,,,0.44828493496916,True,,1.318
AREN,"Arena Group Holdings, Inc.",0000894871,NYSE,2025-12-31,134828000,40791000.0,124858000.0,112603000,117428000.0,RevenueFromContractWithCustomerExcludingAssessedTax,OperatingIncomeLoss,NetIncomeLoss,Assets,Liabilities,False,,2025-12-31,2025-12-31,2025-12-31,2025-12-31,2025-12-31,2025,2026-03-16,197,False,True,1,liabilities_exceed_assets,0.30254101521939064,0.9260539353843416,1.0428496576467767,True,,1.372
ARES,Ares Management Corp,0001176948,NYSE,2025-12-31,5601482000,,527362000.0,28633369000,19931981000.0,RevenueFromContractWithCustomerExcludingAssessedTax,,NetIncomeLoss,Assets,Liabilities,False,,2025-12-31,,2025-12-31,2025-12-31,2025-12-31,2025,2026-02-25,197,False,False,0,,,0.09414687041750737,0.6961102271968066,False,{'operating_income': '값 없음'},1.219
ARHS,"Arhaus, Inc.",0001875444,Nasdaq,2025-12-31,1379222000,88886000.0,67256000.0,1394746000,976518000.0,RevenueFromContractWithCustomerExcludingAssessedTax,OperatingIncomeLoss,NetIncomeLoss,Assets,Liabilities,False,,2025-12-31,2025-12-31,2025-12-31,2025-12-31,2025-12-31,2025,2026-02-26,197,False,False,0,,0.06444647779690289,0.04876372331647842,0.7001403839838939,True,,1.301
ARI,"Apollo Commercial Real Estate Finance, Inc.",0001467760,NYSE,2025-12-31,271589000,,126720000.0,9900967000,8044877000.0,Revenues,,NetIncomeLoss,Assets,Liabilities,False,,2025-12-31,,2025-12-31,2025-12-31,2025-12-31,2025,2026-02-10,197,False,False,0,,,0.4665873801958106,0.8125344726429247,False,{'operating_income': '값 없음'},1.264
ARKO,ARKO Corp.,0001823794,Nasdaq,2022-12-31,9142799000,167014000.0,71747000.0,3255170000,2874280000.0,Revenues,OperatingIncomeLoss,NetIncomeLoss,Assets,Liabilities,False,,2022-12-31,2022-12-31,2022-12-31,2022-12-31,2022-12-31,2022,2023-02-28,1293,True,False,0,,0.018267272418435537,0.007847378029419656,0.882989214080985,True,,1.303
ARKR,ARK RESTAURANTS CORP,0000779544,Nasdaq,2025-09-27,165751000,-4064000.0,-11466000.0,133503000,101389000.0,RevenueFromContractWithCustomerExcludingAssessedTax,OperatingIncomeLoss,NetIncomeLoss,Assets,Liabilities,False,,2025-09-27,2025-09-27,2025-09-27,2025-09-27,2025-09-27,2025,2025-12-18,292,False,False,0,,-0.02451870576949762,-0.06917605323648122,0.7594510984771877,True,,1.54
ARL,AMERICAN REALTY INVESTORS INC,0001102238,NYSE,2025-12-31,50014000,-6429000.0,15703000.0,1097325000,277598000.0,Revenues,OperatingIncomeLoss,NetIncomeLoss,Assets,Liabilities,False,,2025-12-31,2025-12-31,2025-12-31,2025-12-31,2025-12-31,2025,2026-03-12,197,False,False,0,,-0.1285440076778502,0.3139720878154117,0.2529770122798624,True,,1.365
ARLP,ALLIANCE RESOURCE PARTNERS LP,0001086600,Nasdaq,2025-12-31,2194811000,385303000.0,311163000.0,2853788000,993566000.0,RevenueFromContractWithCustomerExcludingAssessedTax,OperatingIncomeLoss,NetIncomeLoss,Assets,Liabilities,False,,2025-12-31,2025-12-31,2025-12-31,2025-12-31,2025-12-31,2025,2026-02-26,197,False,False,0,,0.17555179010857883,0.1417721161412076,0.34815690583883596,True,,1.375
ARMK,Aramark,0001584509,NYSE,2017-09-29,14604412000,801627000.0,373923000.0,11006229000,8547168000.0,SalesRevenueNet,OperatingIncomeLoss,NetIncomeLoss,Assets,CALCULATED:LiabilitiesAndStockholdersEquity-StockholdersEquityIncludingPortionAttributableToNoncontrollingInterest,True,LiabilitiesAndEquity - Equity,2017-09-29,2017-09-29,2017-09-29,2017-09-29,2017-09-29,2017,2017-11-22,3212,True,False,0,,0.05488937178710105,0.025603427238289362,0.7765755191900877,True,,1.577
ARMP,"Armata Pharmaceuticals, Inc.",0000921114,NYSE,2014-12-31,409000,-14110000.0,23109000.0,28617000,23190000.0,SalesRevenueServicesNet,OperatingIncomeLoss,NetIncomeLoss,Assets,Liabilities,False,,2014-12-31,2014-12-31,2014-12-31,2014-12-31,2014-12-31,2014,2015-04-15,4215,True,True,1,net_income_exceeds_revenue,-34.49877750611247,56.50122249388753,0.8103574798196876,True,,1.307
AROC,"Archrock, Inc.",0001389050,NYSE,2025-12-31,1489818000,,322290000.0,4349304000,2857825000.0,RevenueFromContractWithCustomerExcludingAssessedTax,,NetIncomeLoss,Assets,Liabilities,False,,2025-12-31,,2025-12-31,2025-12-31,2025-12-31,2025,2026-02-26,197,False,False,0,,,0.21632843743329722,0.6570763965912707,False,{'operating_income': '값 없음'},1.528
ARQ,"Arq, Inc.",0001515156,Nasdaq,2021-12-31,100294000,4852000.0,60401000.0,185436000,38135000.0,Revenues,OperatingIncomeLoss,NetIncomeLoss,Assets,Liabilities,False,,2021-12-31,2021-12-31,2021-12-31,2021-12-31,2021-12-31,2021,2022-03-08,1658,True,False,0,,0.04837776935808722,0.6022394161166171,0.20565046700748507,True,,1.465
ARQT,"Arcutis Biotherapeutics, Inc.",0001787306,Nasdaq,2025-12-31,376072000,-12227000.0,-16141000.0,432973000,243494000.0,Revenues,OperatingIncomeLoss,NetIncomeLoss,Assets,Liabilities,False,,2025-12-31,2025-12-31,2025-12-31,2025-12-31,2025-12-31,2025,2026-02-25,197,False,False,0,,-0.032512391244229825,-0.042919972771171475,0.5623768687654889,True,,1.21
ARRY,"Array Technologies, Inc.",0001820721,Nasdaq,2025-12-31,1284141000,-28995000.0,-52235000.0,1451792000,1191404000.0,RevenueFromContractWithCustomerExcludingAssessedTax,OperatingIncomeLoss,NetIncomeLoss,Assets,Liabilities,False,,2025-12-31,2025-12-31,2025-12-31,2025-12-31,2025-12-31,2025,2026-02-25,197,False,False,0,,-0.02257929619878191,-0.04067699730792802,0.8206437285781986,True,,1.1
ARTNA,ARTESIAN RESOURCES CORP,0000863110,Nasdaq,2025-12-31,112941000,27782000.0,22822000.0,851229000,601307000.0,RevenueFromContractWithCustomerExcludingAssessedTax,OperatingIncomeLoss,NetIncomeLoss,Assets,CALCULATED:LiabilitiesAndStockholdersEquity-StockholdersEquity,True,LiabilitiesAndEquity - Equity,2025-12-31,2025-12-31,2025-12-31,2025-12-31,2025-12-31,2025,2026-03-16,197,False,False,0,,0.24598684268777504,0.20207010740120948,0.7063986306857497,True,,1.392
ARTV,"Artiva Biotherapeutics, Inc.",0001817241,Nasdaq,2025-12-31,0,-89810000.0,-83865000.0,130940000,20970000.0,Revenues,OperatingIncomeLoss,NetIncomeLoss,Assets,Liabilities,False,,2025-12-31,2025-12-31,2025-12-31,2025-12-31,2025-12-31,2025,2026-03-10,197,False,True,1,revenue_non_positive,,,0.16014968687948677,True,,1.042
ARTW,ARTS WAY MANUFACTURING CO INC,0000007623,Nasdaq,2025-11-30,22975408,289455.0,1034899.0,22477555,9171295.0,Revenues,OperatingIncomeLoss,NetIncomeLoss,Assets,Liabilities,False,,2025-11-30,2025-11-30,2025-11-30,2025-11-30,2025-11-30,2025,2026-02-12,228,False,False,0,,0.012598470503766461,0.04504377027820355,0.4080201338624241,True,,1.258
ARVN,"ARVINAS, INC.",0001655759,Nasdaq,2025-12-31,262600000,-118500000.0,-80800000.0,717900000,284000000.0,Revenues,OperatingIncomeLoss,NetIncomeLoss,Assets,Liabilities,False,,2025-12-31,2025-12-31,2025-12-31,2025-12-31,2025-12-31,2025,2026-02-24,197,False,False,0,,-0.45125666412795123,-0.3076923076923077,0.3955982727399359,True,,1.276
ARW,"ARROW ELECTRONICS, INC.",0000007536,NYSE,2025-12-31,30852935000,822223000.0,571266000.0,29078138000,22493426000.0,Revenues,OperatingIncomeLoss,NetIncomeLoss,Assets,CALCULATED:LiabilitiesAndStockholdersEquity-StockholdersEquity,True,LiabilitiesAndEquity - Equity,2025-12-31,2025-12-31,2025-12-31,2025-12-31,2025-12-31,2025,2026-02-11,197,False,False,0,,0.026649749853620085,0.018515774917361994,0.773551112523092,True,,1.436
ARWR,"ARROWHEAD PHARMACEUTICALS, INC.",0000879407,Nasdaq,2025-09-30,829448000,98346000.0,-1631000.0,1385295000,919243000.0,RevenueFromContractWithCustomerExcludingAssessedTax,OperatingIncomeLoss,NetIncomeLoss,Assets,CALCULATED:LiabilitiesAndStockholdersEquity-StockholdersEquity,True,LiabilitiesAndEquity - Equity,2025-09-30,2025-09-30,2025-09-30,2025-09-30,2025-09-30,2025,2025-11-25,289,False,False,0,,0.1185680114968027,-0.001966367994135859,0.6635720189562512,True,,1.314
ARX,Accelerant Holdings,0001997350,NYSE,2025-12-31,912900000,,-1345200000.0,8263100000,7536700000.0,Revenues,,ProfitLoss,Assets,Liabilities,False,,2025-12-31,,2025-12-31,2025-12-31,2025-12-31,2025,2026-03-18,197,False,False,0,,,-1.473545842918173,0.9120911038230204,False,{'operating_income': '값 없음'},1.159
ASAN,"Asana, Inc.",0001477720,NYSE,2026-01-31,790806000,-197331000.0,-189024000.0,844088000,689971000.0,RevenueFromContractWithCustomerExcludingAssessedTax,OperatingIncomeLoss,NetIncomeLoss,Assets,Liabilities,False,,2026-01-31,2026-01-31,2026-01-31,2026-01-31,2026-01-31,2026,2026-03-13,166,False,False,0,,-0.24953149065636832,-0.23902701800441575,0.8174159566301143,True,,1.196
ASB,ASSOCIATED BANC-CORP,0000007789,NYSE,2023-12-31,1102756000,,182956000.0,41015855000,36841882000.0,Revenues,,NetIncomeLoss,Assets,Liabilities,False,,2023-12-31,,2023-12-31,2023-12-31,2023-12-31,2023,2024-02-08,928,True,False,0,,,0.16590796150735068,0.8982351337062217,False,{'operating_income': '값 없음'},1.564
ASBA,ASSOCIATED BANC-CORP,0000007789,NYSE,2023-12-31,1102756000,,182956000.0,41015855000,36841882000.0,Revenues,,NetIncomeLoss,Assets,Liabilities,False,,2023-12-31,,2023-12-31,2023-12-31,2023-12-31,2023,2024-02-08,928,True,False,0,,,0.16590796150735068,0.8982351337062217,False,{'operating_income': '값 없음'},1.339
ASBP,"Aspire Biopharma Holdings, Inc.",0001847345,Nasdaq,2025-12-31,6202,-19351291.0,-24480848.0,1312166,7688495.0,RevenueFromContractWithCustomerExcludingAssessedTax,OperatingIncomeLoss,NetIncomeLoss,Assets,Liabilities,False,,2025-12-31,2025-12-31,2025-12-31,2025-12-31,2025-12-31,2025,2026-04-08,197,False,True,1,liabilities_exceed_assets,-3120.1694614640437,-3947.250564334086,5.859392028142781,True,,1.085
ASBPW,"Aspire Biopharma Holdings, Inc.",0001847345,Nasdaq,2025-12-31,6202,-19351291.0,-24480848.0,1312166,7688495.0,RevenueFromContractWithCustomerExcludingAssessedTax,OperatingIncomeLoss,NetIncomeLoss,Assets,Liabilities,False,,2025-12-31,2025-12-31,2025-12-31,2025-12-31,2025-12-31,2025,2026-04-08,197,False,True,1,liabilities_exceed_assets,-3120.1694614640437,-3947.250564334086,5.859392028142781,True,,1.046
ASH,ASHLAND INC.,0001674862,NYSE,2025-09-30,1824000000,-775000000.0,-845000000.0,4611000000,2707000000.0,RevenueFromContractWithCustomerExcludingAssessedTax,OperatingIncomeLoss,ProfitLoss,Assets,CALCULATED:LiabilitiesAndStockholdersEquity-StockholdersEquity,True,LiabilitiesAndEquity - Equity,2025-09-30,2025-09-30,2025-09-30,2025-09-30,2025-09-30,2025,2025-11-20,289,False,False,0,,-0.42489035087719296,-0.46326754385964913,0.5870743873346346,True,,1.375
ASIC,Ategrity Specialty Insurance Co Holdings,0002040491,NYSE,2025-12-31,424339000,,74002000.0,1474313000,859454000.0,Revenues,,NetIncomeLoss,Assets,Liabilities,False,,2025-12-31,,2025-12-31,2025-12-31,2025-12-31,2025,2026-03-06,197,False,False,0,,,0.1743935862600421,0.5829521953615006,False,{'operating_income': '값 없음'},1.041
ASIX,AdvanSix Inc.,0001673985,NYSE,2021-12-31,1684625000,,139791000.0,1311999000,710809000.0,RevenueFromContractWithCustomerExcludingAssessedTax,,NetIncomeLoss,Assets,Liabilities,False,,2021-12-31,,2021-12-31,2021-12-31,2021-12-31,2021,2022-02-18,1658,True,False,0,,,0.08298048527120279,0.5417755653777175,False,{'operating_income': '값 없음'},1.447
ASLE,AerSale Corp,0001754170,Nasdaq,2025-12-31,335286000,15790000.0,8575000.0,640472000,216041000.0,RevenueFromContractWithCustomerExcludingAssessedTax,OperatingIncomeLoss,NetIncomeLoss,Assets,Liabilities,False,,2025-12-31,2025-12-31,2025-12-31,2025-12-31,2025-12-31,2025,2026-03-10,197,False,False,0,,0.047094122629635596,0.025575180592091528,0.33731529247180203,True,,1.276
ASMB,"ASSEMBLY BIOSCIENCES, INC.",0001426800,Nasdaq,2025-12-31,72303000,-12118000.0,-6122000.0,257590000,50839000.0,RevenueFromContractWithCustomerExcludingAssessedTax,OperatingIncomeLoss,NetIncomeLoss,Assets,Liabilities,False,,2025-12-31,2025-12-31,2025-12-31,2025-12-31,2025-12-31,2025,2026-03-19,197,False,False,0,,-0.16760023788777784,-0.08467145208359265,0.19736402810668116,True,,1.304
ASO,"Academy Sports & Outdoors, Inc.",0001817358,Nasdaq,2026-01-31,6053414000,512184000.0,376768000.0,5277036000,3105659000.0,RevenueFromContractWithCustomerExcludingAssessedTax,OperatingIncomeLoss,NetIncomeLoss,Assets,Liabilities,False,,2026-01-31,2026-01-31,2026-01-31,2026-01-31,2026-01-31,2025,2026-03-17,166,False,False,0,,0.0846107667507955,0.0622405802742056,0.5885233680422116,True,,1.09
ASPI,ASP Isotopes Inc.,0001921865,Nasdaq,2025-12-31,23849000,-59908000.0,-159843000.0,498020000,235122000.0,Revenues,OperatingIncomeLoss,NetIncomeLoss,Assets,Liabilities,False,,2025-12-31,2025-12-31,2025-12-31,2025-12-31,2025-12-31,2025,2026-04-10,197,False,False,0,,-2.511971151830265,-6.702293597215816,0.47211356973615515,True,,1.313
ASPN,ASPEN AEROGELS INC,0001145986,NYSE,2025-12-31,271103000,-378228000.0,-389552000.0,406679000,171161000.0,RevenueFromContractWithCustomerExcludingAssessedTax,OperatingIncomeLoss,NetIncomeLoss,Assets,Liabilities,False,,2025-12-31,2025-12-31,2025-12-31,2025-12-31,2025-12-31,2025,2026-03-23,197,False,False,0,,-1.395145018682936,-1.4369151208212376,0.4208749406780286,True,,1.173
ASPS,ALTISOURCE PORTFOLIO SOLUTIONS S.A.,0001462418,Nasdaq,2025-12-31,170975000,417000.0,1928000.0,139801000,250015000.0,RevenueFromContractWithCustomerExcludingAssessedTax,OperatingIncomeLoss,ProfitLoss,Assets,CALCULATED:LiabilitiesAndStockholdersEquity-StockholdersEquity,True,LiabilitiesAndEquity - Equity,2025-12-31,2025-12-31,2025-12-31,2025-12-31,2025-12-31,2025,2026-03-04,197,False,True,1,liabilities_exceed_assets,0.00243895306331335,0.011276502412633426,1.788363459488845,True,,1.482
ASPSW,ALTISOURCE PORTFOLIO SOLUTIONS S.A.,0001462418,Nasdaq,2025-12-31,170975000,417000.0,1928000.0,139801000,250015000.0,RevenueFromContractWithCustomerExcludingAssessedTax,OperatingIncomeLoss,ProfitLoss,Assets,CALCULATED:LiabilitiesAndStockholdersEquity-StockholdersEquity,True,LiabilitiesAndEquity - Equity,2025-12-31,2025-12-31,2025-12-31,2025-12-31,2025-12-31,2025,2026-03-04,197,False,True,1,liabilities_exceed_assets,0.00243895306331335,0.011276502412633426,1.788363459488845,True,,1.608
